priority,barcode,product,odoo_category,shopify_state,days_since_first_stocked,in_store_rev_30d_EGP,in_store_gp_30d_EGP,units_30d,stock_on_hand,stock_at_cost_EGP,wave
1,5056080624068,طقم عربه طفل ميوز Toffee,Various,NOT_IN_SHOPIFY,123,191241,50941,12,5,48880,"Wave 2 — in stock, existing range"
2,1066295831099,GB5596TB Backpack + lunch bag + pencil case 17'',School,ACTIVE_UNPUBLISHED,55,74100,19500,19,2,4789,"Wave 1 — in stock, new arrival"
3,1066247418099,GB5631-1 SCHOOL BAG,School,ACTIVE_UNPUBLISHED,47,61200,16105,18,1,2088,"Wave 1 — in stock, new arrival"
4,9325448246836,35457 SMASH علبه حفظ طعام غطاء فوشيا استانلس3 خانه 1.3 لتر,School,NOT_IN_SHOPIFY,26,61838,15667,35,1,1102,"Wave 1 — in stock, new arrival"
5,8364217982762,085/2025 دريفت كار شحن مساعدين,Toys (Consignment),NOT_IN_SHOPIFY,102,95675,14588,9,3,23112,"Wave 1 — in stock, new arrival"
6,1066247441099,GB5605 SCHOOL BAG,School,ACTIVE_UNPUBLISHED,47,54400,14316,16,1,2088,"Wave 1 — in stock, new arrival"
7,6223003247638,Tank BTL move 550ml cotton candy G.box,Various,ACTIVE_UNPUBLISHED,83,63036,13601,84,65,32343,"Wave 1 — in stock, new arrival"
8,1063674874099, 005 Backpack + Pencil Case + Lunch Bag 16 Inch,School,ACTIVE_UNPUBLISHED,45,51840,12974,26,1,1250,"Wave 1 — in stock, new arrival"
9,1066671725099,573373 Backpack Minecraft on Design 17 Inch,School,ACTIVE_UNPUBLISHED,5,55447,12388,25,9,13050,"Wave 1 — in stock, new arrival"
10,1052885708099,T996 17-inch Backpack - Black - Astronaut Mars,School,ACTIVE_UNPUBLISHED,45,66872,11469,33,3,4290,"Wave 1 — in stock, new arrival"
11,6223003247652,Tank BTL Move 550ml Sky Blue,School,ACTIVE_UNPUBLISHED,369,68942,15188,91,60,29860,"Wave 2 — in stock, existing range"
12,1053123630099,[1053123630099] Lunch Box 1.65L - Turquoise,School,ACTIVE_UNPUBLISHED,751,81576,14821,125,1,454,"Wave 2 — in stock, existing range"
13,1063674873099, 005 Backpack + Pencil Case + Lunch Bag 16 Inch,School,ACTIVE_UNPUBLISHED,45,43740,10868,22,1,1250,"Wave 1 — in stock, new arrival"
14,1053123629099,[1053123629099] Lunch Box 1.65L - Blue,School,ACTIVE_UNPUBLISHED,751,80652,14464,124,5,2270,"Wave 2 — in stock, existing range"
15,1053123631099,[1053123631099] Lunch Box 1.65L - Fuchsia,School,ACTIVE_UNPUBLISHED,751,77789,13768,120,1,454,"Wave 2 — in stock, existing range"
16,1052885723099,T996 17-inch Backpack - Gray - Spider,School,ACTIVE_UNPUBLISHED,45,55420,10004,27,1,1430,"Wave 1 — in stock, new arrival"
17,5902533929269,29269 I-GROW 2 PROi-Size grey,Baby Essentials (Consignment),NOT_IN_SHOPIFY,83,59250,9974,4,4,42000,"Wave 1 — in stock, new arrival"
18,1063674852099, 004 Backpack + Pencil Case + Lunch Bag 18 Inch,School,ACTIVE_UNPUBLISHED,45,37800,9758,18,4,5200,"Wave 1 — in stock, new arrival"
19,9325448243811,07959  SMASH علبه حفظ طعام 1.8 لتر استانلس روز,School,ACTIVE_UNPUBLISHED,26,38036,9694,30,3,2367,"Wave 1 — in stock, new arrival"
20,1052898362099,401 Lunch Bag + Pencil Case - Aqua - Stitch,School,ACTIVE_UNPUBLISHED,34,56244,9317,58,4,2760,"Wave 1 — in stock, new arrival"
21,8412497313815,31381 ستور علبة سلاطة  مربعة  بلاستيك  1810 مللي  MINECRAFT,Various,ACTIVE_UNPUBLISHED,20,30116,8990,34,2,1025,"Wave 1 — in stock, new arrival"
22,1066247423099,GB5693T SCHOOL BAG,School,ACTIVE_UNPUBLISHED,47,33600,8842,8,1,2579,"Wave 1 — in stock, new arrival"
23,1060154148099,H15102-Stainless Steel Water Bottle,School,ACTIVE_UNPUBLISHED,109,24090,8482,22,1,575,"Wave 1 — in stock, new arrival"
24,8412497317813,31781 ستور علبة سلاطة  مربعة  بلاستيك  1810 مللي  STITCH,Various,ACTIVE_UNPUBLISHED,20,28229,8359,32,2,1025,"Wave 1 — in stock, new arrival"
25,4002125506099,2681 لانش بوكس ستانلس Truck لبني*ازرق مقسم 750ML,School,ACTIVE_UNPUBLISHED,50,23597,8068,30,1,421,"Wave 1 — in stock, new arrival"
26,9325448243835,SMASH 07961 علبه حفظ طعام 1.8 لتر استالس ازرق,School,ACTIVE_UNPUBLISHED,26,30712,8003,24,1,789,"Wave 1 — in stock, new arrival"
27,1052885786099,16/18 Trolley - Navy,School,ACTIVE_UNPUBLISHED,45,50149,7990,60,8,4800,"Wave 1 — in stock, new arrival"
28,5902533929252,29252 I-GROW 2 PROi-Size black,Baby Essentials (Consignment),NOT_IN_SHOPIFY,83,45000,7974,3,2,21000,"Wave 1 — in stock, new arrival"
29,1068989290099,133-P-R Backpack 17 SMIGGLE  Purple,School,ACTIVE_UNPUBLISHED,13,35234,7707,16,1,1450,"Wave 1 — in stock, new arrival"
30,4002125504099,2681 لانش بوكس ستانلس Dinosaur Space كحلي*اورانج مقسم 750ML,School,ACTIVE_UNPUBLISHED,50,21597,7577,27,1,421,"Wave 1 — in stock, new arrival"
31,1068989280099,123-FOOTBALL Trolley Backpack TBG SMIGGLE  Black * Gold,School,NOT_IN_SHOPIFY,13,39132,7377,11,4,9800,"Wave 1 — in stock, new arrival"
32,9325448243842,07962 SMASH علبه حفظ طعام 1.8 لتر استالس لبنى,School,ACTIVE_UNPUBLISHED,26,29041,7327,23,1,789,"Wave 1 — in stock, new arrival"
33,9325448243828,07960 SMASH علبه حفظ طعام 1.8 لتر موف استانلس,School,ACTIVE_UNPUBLISHED,26,26985,7101,21,4,3156,"Wave 1 — in stock, new arrival"
34,5056080623887,عربة طاول فوزتركي - Raven,Baby Essentials,NOT_IN_SHOPIFY,76,26455,6962,1,3,48733,"Wave 1 — in stock, new arrival"
35,1063674895099, 07 Backpack + Pencil Case + Lunch Bag 16 Inch,School,ACTIVE_UNPUBLISHED,45,26746,6961,15,1,1100,"Wave 1 — in stock, new arrival"
36,1066671722099,468653 Backpack Football Design 17 Inch,School,ACTIVE_UNPUBLISHED,5,30997,6890,14,8,11600,"Wave 1 — in stock, new arrival"
37,6222026217512,"PB-7002 بى ريدى  شنطة    ظهر  16"" 3 سوستة  P-T BOY",School,ACTIVE_UNPUBLISHED,20,22728,6829,10,2,2622,"Wave 1 — in stock, new arrival"
38,1066295826099,GB5460TB Backpack + lunch bag + pencil case 17'',School,ACTIVE_UNPUBLISHED,55,101400,26684,26,0,0,"Wave 3 — needs reorder, new range"
39,1067850334099,[10678-6530] Kidilo Baby Stroller 6530 - Black,Baby Essentials,NOT_IN_SHOPIFY,371,32350,8978,4,1,4850,"Wave 2 — in stock, existing range"
40,1066295825099,GB5458TB Backpack + lunch bag + pencil case 18'',School,ACTIVE_UNPUBLISHED,55,99875,26283,25,0,0,"Wave 3 — needs reorder, new range"
41,6223001580256,[6223001580256] Afridi AA Pen Batteries Card 4pcs,Toys,NOT_IN_SHOPIFY,751,25766,8773,247,88,4927,"Wave 2 — in stock, existing range"
42,1063674906099,24-006 Trolley bag + pencil case,School,NOT_IN_SHOPIFY,45,25480,6251,7,7,16100,"Wave 1 — in stock, new arrival"
43,1052898263099,T995 -16-inch Backpack - Aqua - Stitch,School,ACTIVE_UNPUBLISHED,34,38950,6237,21,2,2660,"Wave 1 — in stock, new arrival"
44,1068575927099, K7 High chair Umbrella,Baby Essentials,NOT_IN_SHOPIFY,361,29070,8147,6,4,11053,"Wave 2 — in stock, existing range"
45,6222026217895,"MI-9010 بى ريدى لانش باج  طويل+ جراب زمزمية 14""   MINE CRAFT",School,ACTIVE_UNPUBLISHED,20,19485,5982,15,3,2222,"Wave 1 — in stock, new arrival"
46,1063674916099,24-009 Trolley bag + pencil case,School,NOT_IN_SHOPIFY,45,25116,5932,7,5,11500,"Wave 1 — in stock, new arrival"
47,1066295828099,GB5483TB Backpack + lunch bag + pencil case 17'',School,NOT_IN_SHOPIFY,55,89700,23605,23,0,0,"Wave 3 — needs reorder, new range"
48,1066295827099,GB5481TB Backpack + lunch bag + pencil case 17'',School,ACTIVE_UNPUBLISHED,55,85800,22579,22,0,0,"Wave 3 — needs reorder, new range"
49,6223003243784,tank bottle stainless steel  cold 650ml orange,Various,ACTIVE_UNPUBLISHED,433,35264,7543,47,29,14432,"Wave 2 — in stock, existing range"
50,2075354718099,5001-Backpack 18inch + waterproof Lunch Bag +Pencil Case,School (Consignment),ACTIVE_UNPUBLISHED,44,32700,5584,11,2,4200,"Wave 1 — in stock, new arrival"
51,4000185679099,494 ميدالية مائية,Various,NOT_IN_SHOPIFY,28,10246,5568,90,126,4788,"Wave 1 — in stock, new arrival"
52,1068575823099,129 كرسى طعام امبريلا Mastela-17Pro رمادى ,Baby Essentials,NOT_IN_SHOPIFY,39,17775,5461,3,2,7700,"Wave 1 — in stock, new arrival"
53,1053158481099,41685-Insulated Food Container 1.25L - Fuchsia,Various,ACTIVE_UNPUBLISHED,751,40819,7280,68,7,2937,"Wave 2 — in stock, existing range"
54,1066295840099,"GB5447TB Backpack + lunch bag + pencil case 16""",School,ACTIVE_UNPUBLISHED,55,81600,21474,24,0,0,"Wave 3 — needs reorder, new range"
55,1066295838099,GB5457TB Backpack + lunch bag + pencil case 18'',School,ACTIVE_UNPUBLISHED,55,79900,21026,20,0,0,"Wave 3 — needs reorder, new range"
56,1063674921099,A11 Trolley bag + pencil case+ Lunch Bag,School,ACTIVE_UNPUBLISHED,45,21942,5247,7,1,2000,"Wave 1 — in stock, new arrival"
57,1066247422099,GB5446TB SCHOOL BAG,School,ACTIVE_UNPUBLISHED,47,79200,20842,22,0,0,"Wave 3 — needs reorder, new range"
58,1066295830099,GB5482TB Backpack + lunch bag + pencil case 17'',School,ACTIVE_UNPUBLISHED,55,79347,20787,20,0,0,"Wave 3 — needs reorder, new range"
59,1068575821099,129 كرسى طعام امبريلا Mastela-17Pro اسود ,Baby Essentials,NOT_IN_SHOPIFY,39,17775,5106,3,6,21327,"Wave 1 — in stock, new arrival"
60,2075354721099,5004-Backpack 18inch + waterproof Lunch Bag +Pencil Case,School (Consignment),ACTIVE_UNPUBLISHED,44,29700,5053,10,3,6300,"Wave 1 — in stock, new arrival"
61,1052898366099,401 Lunch Bag + Pencil Case - Pink - P-R,School,NOT_IN_SHOPIFY,34,29353,5048,30,39,26910,"Wave 1 — in stock, new arrival"
62,0842591059841,0890267 زمزمية مياة فلامنجو FLAMINGO رقم SBV44 460ML,School (Consignment),ACTIVE_UNPUBLISHED,5,17987,4978,15,8,5760,"Wave 1 — in stock, new arrival"
63,8412497119233,"A-147 سميجل  شنطة  ظهر  16"" وش قطة اسود الوان",School,ACTIVE_UNPUBLISHED,20,17099,4969,8,1,1254,"Wave 1 — in stock, new arrival"
64,1066295839099,"GB5520TB Backpack + lunch bag + pencil case 16""",School,ACTIVE_UNPUBLISHED,55,75570,19684,23,0,0,"Wave 3 — needs reorder, new range"
65,1052885726099,T997 18.5-inch Backpack - Navy - Sonic,School,ACTIVE_UNPUBLISHED,45,29934,4838,14,1,1530,"Wave 1 — in stock, new arrival"
66,1052885732099,T997 18.5-inch Backpack - Black - Astronaut,School,ACTIVE_UNPUBLISHED,45,28186,4835,13,2,3060,"Wave 1 — in stock, new arrival"
67,5056080619439,Playard Allura 120 Shale,Various,NOT_IN_SHOPIFY,286,24750,6513,3,5,25329,"Wave 2 — in stock, existing range"
68,1053114748099,00524-زجاجة ستانلس ألوان بشاليموه 700 مل,Various,ACTIVE_UNPUBLISHED,51,26160,4791,22,1,825,"Wave 1 — in stock, new arrival"
69,8364217982889,عربية شحن 4*4 403/2026,Toys (Consignment),NOT_IN_SHOPIFY,32,29800,4784,2,2,21357,"Wave 1 — in stock, new arrival"
70,1068989268099,111-MINECRAFT Double Decker Lunch Bage  LB SMIGGLE Green * Black,School,ACTIVE_UNPUBLISHED,13,24902,4744,18,1,950,"Wave 1 — in stock, new arrival"
71,4002125486099,2555 A لانش بوكس 2 دور Dino اخضر*لبني+علبة صوص وشوكة وملعقه,School,ACTIVE_UNPUBLISHED,50,12806,4742,37,1,175,"Wave 1 — in stock, new arrival"
72,1052885787099,16/18 Trolley - Pink,School,ACTIVE_UNPUBLISHED,45,28627,4712,34,2,1200,"Wave 1 — in stock, new arrival"
73,6223003242480,tank bottle stainless steel  cold 650ml navy blue,School,ACTIVE_UNPUBLISHED,433,28122,6255,37,54,26874,"Wave 2 — in stock, existing range"
74,1066648653099,263135 Trolley Bag Football Design 18 Inch,School,ACTIVE_UNPUBLISHED,49,21328,4609,6,1,2350,"Wave 1 — in stock, new arrival"
75,5902533925155,25155 JOY² travel cot with accessories,Baby Essentials (Consignment),NOT_IN_SHOPIFY,83,26000,4607,2,5,45500,"Wave 1 — in stock, new arrival"
76,151204,Girls Sunglasses,Clothing (Consignment),NOT_IN_SHOPIFY,752,21468,6217,145,126,10962,"Wave 2 — in stock, existing range"
77,1052898265099,T995 -16-inch Backpack - Purple - M-M,School,ACTIVE_UNPUBLISHED,34,27930,4550,15,2,2660,"Wave 1 — in stock, new arrival"
78,1066671730099,468658 Backpack Football Design 17 Inch,School,ACTIVE_UNPUBLISHED,5,19847,4360,9,3,4350,"Wave 1 — in stock, new arrival"
79,1066247420099,GB5697T SCHOOL BAG,School,ACTIVE_UNPUBLISHED,47,64500,16974,15,0,0,"Wave 3 — needs reorder, new range"
80,9325448246829,35456  SMASH علبه حفظ طعام غطاء ازرق استانلس3 خانه 1.3 لتر,School,NOT_IN_SHOPIFY,26,64082,16533,36,0,0,"Wave 3 — needs reorder, new range"
81,1052554714012,100101199 Swim Robe,Clothing,NOT_IN_SHOPIFY,91,15392,4125,15,25,15628,"Wave 1 — in stock, new arrival"
82,796554841786,Monzafeed double digital breast,Baby Essentials,ACTIVE_UNPUBLISHED,751,22000,5548,4,1,3438,"Wave 2 — in stock, existing range"
83,1052885746099,T997 18.5-inch Backpack - Purple - Mermaid,School,NOT_IN_SHOPIFY,45,23816,4062,11,28,42840,"Wave 1 — in stock, new arrival"
84,0842591054594,0890261 زمزمية مياة أرنب B-Y رقم SBV44 460ML,School (Consignment),ACTIVE_UNPUBLISHED,5,14400,3992,12,12,8640,"Wave 1 — in stock, new arrival"
85,1064514992104,Grand Plus Bike - Red,Toys,NOT_IN_SHOPIFY,557,13825,5357,7,4,3869,"Wave 2 — in stock, existing range"
86,0842591056116,0890268 زمزمية مياة زرافة GIRAFFE رقم SBV44 460ML,School (Consignment),ACTIVE_UNPUBLISHED,5,14280,3886,12,12,8640,"Wave 1 — in stock, new arrival"
87,1052898269099,T995 -16-inch Backpack - Black - Mecha Warrior,School,ACTIVE_UNPUBLISHED,34,22610,3873,12,1,1330,"Wave 1 — in stock, new arrival"
88,1066671723099,557874 Backpack Football Design 17 Inch,School,ACTIVE_UNPUBLISHED,5,17617,3854,8,4,5800,"Wave 1 — in stock, new arrival"
89,1052885722099,T996 17-inch Backpack - Green/Black - Hulk's hand,School,NOT_IN_SHOPIFY,45,22290,3823,11,8,11440,"Wave 1 — in stock, new arrival"
90,4000182651099,007 علبة استك الوان,Clothing,NOT_IN_SHOPIFY,33,6856,3778,86,22,572,"Wave 1 — in stock, new arrival"
91,1053114747099,00524-زجاجة ستانلس ألوان بشاليموه 700 مل,Various,ACTIVE_UNPUBLISHED,51,21240,3777,18,1,825,"Wave 1 — in stock, new arrival"
92,5056080620107,Twin Air Stroller Pebble,Baby Essentials,NOT_IN_SHOPIFY,265,18685,4917,1,5,57366,"Wave 2 — in stock, existing range"
93,1053178386099,03965-31-BTS24 Lunch Box 1.5L - Mint,Various,NOT_IN_SHOPIFY,573,26740,4888,45,211,87065,"Wave 2 — in stock, existing range"
94,1068989278099,121-Gaming Design Double Decker Lunch Bag  LB SMIGGLE black,School,ACTIVE_UNPUBLISHED,13,18187,3603,13,1,950,"Wave 1 — in stock, new arrival"
95,1066247444099,GB5633 SCHOOL BAG,School,ACTIVE_UNPUBLISHED,47,54400,14316,17,0,0,"Wave 3 — needs reorder, new range"
96,8364217982812,535 بوسيت مون بيبى,Toys (Consignment),NOT_IN_SHOPIFY,102,24451,3567,5,6,21457,"Wave 1 — in stock, new arrival"
97,6222049709209,182204-PS2409-20L Flowers & Unicorns Bag,School (Consignment),ACTIVE_UNPUBLISHED,35,21589,3546,11,1,1399,"Wave 1 — in stock, new arrival"
98,1068989271099,114-M-M Trolley Backpack TBG SMIGGLE Purple*Pink,School,ACTIVE_UNPUBLISHED,13,71577,13787,20,0,0,"Wave 3 — needs reorder, new range"
99,1052898361099,401 Lunch Bag + Pencil Case - Navy - S-P,School,ACTIVE_UNPUBLISHED,34,20390,3396,21,1,690,"Wave 1 — in stock, new arrival"
100,0050116661111,Transformers & Cupcake,Toys,ACTIVE_UNPUBLISHED,751,13991,4554,352,1228,26930,"Wave 2 — in stock, existing range"
101,8412497083718,"624754 سميجل  شنطة  ظهر  16"" طباعة تطريز  STITCH",School,ACTIVE_UNPUBLISHED,20,41292,13426,20,0,0,"Wave 3 — needs reorder, new range"
102,8364217982672,[20036-A99615/2025] Mercedes Jumbo Electric Ride-On Car A99615/2025,Toys (Consignment),NOT_IN_SHOPIFY,322,29323,4508,2,2,21213,"Wave 2 — in stock, existing range"
103,0842591054549,0890275 زمزمية مياة يونى كورن UNICORN رقم SBV44 460ML,School (Consignment),ACTIVE_UNPUBLISHED,5,12000,3326,10,14,10080,"Wave 1 — in stock, new arrival"
104,4001068160099,5356 بوتي سلم,Baby Essentials,ACTIVE_UNPUBLISHED,25,9371,3270,11,1,450,"Wave 1 — in stock, new arrival"
105,1066247425099,GB5698 SCHOOL BAG,School,ACTIVE_UNPUBLISHED,47,49000,12895,14,0,0,"Wave 3 — needs reorder, new range"
106,1066247440099,GB5604 SCHOOL BAG,School,ACTIVE_UNPUBLISHED,47,49000,12895,14,0,0,"Wave 3 — needs reorder, new range"
107,4000185681099,702 محفظه بناتي,Various,NOT_IN_SHOPIFY,28,6066,3221,30,78,5460,"Wave 1 — in stock, new arrival"
108,1067885251099,[1067885251099] Kidilo Baby Stroller Trolley Handle with Winter Cover & Mosquito Net K20 - Grey,Baby Essentials,NOT_IN_SHOPIFY,475,14540,4271,2,1,4242,"Wave 2 — in stock, existing range"
109,8364217982800,[20036-16/2026] ADL 16-Inch Bicycle 16/2026,Toys (Consignment),NOT_IN_SHOPIFY,179,26600,4270,7,5,13617,"Wave 2 — in stock, existing range"
110,2073085631099,5168/996 اسكوتر 4 لون بالنور,Toys (Consignment),NOT_IN_SHOPIFY,43,13800,3135,4,4,8970,"Wave 1 — in stock, new arrival"
111,8364217982879,بوسيت مون بيبي G-K9,Baby Essentials (Consignment),NOT_IN_SHOPIFY,60,19876,3131,4,5,17881,"Wave 1 — in stock, new arrival"
112,1049858647031,RZ1 LED Flash Light Sneaker with Wheels & USB Charging,Clothing,NOT_IN_SHOPIFY,60,9800,3114,5,2,2193,"Wave 1 — in stock, new arrival"
113,8412497813773,"711776 سميجل  شنطة  ظهر  16""   S-P",School,ACTIVE_UNPUBLISHED,20,38802,12382,19,0,0,"Wave 3 — needs reorder, new range"
114,1071430904099,كورة كأس العالم NEW,Toys,NOT_IN_SHOPIFY,14,9972,3093,29,21,4095,"Wave 1 — in stock, new arrival"
115,1066295832099,GB5601TB Backpack + lunch bag + pencil case 17'',School,ACTIVE_UNPUBLISHED,55,46800,12316,12,0,0,"Wave 3 — needs reorder, new range"
116,1066247424099,GB5697 SCHOOL BAG,School,ACTIVE_UNPUBLISHED,47,46800,12316,13,0,0,"Wave 3 — needs reorder, new range"
117,5056080624167,كرسى طعام ميمز ريكلاين strata acorn wood,Baby Essentials,NOT_IN_SHOPIFY,39,11605,3054,1,6,42755,"Wave 1 — in stock, new arrival"
118,1066671729099,677881 Backpack Cats Design 17 Inch,School,ACTIVE_UNPUBLISHED,5,13380,3037,6,6,8700,"Wave 1 — in stock, new arrival"
119,1066671721099,165593 Backpack Boba Tea Pastel  Design 17 Inch,School,ACTIVE_UNPUBLISHED,5,13380,3037,6,6,8700,"Wave 1 — in stock, new arrival"
120,1066648630099,624754-2 Backpack Ninja Design 17 Inch,School,ACTIVE_UNPUBLISHED,49,12692,3033,6,1,1350,"Wave 1 — in stock, new arrival"
121,4001213545099,888-26-motor12*1استاند موتوسيكل,Various,NOT_IN_SHOPIFY,47,7568,2971,76,14,676,"Wave 1 — in stock, new arrival"
122,1066648622099,717821 Backpack Logo Design 17 Inch,School,ACTIVE_UNPUBLISHED,49,10995,2895,5,1,1350,"Wave 1 — in stock, new arrival"
123,4000182664099,597 استك الوان,Clothing,NOT_IN_SHOPIFY,33,5347,2891,72,144,3600,"Wave 1 — in stock, new arrival"
124,1068512213099,36-STROLLER UMbrella x 8 pro,Various,NOT_IN_SHOPIFY,13,12690,2882,2,3,12375,"Wave 1 — in stock, new arrival"
125,4001170612099,532 بوكس شخاليل 10 ق مينت,Baby Essentials,ACTIVE_UNPUBLISHED,21,7610,2879,22,2,345,"Wave 1 — in stock, new arrival"
126,1066671728099,579821 Backpack sweet Design 17 Inch,School,ACTIVE_UNPUBLISHED,5,13157,2841,6,6,8700,"Wave 1 — in stock, new arrival"
127,1066671724099,441170 Backpack Game on Design 17 Inch,School,ACTIVE_UNPUBLISHED,5,13157,2841,6,5,7250,"Wave 1 — in stock, new arrival"
128,1066247421099,GB5701T SCHOOL BAG,School,ACTIVE_UNPUBLISHED,47,43000,11316,10,0,0,"Wave 3 — needs reorder, new range"
129,1072186952099,1042 درفت 36فولت,Toys,NOT_IN_SHOPIFY,95,10715,2820,1,2,13158,"Wave 1 — in stock, new arrival"
130,4002125497099,7728 لانش بوكس ستانلس بالملعقه Smile كشمير*بينك,School,ACTIVE_UNPUBLISHED,50,7940,2820,21,1,197,"Wave 1 — in stock, new arrival"
131,1067825859099,[10678-LB100] Kidilo LB100 Baby Twin Stroller - Grey,Baby Essentials,NOT_IN_SHOPIFY,144,12995,3799,1,1,7600,"Wave 2 — in stock, existing range"
132,1063674851099, 004 Backpack + Pencil Case + Lunch Bag 18 Inch,School,ACTIVE_UNPUBLISHED,45,45360,11190,22,0,0,"Wave 3 — needs reorder, new range"
133,4001170626099,DHK-777 بوتي سلم لبني,Baby Essentials,NOT_IN_SHOPIFY,21,6800,2779,8,4,1593,"Wave 1 — in stock, new arrival"
134,1067885956099,[1067885956099] Belccoo Baby Stroller 311 - Grey,Baby Essentials,ACTIVE_UNPUBLISHED,636,12825,3750,3,1,2500,"Wave 2 — in stock, existing range"
135,1066648629099,579822 Backpack Unicorn Design 17 Inch,School,ACTIVE_UNPUBLISHED,49,12398,2775,6,1,1350,"Wave 1 — in stock, new arrival"
136,1068594521099,stroller umbrella easy move,Baby Essentials,NOT_IN_SHOPIFY,55,10000,2771,2,3,9451,"Wave 1 — in stock, new arrival"
137,1068989286099,129-M-I Backpack 17 SMIGGLE  Pink,School,ACTIVE_UNPUBLISHED,13,50621,11054,23,0,0,"Wave 3 — needs reorder, new range"
138,1060154149099,H15102-Stainless Steel Water Bottle,School,ACTIVE_UNPUBLISHED,109,31426,10892,29,0,0,"Wave 3 — needs reorder, new range"
139,1063674853099, 004 Backpack + Pencil Case + Lunch Bag 18 Inch,School,NOT_IN_SHOPIFY,45,10500,2711,5,28,36400,"Wave 1 — in stock, new arrival"
140,105042500,MAINTENANCE,Services,NOT_IN_SHOPIFY,711,16600,14561,3,0,0,"Wave 4 — needs reorder, older range"
141,1063674907099,24-007 Trolley bag + pencil case,School,NOT_IN_SHOPIFY,45,10920,2679,3,12,27600,"Wave 1 — in stock, new arrival"
142,6224002102256,Angels Baby Changing Underpads 60*50,Baby Essentials (Consignment),NOT_IN_SHOPIFY,564,16356,3603,38,36,10179,"Wave 2 — in stock, existing range"
143,8364217982814,K809 بوسيت مون بيبى,Toys (Consignment),NOT_IN_SHOPIFY,102,16575,2661,3,7,27717,"Wave 1 — in stock, new arrival"
144,0842591058349,0890266 زمزمية مياة فيل ELEPHANT رقم SBV44 460ML,School (Consignment),NOT_IN_SHOPIFY,5,9587,2649,8,16,11520,"Wave 1 — in stock, new arrival"
145,1071895875003,DK-10 Unisex Baby 2 Pack Short-Sleeve Bodysuit - White,Clothing,NOT_IN_SHOPIFY,77,7936,2609,34,368,47104,"Wave 1 — in stock, new arrival"
146,1052885761099,T5261 20-inch Backpack - Maroon/Black,School,ACTIVE_UNPUBLISHED,45,14650,2601,5,1,2050,"Wave 1 — in stock, new arrival"
147,4001170621099,HB-606 بانيو سيليكون بالمخده رمادي,Baby Essentials,NOT_IN_SHOPIFY,21,6489,2533,6,4,2106,"Wave 1 — in stock, new arrival"
148,1066671720099,672066 Backpack Unicorn Design 17 Inch,School,ACTIVE_UNPUBLISHED,5,11150,2531,5,7,10150,"Wave 1 — in stock, new arrival"
149,1066671726099,490562 Backpack Mini on Design 17 Inch,School,ACTIVE_UNPUBLISHED,5,11150,2531,5,19,27550,"Wave 1 — in stock, new arrival"
150,8364217982884,متوسيكل شحن تربو 406/2026,Toys (Consignment),NOT_IN_SHOPIFY,32,15600,2504,2,3,16770,"Wave 1 — in stock, new arrival"
151,1053831236099,طقم عقد الوان 312,Various,NOT_IN_SHOPIFY,43,6037,2495,20,60,8400,"Wave 1 — in stock, new arrival"
152,1003980927099,188 Onesie,Clothing,ACTIVE_UNPUBLISHED,21,9240,2494,12,12,5612,"Wave 1 — in stock, new arrival"
153,4000185673099,585 خصلة شعر ضفيرة حروف,Clothing,NOT_IN_SHOPIFY,28,4568,2489,46,14,462,"Wave 1 — in stock, new arrival"
154,1043635484099,A187 Steak white,School,NOT_IN_SHOPIFY,48,4835,2477,49,1,36,"Wave 1 — in stock, new arrival"
155,1068989258099,101-SONIC Classic Backpack 17 SMIGGLE  blue,School,ACTIVE_UNPUBLISHED,13,44290,9851,20,0,0,"Wave 3 — needs reorder, new range"
156,1063674868099, 005 Backpack + Pencil Case + Lunch Bag 16 Inch,School,ACTIVE_UNPUBLISHED,45,38272,9822,19,0,0,"Wave 3 — needs reorder, new range"
157,2073812191099,DB1-3-سكوتر للأطفال بثلاثة مستويات وعجلات مضيئة وموسيقى فيراري,Toys (Consignment),DRAFT,27,10794,2452,6,1,1169,"Wave 1 — in stock, new arrival"
158,1043635486099,A257 Steak white,School,NOT_IN_SHOPIFY,48,4740,2430,48,5,180,"Wave 1 — in stock, new arrival"
159,1068989266099,"109-MINECRAFT Backpack ""17 SMIGGLE Green * Black",School,ACTIVE_UNPUBLISHED,13,44119,9701,20,0,0,"Wave 3 — needs reorder, new range"
160,4000182647099,664-8-2 بندانه اطفال عريضة,Clothing,NOT_IN_SHOPIFY,33,4383,2424,49,95,2755,"Wave 1 — in stock, new arrival"
161,1053831237099,طقم عقد قلوب 313,Various,NOT_IN_SHOPIFY,43,5710,2399,18,116,16820,"Wave 1 — in stock, new arrival"
162,6975685678414,ZC-AC-10-Kids Stickers,School,NOT_IN_SHOPIFY,109,6339,2381,161,245,4839,"Wave 1 — in stock, new arrival"
163,4000157027099,C655-استك شعر بناتي ابيض,School,NOT_IN_SHOPIFY,36,4289,2380,79,2,35,"Wave 1 — in stock, new arrival"
164,6975354492174,HY-U-Kids Stickers,School,NOT_IN_SHOPIFY,109,7213,2369,182,208,4524,"Wave 1 — in stock, new arrival"
165,1052885707099,T996 17-inch Backpack - Orange/Navy - Spider,School,ACTIVE_UNPUBLISHED,45,14110,2368,7,1,1430,"Wave 1 — in stock, new arrival"
166,4000185672099,585 خصلة شعر ضفيرة نجوم,Clothing,NOT_IN_SHOPIFY,28,4318,2336,44,16,528,"Wave 1 — in stock, new arrival"
167,8412497880454,"214813 سميجل  شنطة  ظهر  14"" حبل مجدول  M-O",School,ACTIVE_UNPUBLISHED,20,31601,9315,19,0,0,"Wave 3 — needs reorder, new range"
168,1063674872099, 005 Backpack + Pencil Case + Lunch Bag 16 Inch,School,ACTIVE_UNPUBLISHED,45,37665,9290,19,0,0,"Wave 3 — needs reorder, new range"
169,4000182665099,596 استك الوان,Clothing,NOT_IN_SHOPIFY,33,4175,2312,60,84,1890,"Wave 1 — in stock, new arrival"
170,1068989270099,113-M-M Backpack 17 SMIGGLE Purple*Pink,School,ACTIVE_UNPUBLISHED,13,41924,9225,19,0,0,"Wave 3 — needs reorder, new range"
171,1063674900099, 07 Backpack + Pencil Case + Lunch Bag 16 Inch,School,ACTIVE_UNPUBLISHED,45,36798,9179,21,0,0,"Wave 3 — needs reorder, new range"
172,1050415499099,[10504-15712] Kids Drift Car New 15712 - Yellow Skulls,Toys,NOT_IN_SHOPIFY,165,11735,3091,1,1,7202,"Wave 2 — in stock, existing range"
173,1043635514099,A148 Steak white,School,NOT_IN_SHOPIFY,48,4591,2287,58,2,60,"Wave 1 — in stock, new arrival"
174,1043635516099,A217 Steak white,School,NOT_IN_SHOPIFY,48,4540,2273,57,3,90,"Wave 1 — in stock, new arrival"
175,1050495727099,احمرAV هوفر بورد 10,Toys,NOT_IN_SHOPIFY,15,8550,2250,1,2,10500,"Wave 1 — in stock, new arrival"
176,1068989288099,131-Unicorn Backpack 17 SMIGGLE  Purple,School,ACTIVE_UNPUBLISHED,13,39917,8915,18,0,0,"Wave 3 — needs reorder, new range"
177,2073812193099,DB1-32-سكوتر أطفال بثلاثة مستويات وعجلات مضيئة وموسيقى وإضاءة,Toys (Consignment),DRAFT,27,10875,2227,6,1,1219,"Wave 1 — in stock, new arrival"
178,0764460727159,Granzia Bambino Rosefeed Electric Breast Pump,Adults,ACTIVE_UNPUBLISHED,692,12760,2989,3,1,2735,"Wave 2 — in stock, existing range"
179,4000185678099,262 ميدالية ارنب,Various,NOT_IN_SHOPIFY,28,4118,2206,29,7,340,"Wave 1 — in stock, new arrival"
180,8412497462469,"708749 سميجل  شنطة  ظهر  14""   S-P",School,ACTIVE_UNPUBLISHED,20,29902,8793,18,0,0,"Wave 3 — needs reorder, new range"
181,1043635477099,A274 Steak navy,School,NOT_IN_SHOPIFY,48,4250,2180,43,11,396,"Wave 1 — in stock, new arrival"
182,5056080620671,عربة بطل فنيش - Ebony,Baby Essentials,NOT_IN_SHOPIFY,76,32525,8559,1,0,0,"Wave 3 — needs reorder, new range"
183,4000156985099,c700-علبة استك اسود,School,NOT_IN_SHOPIFY,36,3880,2130,49,18,468,"Wave 1 — in stock, new arrival"
184,2073870598099,RG-1117-1PP باتيناج 4 عجلات الوان متعدده مقاس (S),Toys (Consignment),ACTIVE_UNPUBLISHED,116,9093,2066,7,2,1689,"Wave 1 — in stock, new arrival"
185,1060134711099,نوتة اشكال  BC-202,School,NOT_IN_SHOPIFY,83,5978,2054,110,73,2117,"Wave 1 — in stock, new arrival"
186,6222049767124,182503-P09-DZ26 Bluish Mint green Double Zipper Pincel case 2L,School (Consignment),NOT_IN_SHOPIFY,35,11905,2054,15,6,3356,"Wave 1 — in stock, new arrival"
187,1071445615099,12351- كورة قدم  Extra,Toys,NOT_IN_SHOPIFY,18,7158,2049,18,72,16920,"Wave 1 — in stock, new arrival"
188,1043635479099,A72 Steak white,School,NOT_IN_SHOPIFY,48,3960,2034,40,5,180,"Wave 1 — in stock, new arrival"
189,1043635485099,A275 Steak navy,School,NOT_IN_SHOPIFY,48,4097,2026,49,9,288,"Wave 1 — in stock, new arrival"
190,1043635521099,A210 Steak white,School,NOT_IN_SHOPIFY,48,4054,2020,48,12,384,"Wave 1 — in stock, new arrival"
191,1052554717006,100100542 Swim Robe,Clothing,NOT_IN_SHOPIFY,91,7280,2010,7,64,40006,"Wave 1 — in stock, new arrival"
192,1052570262012,100101240 Swim Robe,Clothing,NOT_IN_SHOPIFY,111,7280,2010,7,18,11252,"Wave 1 — in stock, new arrival"
193,4000185676099,586 خصلة شعر ضفيرة موف خرز,Clothing,NOT_IN_SHOPIFY,28,3670,1998,37,23,759,"Wave 1 — in stock, new arrival"
194,0842591059124,0890270 زمزمية مياة قنديل البحر JELLY FISH رقم BV44 460ML,School (Consignment),ACTIVE_UNPUBLISHED,5,7200,1996,6,18,12960,"Wave 1 — in stock, new arrival"
195,6974363241100,C3-E2-Kids Stickers,School,NOT_IN_SHOPIFY,109,5471,1994,158,308,5467,"Wave 1 — in stock, new arrival"
196,1049858652036,RZ1 LED Flash Light Sneaker with Wheels & USB Charging,Clothing,NOT_IN_SHOPIFY,60,6000,1974,3,1,1096,"Wave 1 — in stock, new arrival"
197,2073995873099,مشاية اطفال 017,Baby Essentials (Consignment),NOT_IN_SHOPIFY,33,11100,1967,6,1,1295,"Wave 1 — in stock, new arrival"
198,2073812194099,DB1-32-سكوتر أطفال بثلاثة مستويات وعجلات مضيئة وموسيقى وإضاءة,Toys (Consignment),DRAFT,27,9188,1965,5,2,2438,"Wave 1 — in stock, new arrival"
199,6941925684637,YHQ-044-Kids Stickers,School,NOT_IN_SHOPIFY,109,5696,1956,128,137,3254,"Wave 1 — in stock, new arrival"
200,540032807999,[540032807999] SW22 Swing,Toys,ACTIVE_UNPUBLISHED,751,11850,2639,3,8,20743,"Wave 2 — in stock, existing range"
201,8364217982815,K10G بوسيت مون بيبى,Toys (Consignment),NOT_IN_SHOPIFY,102,14355,1950,3,4,14190,"Wave 1 — in stock, new arrival"
202,1060254104099,لانش بوكس روز كلبس بنفسجى 2.1 لتر 2.1L Lunch Box with Tray - Pink - Purple Clips,Various,NOT_IN_SHOPIFY,40,8084,1940,27,33,6296,"Wave 1 — in stock, new arrival"
203,4000182650099,589 علبة استك,Clothing,NOT_IN_SHOPIFY,33,3603,1935,35,1,35,"Wave 1 — in stock, new arrival"
204,1066247419099,GB5694T SCHOOL BAG,School,ACTIVE_UNPUBLISHED,47,29400,7737,7,0,0,"Wave 3 — needs reorder, new range"
205,1043635525099,A216 Steak white,School,NOT_IN_SHOPIFY,48,3871,1925,49,11,330,"Wave 1 — in stock, new arrival"
206,1052554715014,100101199 Swim Robe,Clothing,NOT_IN_SHOPIFY,91,7176,1919,7,30,18753,"Wave 1 — in stock, new arrival"
207,4000185680099,497 ميدالية اشكال,Various,NOT_IN_SHOPIFY,28,3500,1910,20,16,928,"Wave 1 — in stock, new arrival"
208,4000185675099,584 خصلة شعر,Clothing,NOT_IN_SHOPIFY,28,3414,1893,49,11,248,"Wave 1 — in stock, new arrival"
209,000150007800280,N00078Gift clothes box,Clothing (Consignment),ACTIVE_UNPUBLISHED,313,11794,2550,6,4,5197,"Wave 2 — in stock, existing range"
210,8412497337774,110576 سميجل  لانش باج   2 سوستة مطبوع  STITCH,School,ACTIVE_UNPUBLISHED,20,24551,7463,19,0,0,"Wave 3 — needs reorder, new range"
211,1066648667099,165552  Lunch Bag Space and Planets   Design,School,NOT_IN_SHOPIFY,49,8908,1864,7,3,2550,"Wave 1 — in stock, new arrival"
212,8364217982817,بوسيت مون بيبي 6600 بالشنطه,Baby Essentials (Consignment),NOT_IN_SHOPIFY,60,11600,1862,2,1,4157,"Wave 1 — in stock, new arrival"
213,8364217982674,[20036-9970/2025] BMW Racing Electric Ride-On Car 9970/2025,Toys (Consignment),NOT_IN_SHOPIFY,299,15500,2488,1,2,22217,"Wave 2 — in stock, existing range"
214,4000185677099,587 خصلة شعر ضفيرة,Clothing,NOT_IN_SHOPIFY,28,3332,1843,48,12,270,"Wave 1 — in stock, new arrival"
215,4000185674099,579 خصلة شعر ضفيرة موف,Clothing,NOT_IN_SHOPIFY,28,3312,1832,37,23,667,"Wave 1 — in stock, new arrival"
216,1066671719099,717195 Backpack Barbie Design 17 Inch,School,ACTIVE_UNPUBLISHED,5,8697,1829,4,8,11600,"Wave 1 — in stock, new arrival"
217,2071996911099,6530 BABY TROLLEY,Baby Essentials (Consignment),NOT_IN_SHOPIFY,123,43400,9855,5,0,0,"Wave 4 — needs reorder, older range"
218,8364217982813,K919 بوسيت مون بيبى,Baby Essentials (Consignment),NOT_IN_SHOPIFY,102,11300,1814,2,7,28344,"Wave 1 — in stock, new arrival"
219,8364217982816,بوسيت مون بيبي 6600F,Baby Essentials (Consignment),NOT_IN_SHOPIFY,60,11300,1814,2,2,8098,"Wave 1 — in stock, new arrival"
220,1049858644034,RZ1 LED Flash Light Sneaker with Wheels & USB Charging,Clothing,NOT_IN_SHOPIFY,60,5800,1798,3,1,1096,"Wave 1 — in stock, new arrival"
221,1043635515099,A297 Steak white,School,NOT_IN_SHOPIFY,48,3498,1788,32,28,1120,"Wave 1 — in stock, new arrival"
222,3800166116679,16679-CAR SEAT IMOLA BLACK i-Size 40-150 CM ISOFIX 360 ,Toys (Consignment),NOT_IN_SHOPIFY,237,13500,2392,1,6,56700,"Wave 2 — in stock, existing range"
223,8364217982887,عربية شحن جيب 402/2026,Toys (Consignment),NOT_IN_SHOPIFY,32,10990,1764,1,3,23628,"Wave 1 — in stock, new arrival"
224,1060134707099,نوتة سلك اشكال 2ق / كارت  SC-288-1,School,NOT_IN_SHOPIFY,83,5203,1759,51,90,4950,"Wave 1 — in stock, new arrival"
225,1023295251025,26131 Sneakers,Clothing,NOT_IN_SHOPIFY,95,5320,1754,8,24,8737,"Wave 1 — in stock, new arrival"
226,4001269278099,6004 Magical activity walker pink,Baby Essentials,ACTIVE_UNPUBLISHED,33,19898,7016,20,0,0,"Wave 3 — needs reorder, new range"
227,4000182671099,568 استك شعر بناتي,Clothing,NOT_IN_SHOPIFY,33,3225,1749,54,90,1800,"Wave 1 — in stock, new arrival"
228,1053178343099,21467-Mini Bites 3-Container Set 130ml,Various,NOT_IN_SHOPIFY,573,12919,2358,30,3,897,"Wave 2 — in stock, existing range"
229,5056080615998,أى- تشاب بوستر Shale,Various,NOT_IN_SHOPIFY,123,7540,2347,2,1,2133,"Wave 2 — in stock, existing range"
230,1043635478099,A264 Steak navy,School,NOT_IN_SHOPIFY,48,3475,1736,41,8,256,"Wave 1 — in stock, new arrival"
231,1052885734099,T997 18.5-inch Backpack - Black - Basketball,School,ACTIVE_UNPUBLISHED,45,39297,6931,18,0,0,"Wave 3 — needs reorder, new range"
232,1068525798099,X 7-srtoller umbrella  X 7,Baby Essentials,NOT_IN_SHOPIFY,144,7615,2338,1,1,4342,"Wave 2 — in stock, existing range"
233,8888021310818,[10006-11] Energizer Power AA Pen Batteries Card (3+1),Various,NOT_IN_SHOPIFY,179,7316,2335,39,21,2198,"Wave 2 — in stock, existing range"
234,1068512211099,70-طقم X5R,Various,NOT_IN_SHOPIFY,13,7615,1730,1,4,19800,"Wave 1 — in stock, new arrival"
235,2073812215099,MG-03M-سكوتر ميكرو شخصيات 3 مستويات,Toys (Consignment),NOT_IN_SHOPIFY,27,7495,1703,5,4,3897,"Wave 1 — in stock, new arrival"
236,1043635520099,A303 Steak white,School,NOT_IN_SHOPIFY,48,3406,1698,43,17,510,"Wave 1 — in stock, new arrival"
237,6223018170594,"Tank Tritan - Printed, 525ml Construction Black",Various,NOT_IN_SHOPIFY,54,7470,1690,41,6,712,"Wave 1 — in stock, new arrival"
238,1043672703099,N224 boys sunglasses,Clothing,NOT_IN_SHOPIFY,127,5336,2281,12,24,4800,"Wave 2 — in stock, existing range"
239,1052885767099,T5262 20-inch Backpack - Maroon/Black,School,ACTIVE_UNPUBLISHED,45,40389,6729,14,0,0,"Wave 3 — needs reorder, new range"
240,1053125149099,00520-Stainless Steel Bottle 600ml - Petroleum Blue,School,ACTIVE_UNPUBLISHED,756,11880,2268,9,22,19929,"Wave 2 — in stock, existing range"
241,2015941844099,"Set Backpack 14""+PC+LB",School (Consignment),ACTIVE_UNPUBLISHED,48,9450,1674,7,2,1890,"Wave 1 — in stock, new arrival"
242,201067,WATCH 350,Various (Consignment),NOT_IN_SHOPIFY,751,7665,2258,22,94,19082,"Wave 2 — in stock, existing range"
243,0842591054907,0890264 زمزمية مياة ديناصور DINSAUR رقم SBV44 460ML,School (Consignment),ACTIVE_UNPUBLISHED,5,6000,1663,5,19,13680,"Wave 1 — in stock, new arrival"
244,0842591058813,0890269 زمزمية مياة حصان HORSE رقم SBV44 460ML,School (Consignment),ACTIVE_UNPUBLISHED,5,6000,1663,5,19,13680,"Wave 1 — in stock, new arrival"
245,4001170623099,HB-606 بانيو سيليكون بالمخده بينك,Baby Essentials,NOT_IN_SHOPIFY,21,4290,1657,4,5,2633,"Wave 1 — in stock, new arrival"
246,8412497200856,"716704 سميجل  شنطة  ظهر  16"" حبل مجدول  M-O",School,ACTIVE_UNPUBLISHED,20,20542,6622,10,0,0,"Wave 3 — needs reorder, new range"
247,1060154199099,YY-8302-Plastic Water Bottle,School,ACTIVE_UNPUBLISHED,109,4771,1655,11,1,230,"Wave 1 — in stock, new arrival"
248,1071471054099,5736 شنطة هدايا D-N مقاس XL,Toys,NOT_IN_SHOPIFY,60,4948,1645,77,52,1820,"Wave 1 — in stock, new arrival"
249,1043635549099,A21 Steak white,School,NOT_IN_SHOPIFY,48,3267,1642,51,6,144,"Wave 1 — in stock, new arrival"
250,4000182666099,572 استك شعر بناتي,Clothing,NOT_IN_SHOPIFY,33,2948,1641,54,54,945,"Wave 1 — in stock, new arrival"
251,3800166116372,"16372CAR SEAT RODEO GREY 40-150CM ISOFIX, 360",Baby Essentials (Consignment),NOT_IN_SHOPIFY,302,12500,2215,1,3,26250,"Wave 2 — in stock, existing range"
252,201069,NW285 Sunglasses,Various (Consignment),NOT_IN_SHOPIFY,751,7610,2212,27,57,9422,"Wave 2 — in stock, existing range"
253,2073812126099,07330-كرسى طعام قابل للطي فاخر ومريح,Toys (Consignment),NOT_IN_SHOPIFY,27,7179,1620,4,1,1169,"Wave 1 — in stock, new arrival"
254,4000182680099,571 استك شعر بناتي,Clothing,NOT_IN_SHOPIFY,33,2944,1614,43,65,1462,"Wave 1 — in stock, new arrival"
255,8412497002788,"677881 سميجل  شنطة  ظهر  16"" وش ارنب اذن مجسمة روز",School,ACTIVE_UNPUBLISHED,20,20335,6440,10,0,0,"Wave 3 — needs reorder, new range"
256,1043635522099,A280 Steak white,School,NOT_IN_SHOPIFY,48,3174,1608,49,11,264,"Wave 1 — in stock, new arrival"
257,4001254742099,2517-16-كورة قدم كأس العالم في علبة,Various,ACTIVE_UNPUBLISHED,48,18014,6394,33,0,0,"Wave 3 — needs reorder, new range"
258,6981428325484,XT-013-Kids Stickers,School,NOT_IN_SHOPIFY,109,4715,1588,237,918,9868,"Wave 1 — in stock, new arrival"
259,1068525808099,k 5-high chair umbrella k 5,Baby Essentials,NOT_IN_SHOPIFY,144,7742,2143,2,2,4649,"Wave 2 — in stock, existing range"
260,1043672702099,N226 boys sunglasses,Clothing,NOT_IN_SHOPIFY,127,4897,2136,12,28,5040,"Wave 2 — in stock, existing range"
261,8364217982894,بلازما كار سمبل 3962/2026,Toys (Consignment),NOT_IN_SHOPIFY,32,10620,1576,6,9,11610,"Wave 1 — in stock, new arrival"
262,1067850660099,[1067850660099] Kidilo Baby Stroller Trolley Handle with Winter Cover & Mosquito Net K20 - Black,Baby Essentials,NOT_IN_SHOPIFY,516,7270,2127,1,3,12750,"Wave 2 — in stock, existing range"
263,2073812214099,MG-03M-سكوتر ميكرو شخصيات 3 مستويات,Toys (Consignment),NOT_IN_SHOPIFY,27,7345,1571,5,12,11692,"Wave 1 — in stock, new arrival"
264,4001269299099,2214A بوسيت عروسة معدن سرير ك,Toys,ACTIVE_UNPUBLISHED,33,4290,1570,4,3,1645,"Wave 1 — in stock, new arrival"
265,2073085630099,5168/996 اسكوتر 4 لون بالنور,Toys (Consignment),NOT_IN_SHOPIFY,43,6900,1568,2,6,13455,"Wave 1 — in stock, new arrival"
266,1052885747099,T5251 20-inch Backpack - Purple,School,ACTIVE_UNPUBLISHED,45,35160,6242,12,0,0,"Wave 3 — needs reorder, new range"
267,8058664153749,ببرونه ناتيورال  فيدنج روز 330 مل,Baby Essentials,DRAFT,123,6920,2107,10,25,10289,"Wave 2 — in stock, existing range"
268,1043635530099,A286 Steak navy,School,NOT_IN_SHOPIFY,48,3088,1557,48,12,288,"Wave 1 — in stock, new arrival"
269,2015941843099,"Set Backpack 14""+PC+LB",School (Consignment),ACTIVE_UNPUBLISHED,48,9315,1556,7,1,945,"Wave 1 — in stock, new arrival"
270,1068535485099,818-1 Twins Stroller Tandem ,Baby Essentials,NOT_IN_SHOPIFY,321,7615,2088,1,3,13026,"Wave 2 — in stock, existing range"
271,8364217982818,بوسيت مون بيبي K8 PRO,Baby Essentials (Consignment),NOT_IN_SHOPIFY,60,9600,1541,2,5,17200,"Wave 1 — in stock, new arrival"
272,1023295248022,26131 Sneakers,Clothing,NOT_IN_SHOPIFY,95,4655,1535,7,22,8009,"Wave 1 — in stock, new arrival"
273,201057,Watch 195,Various (Consignment),NOT_IN_SHOPIFY,641,6981,2052,36,50,5655,"Wave 2 — in stock, existing range"
274,1066671731099,919256 Backpack Football Design 17 Inch,School,ACTIVE_UNPUBLISHED,5,6690,1518,3,9,13050,"Wave 1 — in stock, new arrival"
275,1043635542099,A316 Steak navy,School,NOT_IN_SHOPIFY,48,2976,1507,46,4,96,"Wave 1 — in stock, new arrival"
276,2071996914099,6530PRO BABY TROLLEY,Baby Essentials (Consignment),NOT_IN_SHOPIFY,123,8945,2032,1,1,5814,"Wave 2 — in stock, existing range"
277,6223018170662,"Tank Tritan - Printed,800ml Candy Pink",Various,ACTIVE_UNPUBLISHED,54,7144,1503,31,3,461,"Wave 1 — in stock, new arrival"
278,1043635507099,A273 Steak navy,School,NOT_IN_SHOPIFY,48,2963,1495,46,7,168,"Wave 1 — in stock, new arrival"
279,1071895874099,DK-10 Unisex Baby 2 Pack Short-Sleeve Bodysuit - White,Clothing,NOT_IN_SHOPIFY,77,4465,1485,19,371,47488,"Wave 1 — in stock, new arrival"
280,1053830836099,طقم عقد كرة الوان 309,Various,NOT_IN_SHOPIFY,92,3499,1469,10,75,12000,"Wave 1 — in stock, new arrival"
281,1052898267099,T995 -16-inch Backpack - Purple - F-Z E-L,School,ACTIVE_UNPUBLISHED,34,32300,5723,17,0,0,"Wave 3 — needs reorder, new range"
282,1043635494099,A289 Steak white,School,NOT_IN_SHOPIFY,48,2815,1429,52,6,120,"Wave 1 — in stock, new arrival"
283,8412497004232,"315056 سميجل  شنطة  ظهر  16"" نجمة روز جليتر اسود",School,ACTIVE_UNPUBLISHED,20,19351,5690,9,0,0,"Wave 3 — needs reorder, new range"
284,1043635551099,A182 Steak white,School,NOT_IN_SHOPIFY,48,2840,1411,36,18,540,"Wave 1 — in stock, new arrival"
285,1060154213099,95518-Plastic Water Bottle,School,ACTIVE_UNPUBLISHED,109,4088,1408,11,1,198,"Wave 1 — in stock, new arrival"
286,8364217982899,عجلة صغيرة 3 أسبيدرمان 994/2026,Toys (Consignment),NOT_IN_SHOPIFY,32,8750,1405,5,4,5017,"Wave 1 — in stock, new arrival"
287,1043635504099,A262 Steak white,School,NOT_IN_SHOPIFY,48,2772,1399,43,11,264,"Wave 1 — in stock, new arrival"
288,1043635473099,A294 Sortit white,School,NOT_IN_SHOPIFY,48,2784,1392,35,12,360,"Wave 1 — in stock, new arrival"
289,4000156996099,B651-تيك تاك *مشبك كحلي ,School,NOT_IN_SHOPIFY,36,2576,1391,31,3,84,"Wave 1 — in stock, new arrival"
290,1003937073005,6601 UnderShirt,Clothing,NOT_IN_SHOPIFY,502,9612,1871,54,170,20655,"Wave 2 — in stock, existing range"
291,1063674920099,A11 Trolley bag + pencil case+ Lunch Bag,School,ACTIVE_UNPUBLISHED,45,22260,5526,7,0,0,"Wave 3 — needs reorder, new range"
292,1043635506099,A246 Sortit navy,School,NOT_IN_SHOPIFY,48,2769,1379,35,18,540,"Wave 1 — in stock, new arrival"
293,1068525790099,Phuket Umbrella Stroller - Phuket,Baby Essentials,NOT_IN_SHOPIFY,144,7310,1857,1,2,9111,"Wave 2 — in stock, existing range"
294,4001213536099,2153-5-استاند اسكوشى رجل قطه ص 16*1,Various,NOT_IN_SHOPIFY,47,3608,1375,68,16,421,"Wave 1 — in stock, new arrival"
295,1053830837099,سلسلة ستانلس 310,Various,NOT_IN_SHOPIFY,92,3341,1371,13,63,7560,"Wave 1 — in stock, new arrival"
296,8412497006762,"851278 سميجل  شنطة  ظهر  14"" وش قطة رجل بارزة",School,ACTIVE_UNPUBLISHED,20,18567,5459,10,0,0,"Wave 3 — needs reorder, new range"
297,1053830835099,طقم عقد ارنب 308,Various,NOT_IN_SHOPIFY,92,3190,1348,10,77,11165,"Wave 1 — in stock, new arrival"
298,4000585414099,8104 Mastela Boys Swing 3x1,Toys,ACTIVE_UNPUBLISHED,278,20000,7278,4,0,0,"Wave 4 — needs reorder, older range"
299,1068525799099,fasat move-stroller umbrella fasat move,Baby Essentials,NOT_IN_SHOPIFY,144,7306,1818,1,2,9181,"Wave 2 — in stock, existing range"
300,4001068154099,08015 مرجيحه ماستيلا 3*1 تاتش بيج,Baby Essentials,ACTIVE_UNPUBLISHED,25,16050,5379,3,0,0,"Wave 3 — needs reorder, new range"
301,8412497781850,"717195 سميجل  شنطة  ظهر  16"" كتابة لميع  B-R",School,ACTIVE_UNPUBLISHED,20,17791,5348,9,0,0,"Wave 3 — needs reorder, new range"
302,1043672701099,N225 boys sunglasses,Clothing,NOT_IN_SHOPIFY,127,4108,1804,10,29,5220,"Wave 2 — in stock, existing range"
303,1060154154099,H10329-Plastic Water Bottle,School,ACTIVE_UNPUBLISHED,109,3800,1333,8,1,250,"Wave 1 — in stock, new arrival"
304,0842591056086,0890272 زمزمية مياة بطريق PENGUIN رقم SBV44 460ML,School (Consignment),ACTIVE_UNPUBLISHED,5,4800,1331,4,20,14400,"Wave 1 — in stock, new arrival"
305,1060154147099,H15102-Stainless Steel Water Bottle,School,ACTIVE_UNPUBLISHED,109,15220,5301,14,0,0,"Wave 3 — needs reorder, new range"
306,1043635496099,A256 Sortit white,School,NOT_IN_SHOPIFY,48,2672,1324,34,23,690,"Wave 1 — in stock, new arrival"
307,0842591058318,0890263 زمزمية مياة بقرة COW رقم SBV44 460ML,School (Consignment),ACTIVE_UNPUBLISHED,5,4787,1319,4,20,14400,"Wave 1 — in stock, new arrival"
308,1043635526099,A116 Steak white,School,NOT_IN_SHOPIFY,48,2540,1316,57,3,48,"Wave 1 — in stock, new arrival"
309,4000157028099,C513-مشبك ابيض,School,NOT_IN_SHOPIFY,36,2372,1316,34,11,248,"Wave 1 — in stock, new arrival"
310,1049858648032,RZ1 LED Flash Light Sneaker with Wheels & USB Charging,Clothing,NOT_IN_SHOPIFY,60,4000,1316,2,5,5482,"Wave 1 — in stock, new arrival"
311,1049858641031,RZ1 LED Flash Light Sneaker with Wheels & USB Charging,Clothing,NOT_IN_SHOPIFY,60,4000,1316,2,2,2193,"Wave 1 — in stock, new arrival"
312,4001170620099,HB-606 بانيو سيليكون بالمخده اخضر,Baby Essentials,NOT_IN_SHOPIFY,21,3300,1315,3,6,3159,"Wave 1 — in stock, new arrival"
313,2073870571099,809-33-1 سيارة  8 اتجاهات ريموت وساعة قابلة للطي مزدوجة الجوانب مستشعر للإيماءات بزاوية 360 درجة مع دفع رباعي قابلة لإعادة الشحن,Toys (Consignment),ACTIVE_UNPUBLISHED,116,6236,1313,4,1,1039,"Wave 1 — in stock, new arrival"
314,8412497078219,"A-137 سميجل  شنطة  ظهر  14"" فرو مجسم وش ارنب روز",School,ACTIVE_UNPUBLISHED,20,17091,5247,9,0,0,"Wave 3 — needs reorder, new range"
315,1043635481099,1467 Sortit white,School,NOT_IN_SHOPIFY,48,2623,1311,33,23,690,"Wave 1 — in stock, new arrival"
316,2071975836099,YM-016 BABY BATHTUB,Baby Essentials (Consignment),NOT_IN_SHOPIFY,182,7740,1762,3,9,15082,"Wave 2 — in stock, existing range"
317,1003937078012,6601 UnderShirt,Clothing,NOT_IN_SHOPIFY,502,8946,1754,43,142,20121,"Wave 2 — in stock, existing range"
318,1062489715027,25140 Ballarina,Clothing,NOT_IN_SHOPIFY,35,3600,1298,4,10,4650,"Wave 1 — in stock, new arrival"
319,6222049709773,185260-1055-HTB24 GAME ON Bag Hard Top,School (Consignment),ACTIVE_UNPUBLISHED,35,30802,5185,8,0,0,"Wave 3 — needs reorder, new range"
320,1043635533099,A311 Clipse navy,School,NOT_IN_SHOPIFY,48,2500,1293,25,31,1116,"Wave 1 — in stock, new arrival"
321,1071480373099,MH37-1 كرة قدم منتخبات,Toys,NOT_IN_SHOPIFY,68,4391,1292,16,10,1600,"Wave 1 — in stock, new arrival"
322,2069591250099,"[20695-007R8-18] 007R8 Kids Bicycle 18"" - Red",Toys (Consignment),NOT_IN_SHOPIFY,288,6270,1738,1,1,3386,"Wave 2 — in stock, existing range"
323,1043635550099,A296 Steak white,School,NOT_IN_SHOPIFY,48,2522,1276,39,18,432,"Wave 1 — in stock, new arrival"
324,1052513128014,100101238 Swim Robe,Clothing,NOT_IN_SHOPIFY,130,6240,1723,6,33,20628,"Wave 2 — in stock, existing range"
325,6222049726718,182201-B103-SSC25 Love Your Self backpack Bag1,School (Consignment),ACTIVE_UNPUBLISHED,35,7198,1275,2,2,5039,"Wave 1 — in stock, new arrival"
326,6222049765175,Blue jeans Senior BackPack 36L,School (Consignment),DRAFT,8,7198,1275,2,20,50386,"Wave 1 — in stock, new arrival"
327,6942138983210,56595 Steel Pro MAX 14 x 33/4.27m x 84cm Pool Set,Summer,NOT_IN_SHOPIFY,119,9999,1272,1,4,29997,"Wave 1 — in stock, new arrival"
328,2073085632099,5168/996 اسكوتر 4 لون بالنور,Toys (Consignment),NOT_IN_SHOPIFY,43,6555,1265,2,2,4485,"Wave 1 — in stock, new arrival"
329,1071445614099,2517-11-كورة بلاستيك متنوعة D-N,Toys,NOT_IN_SHOPIFY,18,3373,1259,68,62,1550,"Wave 1 — in stock, new arrival"
330,1023295247021,26131 Sneakers,Clothing,NOT_IN_SHOPIFY,95,3924,1257,6,22,8009,"Wave 1 — in stock, new arrival"
331,4000157041099,C21-مشبك ابيض,School,NOT_IN_SHOPIFY,36,2321,1256,26,10,300,"Wave 1 — in stock, new arrival"
332,2072514569099,QT-8062-swingcar,Toys (Consignment),NOT_IN_SHOPIFY,99,4500,1247,1,4,10800,"Wave 1 — in stock, new arrival"
333,1003980928003,188 Onesie,Clothing,ACTIVE_UNPUBLISHED,21,4618,1245,6,18,8418,"Wave 1 — in stock, new arrival"
334,1043635500099,A312 Steak navy,School,NOT_IN_SHOPIFY,48,2464,1241,23,31,1240,"Wave 1 — in stock, new arrival"
335,1043635527099,A319 Steak white,School,NOT_IN_SHOPIFY,48,2440,1240,45,2,40,"Wave 1 — in stock, new arrival"
336,1052885765099,T5262 20-inch Backpack - Purple,School,ACTIVE_UNPUBLISHED,45,29007,4945,10,0,0,"Wave 3 — needs reorder, new range"
337,1068594522099,stroller umbrella easy move,Baby Essentials,NOT_IN_SHOPIFY,55,5000,1236,1,3,9451,"Wave 1 — in stock, new arrival"
338,1068525791099,X 3-STROLLER UMBRELLA X 3,Baby Essentials,NOT_IN_SHOPIFY,144,6432,1666,2,1,1930,"Wave 2 — in stock, existing range"
339,1067835791099,[1067835791099] Kidilo G406 Pro Baby Car Seat Stages 2&3 Isofix 360° - Dark Grey,Baby Essentials,ACTIVE_UNPUBLISHED,419,24000,6653,3,0,0,"Wave 4 — needs reorder, older range"
340,1066648617099,716704-5 Backpack dinosaur Design 17 Inch,School,ACTIVE_UNPUBLISHED,49,6018,1229,3,1,1350,"Wave 1 — in stock, new arrival"
341,2073812192099,DB1-3-سكوتر للأطفال بثلاثة مستويات وعجلات مضيئة وموسيقى فيراري,Toys (Consignment),DRAFT,27,5397,1226,3,2,2339,"Wave 1 — in stock, new arrival"
342,4000156986099,c701-علبة استك اسود,School,NOT_IN_SHOPIFY,36,1884,1226,32,19,253,"Wave 1 — in stock, new arrival"
343,0842591056093,0890273 زمزمية مياة صاروخ ROCKET - CHEKERS رقم 460ML,School (Consignment),ACTIVE_UNPUBLISHED,5,4680,1225,4,20,14400,"Wave 1 — in stock, new arrival"
344,4000182689099,525 مشبك فراشة,Clothing,NOT_IN_SHOPIFY,33,2250,1224,30,6,150,"Wave 1 — in stock, new arrival"
345,1052898257099,T995 -16-inch Backpack - Pink - Unicorn,School,ACTIVE_UNPUBLISHED,34,29830,4887,16,0,0,"Wave 3 — needs reorder, new range"
346,1052898260099,T995 -16-inch Backpack - Blue - Sonic,School,ACTIVE_UNPUBLISHED,34,28310,4883,15,0,0,"Wave 3 — needs reorder, new range"
347,1052898275099,T995 -16-inch Backpack - Black - Astronaut,School,ACTIVE_UNPUBLISHED,34,28310,4883,15,0,0,"Wave 3 — needs reorder, new range"
348,1062489632031,25192 Sneakers,Clothing,NOT_IN_SHOPIFY,35,3510,1219,4,11,5115,"Wave 1 — in stock, new arrival"
349,1068989287099,130-M-I  Lunch Bag LB SMIGGLE  Pink,School,ACTIVE_UNPUBLISHED,13,25042,4867,18,0,0,"Wave 3 — needs reorder, new range"
350,1043635545099,A281 Clipse white,School,NOT_IN_SHOPIFY,48,2368,1214,24,26,936,"Wave 1 — in stock, new arrival"
351,1003937074007,6601 UnderShirt,Clothing,NOT_IN_SHOPIFY,502,8444,1638,45,145,18589,"Wave 2 — in stock, existing range"
352,1066247429099,GB5709T SCHOOL BAG,School,ACTIVE_UNPUBLISHED,47,18400,4842,8,0,0,"Wave 3 — needs reorder, new range"
353,1052513127012,100101238 Swim Robe,Clothing,NOT_IN_SHOPIFY,130,6136,1632,6,24,15002,"Wave 2 — in stock, existing range"
354,0196011458180,[BBVN541] Large Accesssory Pouch Navy,School (Consignment),NOT_IN_SHOPIFY,13,6796,1204,4,8,9514,"Wave 1 — in stock, new arrival"
355,6222049767094,182503-P06-DZ26 True Blue Double Zipper Pincel case 2L,School (Consignment),NOT_IN_SHOPIFY,35,7111,1204,9,12,6712,"Wave 1 — in stock, new arrival"
356,4002125532099,9036-1 نوت بوك استيك هاردكفر,School,NOT_IN_SHOPIFY,50,3350,1202,36,50,2412,"Wave 1 — in stock, new arrival"
357,1043635529099,A197 Steak navy,School,NOT_IN_SHOPIFY,48,2311,1195,52,3,48,"Wave 1 — in stock, new arrival"
358,2073898878099,9922L عروسة سيليكون مع اكسسوارات + عربة اطفال,Toys (Consignment),NOT_IN_SHOPIFY,27,5399,1192,7,2,1013,"Wave 1 — in stock, new arrival"
359,8888021310832,[10006-12] Energizer Power AAA Remote Batteries Card (3+1),Various,NOT_IN_SHOPIFY,179,4902,1595,26,57,5931,"Wave 2 — in stock, existing range"
360,4000157043099,C509-سورتيت ابيض ,School,NOT_IN_SHOPIFY,36,2176,1181,26,9,252,"Wave 1 — in stock, new arrival"
361,2071996949099,AH321-DA4-144 سترولر,Baby Essentials (Consignment),NOT_IN_SHOPIFY,123,7015,1594,1,1,4560,"Wave 2 — in stock, existing range"
362,1052885791099,16/18 Trolley - Rose,School,ACTIVE_UNPUBLISHED,45,27245,4699,32,-3,-1800,"Wave 3 — needs reorder, new range"
363,8412497881628,"696492 ""سميجل  شنطة  ظهر  14"""" وش مطبوع  P-T """,School,ACTIVE_UNPUBLISHED,20,15291,4695,9,0,0,"Wave 3 — needs reorder, new range"
364,1052885759099,T5261 20-inch Backpack - Purple,School,ACTIVE_UNPUBLISHED,45,26370,4682,9,0,0,"Wave 3 — needs reorder, new range"
365,1052885763099,T5261 20-inch Backpack - Petrol,School,ACTIVE_UNPUBLISHED,45,26370,4682,9,0,0,"Wave 3 — needs reorder, new range"
366,1066648647099,717246 Trolley Bag Barbie Design 18 Inch,School,ACTIVE_UNPUBLISHED,49,21328,4609,6,0,0,"Wave 3 — needs reorder, new range"
367,1052554716004,100100542 Swim Robe,Clothing,NOT_IN_SHOPIFY,91,4160,1149,4,63,39381,"Wave 1 — in stock, new arrival"
368,03411117,Card,Party,NOT_IN_SHOPIFY,751,3511,1549,600,1226,3126,"Wave 2 — in stock, existing range"
369,4000157053099,C597-استك اسود,School,NOT_IN_SHOPIFY,36,2100,1142,28,6,150,"Wave 1 — in stock, new arrival"
370,2071950475099,[2071950475099] Baby Stroller D11N-63-2 K20 - Black,Baby Essentials (Consignment),NOT_IN_SHOPIFY,526,6755,1536,1,2,8778,"Wave 2 — in stock, existing range"
371,1052898271099,T995 -16-inch Backpack - Green/Black - Hulk's hand,School,ACTIVE_UNPUBLISHED,34,26410,4547,14,0,0,"Wave 3 — needs reorder, new range"
372,4000182683099,539 مشبك فراشة,Clothing,NOT_IN_SHOPIFY,33,2018,1135,27,9,212,"Wave 1 — in stock, new arrival"
373,4000764234099,145\شنطة ألوان معدن ك يونيفرس,Various,ACTIVE_UNPUBLISHED,46,4000,1133,5,1,475,"Wave 1 — in stock, new arrival"
374,8364217982793,[20036-DM201] Electric Scooter 12V No Seat 2026,Toys (Consignment),NOT_IN_SHOPIFY,179,9500,1525,2,5,17021,"Wave 2 — in stock, existing range"
375,1043635480099,8230 Steak navy,School,NOT_IN_SHOPIFY,48,2190,1129,22,36,1296,"Wave 1 — in stock, new arrival"
376,8364217982904,عجلة صغيرة 3 نيو دبدوب 986/2026,Toys (Consignment),NOT_IN_SHOPIFY,32,7000,1124,4,3,3762,"Wave 1 — in stock, new arrival"
377,8364217982882,عجلة ميكس شخصيات 12م 2026,Toys (Consignment),NOT_IN_SHOPIFY,32,7000,1124,2,12,30100,"Wave 1 — in stock, new arrival"
378,8364217982754,[20036-3914/2025] Plasma Car New Batoot 3914/2025,Toys (Consignment),NOT_IN_SHOPIFY,299,9420,1512,6,5,5626,"Wave 2 — in stock, existing range"
379,6942138984453,5612E Steel Pro 13 x 33/3.96m x 84cm Pool Set,Summer,NOT_IN_SHOPIFY,119,8799,1119,1,3,19798,"Wave 1 — in stock, new arrival"
380,1063674926099, 25-008 Backpack + Pencil Case  ,School,ACTIVE_UNPUBLISHED,45,17407,4469,8,0,0,"Wave 3 — needs reorder, new range"
381,2073812195099,DB1-32-سكوتر أطفال بثلاثة مستويات وعجلات مضيئة وموسيقى وإضاءة,Toys (Consignment),DRAFT,27,5438,1113,3,3,3656,"Wave 1 — in stock, new arrival"
382,1052885735099,T997 18.5-inch Backpack - Navy - Football,School,ACTIVE_UNPUBLISHED,45,26002,4448,12,0,0,"Wave 3 — needs reorder, new range"
383,1067885984099,[1067885984099] Kidilo Baby High Chair 1-1A - Black,Baby Essentials,ACTIVE_UNPUBLISHED,636,5130,1500,1,1,3000,"Wave 2 — in stock, existing range"
384,4000157039099,C505-سورتيت ابيض ,School,NOT_IN_SHOPIFY,36,2040,1109,17,52,2080,"Wave 1 — in stock, new arrival"
385,1052885666099,993 18-inch Backpack - Black - T-Rex,School,NOT_IN_SHOPIFY,45,6962,1107,4,2,2500,"Wave 1 — in stock, new arrival"
386,2072514576099,1802-swingcar,Toys (Consignment),NOT_IN_SHOPIFY,99,3990,1106,1,2,4788,"Wave 1 — in stock, new arrival"
387,1023295249023,26131 Sneakers,Clothing,NOT_IN_SHOPIFY,95,3325,1096,5,28,10193,"Wave 1 — in stock, new arrival"
388,0794866325055,[SJ1020-21B] SIDEKICK BACKPACK UNICORN(F22),School,ACTIVE_UNPUBLISHED,13,3780,1094,2,3,3332,"Wave 1 — in stock, new arrival"
389,1043635535099,A965 Steak white,School,NOT_IN_SHOPIFY,48,2178,1094,34,8,192,"Wave 1 — in stock, new arrival"
390,4000182648099,565 مشبك فيونكه الوان,Clothing,NOT_IN_SHOPIFY,33,1989,1094,31,125,2625,"Wave 1 — in stock, new arrival"
391,1052885704099,T996 17-inch Backpack - Navy - Sonic,School,ACTIVE_UNPUBLISHED,45,26176,4371,13,0,0,"Wave 3 — needs reorder, new range"
392,1052885710099,T996 17-inch Backpack - Black - Astronaut,School,ACTIVE_UNPUBLISHED,45,24540,4366,12,0,0,"Wave 3 — needs reorder, new range"
393,1053114763099,21487-Portion Podطقم 2 وعاء,Various,ACTIVE_UNPUBLISHED,51,6072,1090,14,1,303,"Wave 1 — in stock, new arrival"
394,1043635537099,A285 Steak navy,School,NOT_IN_SHOPIFY,48,2128,1087,39,5,100,"Wave 1 — in stock, new arrival"
395,4001269283099,6077 سجادة بيبى بيانو ك فوشيا,Toys,ACTIVE_UNPUBLISHED,33,11699,4341,9,0,0,"Wave 3 — needs reorder, new range"
396,1060154166099,063-2042-Plastic Water Bottle,School,ACTIVE_UNPUBLISHED,109,3230,1083,7,1,250,"Wave 1 — in stock, new arrival"
397,1043635532099,A236 Steak white,School,NOT_IN_SHOPIFY,48,2152,1078,27,32,960,"Wave 1 — in stock, new arrival"
398,1063674924099, 25-007 Backpack + Pencil Case  ,School,ACTIVE_UNPUBLISHED,45,17222,4307,8,0,0,"Wave 3 — needs reorder, new range"
399,8364217982809,2026/33 زحافه 3333 موجه 3*1,Toys (Consignment),NOT_IN_SHOPIFY,102,6680,1072,4,2,2394,"Wave 1 — in stock, new arrival"
400,0194735211074,"HWB39-Mattel Disney Princess Ariel Doll & Pool Set With Moldable Sand, Inspired By Disney The Little Mermaid",Toys,NOT_IN_SHOPIFY,419,5225,1447,2,3,4704,"Wave 2 — in stock, existing range"
401,1043635541099,A87 Steak white,School,NOT_IN_SHOPIFY,48,2061,1072,46,2,32,"Wave 1 — in stock, new arrival"
402,1067896583099,[10678-946] Kidilo Baby Car Seat Stages 2&3 رمادى,Baby Essentials,ACTIVE_UNPUBLISHED,60,17414,4275,2,0,0,"Wave 3 — needs reorder, new range"
403,1043635489099,A229 Clipse navy,School,NOT_IN_SHOPIFY,48,2136,1064,27,32,960,"Wave 1 — in stock, new arrival"
404,4000182655099,669 بندانه اطفال عريضة,Clothing,NOT_IN_SHOPIFY,33,1918,1059,24,24,624,"Wave 1 — in stock, new arrival"
405,1043635491099,A276 Steak navy,School,NOT_IN_SHOPIFY,48,2107,1056,33,18,432,"Wave 1 — in stock, new arrival"
406,4002125505099,2681 لانش بوكس ستانلس Unicorn بينك*موف مقسم 750ML,School,ACTIVE_UNPUBLISHED,50,11998,4209,15,0,0,"Wave 3 — needs reorder, new range"
407,1068989262099,105-S-P Lunch Bag  LB SMIGGLE  black,School,ACTIVE_UNPUBLISHED,13,22104,4190,16,0,0,"Wave 3 — needs reorder, new range"
408,1052885773099,T5271 20-inch Backpack - Purple Rose,School,ACTIVE_UNPUBLISHED,45,25784,4168,9,0,0,"Wave 3 — needs reorder, new range"
409,1052885770099,T5262 20-inch Backpack - Petrol,School,ACTIVE_UNPUBLISHED,45,25784,4168,9,0,0,"Wave 3 — needs reorder, new range"
410,1067896585099,KidiloCB-406 Baby Car Seat Stages 2&3 Isofix رمادى غ,Baby Essentials,ACTIVE_UNPUBLISHED,60,15000,4158,2,0,0,"Wave 3 — needs reorder, new range"
411,1067896586099,KidiloCB-406 Baby Car Seat Stages 2&3 Isofix كاكى,Baby Essentials,ACTIVE_UNPUBLISHED,60,15000,4158,2,0,0,"Wave 3 — needs reorder, new range"
412,1023226518021,26120 Sneakers,Clothing,NOT_IN_SHOPIFY,113,3258,1038,5,7,2548,"Wave 1 — in stock, new arrival"
413,1063674925099, 25-007 Backpack + Pencil Case  ,School,ACTIVE_UNPUBLISHED,45,17004,4116,8,0,0,"Wave 3 — needs reorder, new range"
414,1060154204099,YY-8304-Water Bottle,School,ACTIVE_UNPUBLISHED,109,3002,1023,7,1,230,"Wave 1 — in stock, new arrival"
415,1062489734035,25184 Sneakers,Clothing,NOT_IN_SHOPIFY,35,2820,1019,3,9,4365,"Wave 1 — in stock, new arrival"
416,4000791247099,[40007-he0817] HE0817 Baby Walker 4-in-1 - Pink,Toys,ACTIVE_UNPUBLISHED,291,18500,5478,10,0,0,"Wave 4 — needs reorder, older range"
417,4000182657099,606 تيك تاك جليتر,Clothing,NOT_IN_SHOPIFY,33,1870,1013,19,17,561,"Wave 1 — in stock, new arrival"
418,1068989285099,128-M-I Backpack 15 SMIGGLE  Pink,School,ACTIVE_UNPUBLISHED,13,18468,4050,9,0,0,"Wave 3 — needs reorder, new range"
419,1052898277099,T995 -16-inch Backpack - Navy - Football,School,ACTIVE_UNPUBLISHED,34,24320,4043,13,0,0,"Wave 3 — needs reorder, new range"
420,1052898273099,T995 -16-inch Backpack - Black - Astronaut Mars,School,ACTIVE_UNPUBLISHED,34,22800,4040,12,0,0,"Wave 3 — needs reorder, new range"
421,1043635511099,A243 Steak navy,School,NOT_IN_SHOPIFY,48,1953,1009,44,10,160,"Wave 1 — in stock, new arrival"
422,4000157031099,C515-مشبك ابيض,School,NOT_IN_SHOPIFY,36,1878,1007,32,2,40,"Wave 1 — in stock, new arrival"
423,540859214099001,[540859214099001] RH31 Rocking Horse - Fuchsia,Toys,NOT_IN_SHOPIFY,751,5600,1359,4,3,2665,"Wave 2 — in stock, existing range"
424,1043635474099,A282 Sortit white,School,NOT_IN_SHOPIFY,48,2009,1002,38,12,240,"Wave 1 — in stock, new arrival"
425,5056080619835,   Gray ﻛﺮﺳﻰ ﺳﻴﺎﺭﻩ ﺳﺘﻴﺠﻴﺲ ,Toys,ACTIVE_UNPUBLISHED,575,16830,5410,1,0,0,"Wave 4 — needs reorder, older range"
426,1067825857099,[10678-UP650B] Kidilo UP650B Baby Crib - Grey,Baby Essentials,NOT_IN_SHOPIFY,144,18470,5402,2,0,0,"Wave 4 — needs reorder, older range"
427,0842591054624,0890262 زمزمية مياة قطة CAT رقم SBV44 460ML,School (Consignment),ACTIVE_UNPUBLISHED,5,3600,998,3,21,15120,"Wave 1 — in stock, new arrival"
428,0842591054600,0890258 زمزمية مياة دب BEAR رقم SBV44 460ML,School (Consignment),ACTIVE_UNPUBLISHED,5,3600,998,3,20,14400,"Wave 1 — in stock, new arrival"
429,0842591058332,0890271 زمزمية مياة باندا جديد PANDA NEW رقم BV44 460ML,School (Consignment),ACTIVE_UNPUBLISHED,5,3600,998,3,21,15120,"Wave 1 — in stock, new arrival"
430,1053831238099,عقد ودع  314,Various,NOT_IN_SHOPIFY,43,2390,996,10,97,10670,"Wave 1 — in stock, new arrival"
431,4000182686099,542 مشبك فراشة وفيونكه,Clothing,NOT_IN_SHOPIFY,33,1808,988,23,13,338,"Wave 1 — in stock, new arrival"
432,1071480372099,85-1 كرة قدم EXTra,Toys,NOT_IN_SHOPIFY,68,2800,986,7,11,2310,"Wave 1 — in stock, new arrival"
433,1071422336099,[10714-4030T2] 4030T2 Baby Gift Bag Assorted,Various,NOT_IN_SHOPIFY,285,4193,1328,94,14,350,"Wave 2 — in stock, existing range"
434,1043635534099,A240 Clipse white,School,NOT_IN_SHOPIFY,48,1900,983,19,30,1080,"Wave 1 — in stock, new arrival"
435,5056080623429,عربه طفل ميوز Raven,Baby Essentials,NOT_IN_SHOPIFY,209,20140,5300,2,0,0,"Wave 4 — needs reorder, older range"
436,1068512222099,20-ماشية عربية امبريلا,Various,NOT_IN_SHOPIFY,13,4310,981,2,1,1400,"Wave 1 — in stock, new arrival"
437,1052885760099,T5261 20-inch Backpack - Navy,School,ACTIVE_UNPUBLISHED,45,23147,3904,8,0,0,"Wave 3 — needs reorder, new range"
438,1071895878012,DK-10 Unisex Baby 2 Pack Short-Sleeve Bodysuit - White,Clothing,NOT_IN_SHOPIFY,77,2922,967,12,164,21812,"Wave 1 — in stock, new arrival"
439,5056080617954,Graco Packet Pro Stroller - Shale,Baby Essentials,ACTIVE_UNPUBLISHED,615,19800,5211,1,0,0,"Wave 4 — needs reorder, older range"
440,1071798266099,"Cube-169-2 Bingo Squishy Chocolate snack pack PU Mixed style, with mesh bags 12 pieces",Toys,ACTIVE_UNPUBLISHED,36,3180,965,32,1,57,"Wave 1 — in stock, new arrival"
441,1052885782099,T5272 20-inch Backpack - Purple - Tiger,School,ACTIVE_UNPUBLISHED,45,23090,3855,8,0,0,"Wave 3 — needs reorder, new range"
442,1068525795099,X6 Pro-stroller umbrella x 6 pro,Baby Essentials,NOT_IN_SHOPIFY,144,5695,1296,1,1,3700,"Wave 2 — in stock, existing range"
443,6942138973709,51122 Bestway Play Pool,Summer,ACTIVE_UNPUBLISHED,756,4300,1292,2,1,1240,"Wave 2 — in stock, existing range"
444,4000169573099,477 Necklace   Bracelet Set,Clothing,NOT_IN_SHOPIFY,76,1755,954,13,3,135,"Wave 1 — in stock, new arrival"
445,4000157021099,C654-استك شعر بناتي ابيض,School,NOT_IN_SHOPIFY,36,1704,952,31,5,88,"Wave 1 — in stock, new arrival"
446,1043635528099,A323 Clipse white,School,NOT_IN_SHOPIFY,48,1906,952,36,16,320,"Wave 1 — in stock, new arrival"
447,1043635523099,A162 Steak white,School,NOT_IN_SHOPIFY,48,1881,950,35,25,500,"Wave 1 — in stock, new arrival"
448,1068989291099,134-P-R  Lunch Bag LB SMIGGLE  Purple,School,ACTIVE_UNPUBLISHED,13,20565,3790,15,0,0,"Wave 3 — needs reorder, new range"
449,1067892549099,بانيو في علبة ملونة 186,Baby Essentials,NOT_IN_SHOPIFY,102,3405,947,3,1,680,"Wave 1 — in stock, new arrival"
450,2073898879099,9922L عروسة سيليكون مع اكسسوارات + عربة اطفال,Toys (Consignment),NOT_IN_SHOPIFY,27,4542,946,6,3,1519,"Wave 1 — in stock, new arrival"
451,1053178351099,31646-Lunch Box 450ml - Fuchsia,Various,NOT_IN_SHOPIFY,573,6924,1276,23,11,2294,"Wave 2 — in stock, existing range"
452,2073765847099,Gift Card (Big),Various (Consignment),NOT_IN_SHOPIFY,285,5712,1267,144,2111,54886,"Wave 2 — in stock, existing range"
453,1063674929099, 25-008 Backpack + Pencil Case  ,School,ACTIVE_UNPUBLISHED,45,15042,3745,7,0,0,"Wave 3 — needs reorder, new range"
454,1063674928099, 25-008 Backpack + Pencil Case  ,School,ACTIVE_UNPUBLISHED,45,15042,3745,7,0,0,"Wave 3 — needs reorder, new range"
455,30422101,OurKids Gift Wrapping Paper Animals,Various,NOT_IN_SHOPIFY,376,5086,1261,256,239,2988,"Wave 2 — in stock, existing range"
456,2073085627099,119 اسكوترC-A 4 لون بالصوت و النور,Toys (Consignment),NOT_IN_SHOPIFY,43,18480,3698,5,0,0,"Wave 3 — needs reorder, new range"
457,4001068157099,1688-61 سجادة بيبي بيانو اخضر Animals,Baby Essentials,ACTIVE_UNPUBLISHED,25,10802,3696,17,0,0,"Wave 3 — needs reorder, new range"
458,1067825804099,[10678-8032-1] Baby Electric Nasal Aspirator & Ear Cleaner 8032 - White,Baby Essentials,ACTIVE_UNPUBLISHED,144,3300,1247,6,2,549,"Wave 2 — in stock, existing range"
459,4000113148099,706-Unicorn Waist Bag Pink,Various,NOT_IN_SHOPIFY,69,1925,919,7,13,1430,"Wave 1 — in stock, new arrival"
460,1060154233099,4047-Standard Slime Clay,School,NOT_IN_SHOPIFY,109,2740,918,33,232,10440,"Wave 1 — in stock, new arrival"
461,1043635510099,1430 Steak black,School,NOT_IN_SHOPIFY,48,1775,917,40,1,16,"Wave 1 — in stock, new arrival"
462,1052885766099,T5262 20-inch Backpack - Navy,School,ACTIVE_UNPUBLISHED,45,20510,3641,7,0,0,"Wave 3 — needs reorder, new range"
463,1060134621099,قلم رصاص اشكال / 36 * استاند  V0156,School,NOT_IN_SHOPIFY,83,2612,909,395,882,3087,"Wave 1 — in stock, new arrival"
464,1043635488099,A152 Clipse white,School,NOT_IN_SHOPIFY,48,1821,907,23,23,690,"Wave 1 — in stock, new arrival"
465,8364217982820,بوسيت مون بيبي K-12,Baby Essentials (Consignment),NOT_IN_SHOPIFY,60,5600,899,1,2,8027,"Wave 1 — in stock, new arrival"
466,1066648675099,278833  Lunch Bag Unicorn Design,School,ACTIVE_UNPUBLISHED,49,3930,897,3,1,850,"Wave 1 — in stock, new arrival"
467,4000182684099,543 استك*قفاش *اسورة,Clothing,NOT_IN_SHOPIFY,33,1659,895,16,20,700,"Wave 1 — in stock, new arrival"
468,4000169621099,456 Qafash,Clothing,NOT_IN_SHOPIFY,76,1618,895,25,94,1974,"Wave 1 — in stock, new arrival"
469,1052595901018,100101380  Sunsuit One-Piece,Clothing,NOT_IN_SHOPIFY,132,3160,1206,8,2,391,"Wave 2 — in stock, existing range"
470,1043684526099,Kids Girls Sunglasses 133,Various,NOT_IN_SHOPIFY,638,2730,1205,14,23,1955,"Wave 2 — in stock, existing range"
471,1068525827099,zx2211 Umbrella Walker & Piano Play Mat,Baby Essentials,ACTIVE_UNPUBLISHED,144,4710,1197,3,1,1020,"Wave 2 — in stock, existing range"
472,6942046022049,8973XL GIFTBAG(40X55X15CM),Various (Consignment),NOT_IN_SHOPIFY,64,2320,886,16,12,862,"Wave 1 — in stock, new arrival"
473,1052898274099,T995 -16-inch Backpack - Navy - Sonic,School,ACTIVE_UNPUBLISHED,34,20710,3537,11,0,0,"Wave 3 — needs reorder, new range"
474,1043684537099,Kids Girls Sunglasses 194,Various,NOT_IN_SHOPIFY,638,2722,1188,10,43,5160,"Wave 2 — in stock, existing range"
475,1052898276099,T995 -16-inch Backpack - Black - Basketball,School,ACTIVE_UNPUBLISHED,34,20690,3519,11,0,0,"Wave 3 — needs reorder, new range"
476,1023295252026,26131 Sneakers,Clothing,NOT_IN_SHOPIFY,95,2660,877,4,27,9829,"Wave 1 — in stock, new arrival"
477,1052513326012,100101362  Sunsuit One-Piece,Clothing,NOT_IN_SHOPIFY,130,3119,1183,5,18,5592,"Wave 2 — in stock, existing range"
478,2073085626099,119 اسكوترC-A 4 لون بالصوت و النور,Toys (Consignment),NOT_IN_SHOPIFY,43,3850,875,1,1,2502,"Wave 1 — in stock, new arrival"
479,2073085624099,119 اسكوترC-A 4 لون بالصوت و النور,Toys (Consignment),NOT_IN_SHOPIFY,43,3850,875,1,1,2502,"Wave 1 — in stock, new arrival"
480,4000182654099,661 بندانه اطفال عريضة,Clothing,NOT_IN_SHOPIFY,33,1558,873,21,27,634,"Wave 1 — in stock, new arrival"
481,1060154229099,4116-Standard Slime Clay,School,NOT_IN_SHOPIFY,109,2499,872,24,138,7590,"Wave 1 — in stock, new arrival"
482,1052513327014,100101362  Sunsuit One-Piece,Clothing,NOT_IN_SHOPIFY,130,3112,1176,5,15,4660,"Wave 2 — in stock, existing range"
483,1052885736099,T997 18.5-inch Backpack - Black - Mecha Warrior,School,ACTIVE_UNPUBLISHED,45,21413,3483,10,0,0,"Wave 3 — needs reorder, new range"
484,6223003249243,Tank BTL Everyday Mug 350ml Cream,Various,ACTIVE_UNPUBLISHED,362,4454,1172,7,1,391,"Wave 2 — in stock, existing range"
485,8412497201006,"251946 سميجل  شنطة  ظهر  14"" طباعة  MINECRAFT",School,ACTIVE_UNPUBLISHED,20,11684,3468,7,0,0,"Wave 3 — needs reorder, new range"
486,1043635518099,A328 Steak navy,School,NOT_IN_SHOPIFY,48,1741,867,22,38,1140,"Wave 1 — in stock, new arrival"
487,4000113169099,688-Beige crossbody bag,Various,NOT_IN_SHOPIFY,69,1852,865,4,1,190,"Wave 1 — in stock, new arrival"
488,4000157025099,C511-مشبك ابيض,School,NOT_IN_SHOPIFY,36,1624,865,28,8,160,"Wave 1 — in stock, new arrival"
489,1043684522099,Kids Boys Sunglasses 202,Various,NOT_IN_SHOPIFY,638,2665,1168,13,32,2880,"Wave 2 — in stock, existing range"
490,1066671735099,177866  Lunch Bag Unicorn   Design,School,ACTIVE_UNPUBLISHED,5,4234,864,3,3,2850,"Wave 1 — in stock, new arrival"
491,1053872565099,304 Chain New Shapes,Clothing,NOT_IN_SHOPIFY,166,2833,1165,11,82,9840,"Wave 2 — in stock, existing range"
492,1052574517012,100100542 Swim Robe,Clothing,NOT_IN_SHOPIFY,69,3120,862,3,39,24379,"Wave 1 — in stock, new arrival"
493,2071950474099,[2071950474099] Baby Stroller D11N-63-1 K20 - Grey,Baby Essentials (Consignment),NOT_IN_SHOPIFY,526,20265,4609,3,0,0,"Wave 4 — needs reorder, older range"
494,6222049767087,182503-P05-DZ26 Black Double Zipper Pincel case 2L,School (Consignment),ACTIVE_UNPUBLISHED,35,19815,3399,25,0,0,"Wave 3 — needs reorder, new range"
495,4000157033099,C657-استك شعر بناتي ابيض,School,NOT_IN_SHOPIFY,36,1508,846,34,12,168,"Wave 1 — in stock, new arrival"
496,1052885772099,T5271 20-inch Backpack - Navy,School,ACTIVE_UNPUBLISHED,45,20217,3384,7,0,0,"Wave 3 — needs reorder, new range"
497,1068575822099,129 كرسى طعام امبريلا Mastela-17Pro اصفر ,Baby Essentials,NOT_IN_SHOPIFY,39,11554,3380,2,0,0,"Wave 3 — needs reorder, new range"
498,1014178957033,027 Shiny White Ballerina,Clothing,NOT_IN_SHOPIFY,96,2106,844,4,2,502,"Wave 1 — in stock, new arrival"
499,1063674922099, 25-007 Backpack + Pencil Case  ,School,ACTIVE_UNPUBLISHED,45,13080,3374,6,0,0,"Wave 3 — needs reorder, new range"
500,8364217982903,عجلة صغيرة 3 أيرومان 908/2026,Toys (Consignment),NOT_IN_SHOPIFY,32,5250,843,3,2,2508,"Wave 1 — in stock, new arrival"
501,8364217982906,عجلة صغيرة 3 بطوط 980/2026,Toys (Consignment),NOT_IN_SHOPIFY,32,5250,843,3,3,3762,"Wave 1 — in stock, new arrival"
502,8364217982905,عجلة صغيرة 3 دبدوب كول 979/2026,Toys (Consignment),NOT_IN_SHOPIFY,32,5250,843,3,2,2508,"Wave 1 — in stock, new arrival"
503,1066247446099,GB5626 SCHOOL BAG,School,ACTIVE_UNPUBLISHED,47,12800,3368,4,0,0,"Wave 3 — needs reorder, new range"
504,4000157005099,C546-قفاش وسط ابيض,School,NOT_IN_SHOPIFY,36,1498,841,43,101,1111,"Wave 1 — in stock, new arrival"
505,1043635498099,A317 Sortit navy,School,NOT_IN_SHOPIFY,48,1639,838,30,26,520,"Wave 1 — in stock, new arrival"
506,2056697061004,19452 Boys Shirt,Clothing,ACTIVE_UNPUBLISHED,92,4370,833,4,7,5250,"Wave 1 — in stock, new arrival"
507,1003980929006,188 Onesie,Clothing,ACTIVE_UNPUBLISHED,21,3080,831,4,20,9353,"Wave 1 — in stock, new arrival"
508,1003937076010,6601 UnderShirt,Clothing,NOT_IN_SHOPIFY,502,5305,1115,27,132,17279,"Wave 2 — in stock, existing range"
509,4000182667099,551 كلبس كبير,Clothing,NOT_IN_SHOPIFY,33,1480,825,27,81,1418,"Wave 1 — in stock, new arrival"
510,4002081280099,[40020-76002] 76002 Safe Stand with Sound & Light 16pcs,Toys,ACTIVE_UNPUBLISHED,228,12245,4454,49,0,0,"Wave 4 — needs reorder, older range"
511,4000157015099,C508-سورتيت ابيض ,School,NOT_IN_SHOPIFY,36,1513,823,18,18,504,"Wave 1 — in stock, new arrival"
512,1034021356099,Birthday Cards,Party,NOT_IN_SHOPIFY,751,2961,1110,85,923,16152,"Wave 2 — in stock, existing range"
513,4000157022099,C516-مشبك ابيض,School,NOT_IN_SHOPIFY,36,1484,822,30,5,80,"Wave 1 — in stock, new arrival"
514,5056080616742,    Thunder ﻛﺮﺳﻰ ﺳﻴﺎﺭﺓ ﻓﻮﺭﺗﻰ ﻓﺎﻯ ,Toys,ACTIVE_UNPUBLISHED,575,16855,4436,1,0,0,"Wave 4 — needs reorder, older range"
515,1066648651099,638446 Trolley Bag Cats and Stars Design 18 Inch,School,ACTIVE_UNPUBLISHED,49,14460,3284,4,0,0,"Wave 3 — needs reorder, new range"
516,1071789664099,CUBE-169-62 Sugar Cube Powder Glitter 5X5X5cm New Edition CDU12PCS,Toys,ACTIVE_UNPUBLISHED,12,2690,820,27,3,171,"Wave 1 — in stock, new arrival"
517,1050495729099,pkq500 سيارة  احمر,Toys,NOT_IN_SHOPIFY,15,12420,3270,1,0,0,"Wave 3 — needs reorder, new range"
518,4000157011099,C22-مشبك ابيض,School,NOT_IN_SHOPIFY,36,1512,816,17,54,1620,"Wave 1 — in stock, new arrival"
519,4000156994099,C561-مشبك ابيض,School,NOT_IN_SHOPIFY,36,1500,816,25,11,220,"Wave 1 — in stock, new arrival"
520,1053831239099,اسورة نجمة  315,Various,NOT_IN_SHOPIFY,43,2006,815,27,72,2520,"Wave 1 — in stock, new arrival"
521,6222049763973,182202-B08-JSC26 Dreamy Unicorn Junior Student BackPack 28L,School (Consignment),NOT_IN_SHOPIFY,35,4598,815,2,16,25749,"Wave 1 — in stock, new arrival"
522,1063674905099,24-006 Trolley bag + pencil case,School,ACTIVE_UNPUBLISHED,45,14196,3253,4,0,0,"Wave 3 — needs reorder, new range"
523,1066648611099,624754-1 Backpack Butterfly Design 17 Inch,School,ACTIVE_UNPUBLISHED,49,14472,3245,7,0,0,"Wave 3 — needs reorder, new range"
524,4000182678099,484 استك شعر بناتي,Clothing,NOT_IN_SHOPIFY,33,1463,811,27,45,788,"Wave 1 — in stock, new arrival"
525,4000182688099,591 مشبك,Clothing,NOT_IN_SHOPIFY,33,1494,810,25,45,900,"Wave 1 — in stock, new arrival"
526,6955265611277,1730 Invade submarine base 1196PCS,Toys (Consignment),NOT_IN_SHOPIFY,627,3945,1093,1,2,4734,"Wave 2 — in stock, existing range"
527,1060154184099,YCBW-661-Stainless Steel Water Bottle,School,ACTIVE_UNPUBLISHED,109,9244,3208,14,0,0,"Wave 3 — needs reorder, new range"
528,1066648631099,869638 Backpack Unicorn Design 17 Inch,School,ACTIVE_UNPUBLISHED,49,14420,3199,7,0,0,"Wave 3 — needs reorder, new range"
529,4000157026099,C646- استك ابيض صغير ,School,NOT_IN_SHOPIFY,36,1422,799,32,3,42,"Wave 1 — in stock, new arrival"
530,8412497749874,A-153 سميجل  لانش باج   2 سوستة مطبوع  نجمة روز جليتر اسود,School,ACTIVE_UNPUBLISHED,20,10392,3190,8,0,0,"Wave 3 — needs reorder, new range"
531,1043635547099,A308 Steak white,School,NOT_IN_SHOPIFY,48,1592,797,25,35,840,"Wave 1 — in stock, new arrival"
532,0194735243457,HYC38-Mattel Disney Princess Collector - Rapunzel Birthday Celebration,Toys,NOT_IN_SHOPIFY,419,3500,1075,1,1,1996,"Wave 2 — in stock, existing range"
533,1050495738099,15712-9 ميني شاوي مضيی ازرق,Toys,NOT_IN_SHOPIFY,15,12050,3170,1,0,0,"Wave 3 — needs reorder, new range"
534,1065972563099,HP50FC628  Banana happy cup 500ml fuchsia,Various,ACTIVE_UNPUBLISHED,355,4125,1069,25,48,4895,"Wave 2 — in stock, existing range"
535,4000157050099,C518-مشبك ابيض,School,NOT_IN_SHOPIFY,36,1441,792,27,6,105,"Wave 1 — in stock, new arrival"
536,1063674930099, 25013 Backpack + Pencil Case  19 Inch,School,NOT_IN_SHOPIFY,45,12386,3164,7,0,0,"Wave 3 — needs reorder, new range"
537,1063674931099, 25013 Backpack + Pencil Case  19 Inch,School,ACTIVE_UNPUBLISHED,45,12386,3164,7,0,0,"Wave 3 — needs reorder, new range"
538,6941607348765,54446 7 2  x 7 2  x 19 /2.18m x 2.18m x 48cm Sippin  Summer Family Pool,Summer,ACTIVE_UNPUBLISHED,119,2850,790,1,1,1710,"Wave 1 — in stock, new arrival"
539,1063674919099,A11 Trolley bag + pencil case+ Lunch Bag,School,ACTIVE_UNPUBLISHED,45,12720,3158,4,0,0,"Wave 3 — needs reorder, new range"
540,6619296000119,Craft jar ,Toys (Consignment),ACTIVE_UNPUBLISHED,685,5247,1063,11,18,5792,"Wave 2 — in stock, existing range"
541,1043635475099,A318 Sortit navy,School,NOT_IN_SHOPIFY,48,1554,787,24,29,696,"Wave 1 — in stock, new arrival"
542,4000182656099,666 بندانه اطفال عريضة,Clothing,NOT_IN_SHOPIFY,33,1425,785,15,33,1023,"Wave 1 — in stock, new arrival"
543,4000156989099,B644-مشبك ابيض,School,NOT_IN_SHOPIFY,36,1440,783,16,20,600,"Wave 1 — in stock, new arrival"
544,4000157047099,C517-استك شعر بناتي ابيض,School,NOT_IN_SHOPIFY,36,1420,782,29,19,304,"Wave 1 — in stock, new arrival"
545,1052885753099,T5252 20-inch Backpack - Purple,School,ACTIVE_UNPUBLISHED,45,17580,3121,6,0,0,"Wave 3 — needs reorder, new range"
546,1052885778099,T5272 20-inch Backpack - Navy,School,ACTIVE_UNPUBLISHED,45,17580,3121,6,0,0,"Wave 3 — needs reorder, new range"
547,1052885781099,T5272 20-inch Backpack - Purple,School,ACTIVE_UNPUBLISHED,45,17580,3121,6,0,0,"Wave 3 — needs reorder, new range"
548,6222049767049,182503-P01-DZ26 Pink Double Zipper Pincel case 2L,School (Consignment),ACTIVE_UNPUBLISHED,35,4714,779,6,1,559,"Wave 1 — in stock, new arrival"
549,1043635503099,A211 Clipse white,School,NOT_IN_SHOPIFY,48,1495,779,38,5,70,"Wave 1 — in stock, new arrival"
550,4002125488099,2555 A لانش بوكس 2 دور Unicorn بينك*مينت+علبة صوص وشوكة وملعقه,School,ACTIVE_UNPUBLISHED,50,8328,3094,24,0,0,"Wave 3 — needs reorder, new range"
551,1043635495099,A307 Steak navy,School,NOT_IN_SHOPIFY,48,1518,772,28,29,580,"Wave 1 — in stock, new arrival"
552,1052554718008,100100542 Swim Robe,Clothing,NOT_IN_SHOPIFY,91,3016,770,3,56,35006,"Wave 1 — in stock, new arrival"
553,1052574517014,100100542 Swim Robe,Clothing,NOT_IN_SHOPIFY,69,3016,770,3,31,19378,"Wave 1 — in stock, new arrival"
554,4000836039099,14-100 Cap,Clothing,NOT_IN_SHOPIFY,111,1560,768,6,40,4000,"Wave 1 — in stock, new arrival"
555,1066648619099,711776 Backpack Spider-Man Design 17 Inch,School,ACTIVE_UNPUBLISHED,49,14267,3065,7,0,0,"Wave 3 — needs reorder, new range"
556,6942138981865,56416 Steel Pro MAX 12  x 30 /3.66m x 76cm Pool Set,Summer,NOT_IN_SHOPIFY,119,5999,763,1,2,8998,"Wave 1 — in stock, new arrival"
557,4000157017099,C577-سورتيت *مشبك ابيض,School,NOT_IN_SHOPIFY,36,1410,762,19,15,375,"Wave 1 — in stock, new arrival"
558,4000169595099,485 Girls' hair elastic,Clothing,NOT_IN_SHOPIFY,76,1306,760,22,18,315,"Wave 1 — in stock, new arrival"
559,1071854790018,8004  Girls' Flowers Print Short-Sleeve Pajama Set -Olive Green,Clothing,NOT_IN_SHOPIFY,102,2704,758,6,28,7532,"Wave 1 — in stock, new arrival"
560,4001269281099,668-63 Babywalker train 5*1 لبنى,Baby Essentials,ACTIVE_UNPUBLISHED,33,8100,3026,3,0,0,"Wave 3 — needs reorder, new range"
561,4001269282099,668-63 Babywalker train 5*1 أورانج,Baby Essentials,ACTIVE_UNPUBLISHED,33,8100,3026,3,0,0,"Wave 3 — needs reorder, new range"
562,1062489784036,25188 Sneakers,Clothing,NOT_IN_SHOPIFY,35,2080,755,2,11,5885,"Wave 1 — in stock, new arrival"
563,1050458991099,"[1050458991099] Hoverboard 8"" - Blue & Fiery Red",Toys,ACTIVE_UNPUBLISHED,751,15470,4070,2,0,0,"Wave 4 — needs reorder, older range"
564,4000156998099,C594-بنس اسود,School,NOT_IN_SHOPIFY,36,1403,750,16,18,540,"Wave 1 — in stock, new arrival"
565,4002125544099,1266 مقلمه 2 سوسته+ميداليه F-Z بينك,School,ACTIVE_UNPUBLISHED,50,1799,749,9,1,92,"Wave 1 — in stock, new arrival"
566,1043635493099,A322 Clipse navy,School,NOT_IN_SHOPIFY,48,1414,748,41,11,132,"Wave 1 — in stock, new arrival"
567,1073075865008,309421-3 Girls Medium Denim Boyfriend Shorts with Rolled Cuffs,Clothing,NOT_IN_SHOPIFY,76,1947,748,3,39,12480,"Wave 1 — in stock, new arrival"
568,1003937602003,25204213 Pajama,Clothing,NOT_IN_SHOPIFY,131,1936,1007,6,16,1842,"Wave 2 — in stock, existing range"
569,4000169589099,488 Girls' hair elastic,Clothing,NOT_IN_SHOPIFY,76,1386,746,20,43,1010,"Wave 1 — in stock, new arrival"
570,4000169634099,466 bandana,Clothing,NOT_IN_SHOPIFY,76,1374,745,23,28,560,"Wave 1 — in stock, new arrival"
571,1066648643099,783739 Trolley Bag Smile Design 18 Inch,School,ACTIVE_UNPUBLISHED,49,14098,2967,4,0,0,"Wave 3 — needs reorder, new range"
572,1053125153099,00520-Stainless Steel Bottle 600ml - Petroleum Blue,School,ACTIVE_UNPUBLISHED,756,3960,998,3,5,4126,"Wave 2 — in stock, existing range"
573,4000568147099,68163 كرسى استحمام بيبى اكوا,Baby Essentials,ACTIVE_UNPUBLISHED,95,1700,739,2,1,376,"Wave 1 — in stock, new arrival"
574,4000157002099,C644-كيس استك ابيض,School,NOT_IN_SHOPIFY,36,1285,737,26,4,60,"Wave 1 — in stock, new arrival"
575,8364217982416,عجله 16 م باربى زمزميه 2026/001,Toys (Consignment),NOT_IN_SHOPIFY,5,4590,737,1,4,13158,"Wave 1 — in stock, new arrival"
576,4000182681099,573 مشبك فيونكه,Clothing,NOT_IN_SHOPIFY,33,1320,735,18,18,423,"Wave 1 — in stock, new arrival"
577,2075214212099,S4-938/Car,Toys (Consignment),ACTIVE_UNPUBLISHED,98,16430,2912,1,0,0,"Wave 3 — needs reorder, new range"
578,1053178352099,31646-Lunch Box 450ml - Blue,Various,NOT_IN_SHOPIFY,573,5185,982,17,14,2937,"Wave 2 — in stock, existing range"
579,4000182661099,612 تيك تاك جليتر ك,Clothing,NOT_IN_SHOPIFY,33,1316,727,19,17,382,"Wave 1 — in stock, new arrival"
580,6926881165437,WM-672-Scratch Art Book,School,NOT_IN_SHOPIFY,109,2067,726,69,110,1732,"Wave 1 — in stock, new arrival"
581,1053178362099,[1053178362099] Stainless Steel Bottle 600ml - Light Grey,Various,NOT_IN_SHOPIFY,573,3938,979,3,10,8253,"Wave 2 — in stock, existing range"
582,4001059275099,518A-21 Baby Mat Piano - Pink Unicorn,Toys,ACTIVE_UNPUBLISHED,350,11050,3913,17,0,0,"Wave 4 — needs reorder, older range"
583,1068512216099,52-carseat umbrella stag one black hand BNV-l2,Various,ACTIVE_UNPUBLISHED,13,12700,2890,5,0,0,"Wave 3 — needs reorder, new range"
584,4000169630099,483 Kid's bracelet,Clothing,NOT_IN_SHOPIFY,76,1335,721,18,38,950,"Wave 1 — in stock, new arrival"
585,6942046019957,7282M GOLDSTAMPGIFTBAG(32X26X10CM),Various (Consignment),NOT_IN_SHOPIFY,64,1872,716,29,1,32,"Wave 1 — in stock, new arrival"
586,1052885775099,T5271 20-inch Backpack - Purple,School,ACTIVE_UNPUBLISHED,45,17287,2864,6,0,0,"Wave 3 — needs reorder, new range"
587,1052885779099,T5272 20-inch Backpack - Purple Rose,School,ACTIVE_UNPUBLISHED,45,17287,2864,6,0,0,"Wave 3 — needs reorder, new range"
588,1052885777099,T5271 20-inch Backpack - Black,School,ACTIVE_UNPUBLISHED,45,17287,2864,6,0,0,"Wave 3 — needs reorder, new range"
589,4000113135099,708-Lemon waist bag,Various,NOT_IN_SHOPIFY,69,1500,716,5,1,120,"Wave 1 — in stock, new arrival"
590,1043635502099,A231 Steak navy,School,NOT_IN_SHOPIFY,48,1417,715,22,34,816,"Wave 1 — in stock, new arrival"
591,1065985716099,HP50TR628  Banana happy cup 500ml Turquoise,Various,ACTIVE_UNPUBLISHED,50,2788,713,17,48,4895,"Wave 1 — in stock, new arrival"
592,1063674933099, 25013 Backpack + Pencil Case  19 Inch,School,ACTIVE_UNPUBLISHED,45,10770,2847,6,0,0,"Wave 3 — needs reorder, new range"
593,1003937075009,6601 UnderShirt,Clothing,NOT_IN_SHOPIFY,502,4760,961,24,143,19006,"Wave 2 — in stock, existing range"
594,4000157029099,C514-مشبك ابيض,School,NOT_IN_SHOPIFY,36,1304,704,22,14,280,"Wave 1 — in stock, new arrival"
595,1014896845099,DC191A/1 :16 2.4G throttle remote control four-drive drift car with front and rear lights at 30km/h include battery,Toys (Consignment),NOT_IN_SHOPIFY,687,3401,943,1,2,4081,"Wave 2 — in stock, existing range"
596,1014896847099,DC191A/3 :16 2.4G throttle remote control four-drive drift car with front and rear lights at 30km/h include battery,Toys (Consignment),NOT_IN_SHOPIFY,687,3401,943,1,3,6122,"Wave 2 — in stock, existing range"
597,6957711473538,S360 High Chair Pink,Baby Essentials (Consignment),NOT_IN_SHOPIFY,208,3399,942,1,6,12236,"Wave 2 — in stock, existing range"
598,6222026217864,MI-9007 بى ريدى مقلمة  بيضاوى   مقسمة  MINE CRAFT,School,ACTIVE_UNPUBLISHED,20,9331,2779,19,0,0,"Wave 3 — needs reorder, new range"
599,4001170628099,DHK-777 بوتي سلم رمادي,Baby Essentials,NOT_IN_SHOPIFY,21,6800,2779,8,-1,-398,"Wave 3 — needs reorder, new range"
600,4001170627099,DHK-777 بوتي سلم بينك,Baby Essentials,NOT_IN_SHOPIFY,21,1700,695,2,3,1195,"Wave 1 — in stock, new arrival"
601,1014882803099,DC707A Nissan GT-R:1:16 2.4G remote control four-drive drift car with front and rear lights at 30km/h include battery,Toys (Consignment),NOT_IN_SHOPIFY,172,3385,938,1,3,6094,"Wave 2 — in stock, existing range"
602,1014882802099,DC707A Nissan GT-R:1:16 2.4G remote control four-drive drift car with front and rear lights at 30km/h include battery,Toys (Consignment),NOT_IN_SHOPIFY,172,3385,938,1,3,6094,"Wave 2 — in stock, existing range"
603,1014882801099,DC707A Nissan GT-R:1:16 2.4G remote control four-drive drift car with front and rear lights at 30km/h include battery,Toys (Consignment),NOT_IN_SHOPIFY,172,3385,938,1,4,8126,"Wave 2 — in stock, existing range"
604,4001068158099,MK25252 طقم بانيو سليكون 5*1 بينك,Baby Essentials,ACTIVE_UNPUBLISHED,25,10000,2772,5,0,0,"Wave 3 — needs reorder, new range"
605,1071725486099,Pizza Slice Mixed Color CDU12PCS,Toys,NOT_IN_SHOPIFY,43,2280,689,23,1,57,"Wave 1 — in stock, new arrival"
606,4000182692099,588 كيس استك,Clothing,NOT_IN_SHOPIFY,33,1210,684,27,21,294,"Wave 1 — in stock, new arrival"
607,30422102,OurKids Gift Wrapping Paper Zigzag,Various,NOT_IN_SHOPIFY,376,3716,922,187,686,8575,"Wave 2 — in stock, existing range"
608,540860214099001,[540860214099001] RH31 Rocking Horse - Blue,Toys,ACTIVE_UNPUBLISHED,751,4200,921,3,5,4605,"Wave 2 — in stock, existing range"
609,4000113146099,703-Girls wallet,Various,NOT_IN_SHOPIFY,69,1462,682,8,19,1425,"Wave 1 — in stock, new arrival"
610,4000169629099,438 Sortit,Clothing,NOT_IN_SHOPIFY,76,1254,682,11,16,608,"Wave 1 — in stock, new arrival"
611,4000113166099,688-Pink crossbody bag,Various,NOT_IN_SHOPIFY,69,1425,680,3,1,190,"Wave 1 — in stock, new arrival"
612,4000157037099,C560-مشبك ابيض,School,NOT_IN_SHOPIFY,36,1254,680,21,15,300,"Wave 1 — in stock, new arrival"
613,4000157032099,C591-قفاش صغير اسود,School,NOT_IN_SHOPIFY,36,1253,679,21,27,540,"Wave 1 — in stock, new arrival"
614,6920251127421,[10148-LW20-09] LW20-09 Ninja Soft Dart Set (2),Toys (Consignment),NOT_IN_SHOPIFY,172,3300,915,1,4,7920,"Wave 2 — in stock, existing range"
615,4000157018099,B642-سورتيت *مشبك ابيض,School,NOT_IN_SHOPIFY,36,1250,676,12,23,805,"Wave 1 — in stock, new arrival"
616,4000157013099,C623-مشبك ابيض,School,NOT_IN_SHOPIFY,36,1248,675,21,14,280,"Wave 1 — in stock, new arrival"
617,1043635499099,A290 Clipse navy,School,NOT_IN_SHOPIFY,48,1335,671,25,35,700,"Wave 1 — in stock, new arrival"
618,1066247428099,GB5708 SCHOOL BAG,School,ACTIVE_UNPUBLISHED,47,10200,2684,6,0,0,"Wave 3 — needs reorder, new range"
619,1043635519099,A193 Steak navy,School,NOT_IN_SHOPIFY,48,1347,670,16,44,1408,"Wave 1 — in stock, new arrival"
620,4000157010099,B642-سورتيت *مشبك كحلي ,School,NOT_IN_SHOPIFY,36,1239,667,12,23,805,"Wave 1 — in stock, new arrival"
621,1043684516099,Kids Sunglasses 221,Various,NOT_IN_SHOPIFY,638,2050,898,10,28,2520,"Wave 2 — in stock, existing range"
622,0842591054808,0890274 زمزمية مياة رجل الثلج SNOW MAN رقم SBV44 460ML,School (Consignment),ACTIVE_UNPUBLISHED,5,2400,665,2,22,15840,"Wave 1 — in stock, new arrival"
623,1071437455099,[1071437455099] Wide Box Gift Bag Large - Multicolor,Toys,NOT_IN_SHOPIFY,466,2508,898,42,39,1209,"Wave 2 — in stock, existing range"
624,5056657000257,INF-SF-07 B-R SWIM VEST,Summer,ACTIVE_UNPUBLISHED,488,2495,897,5,2,516,"Wave 2 — in stock, existing range"
625,4000157009099,C651-استك ابيض,School,NOT_IN_SHOPIFY,36,1111,660,45,1,7,"Wave 1 — in stock, new arrival"
626,1066648605099,459332-1 Backpack Avengers Design 17 Inch,School,ACTIVE_UNPUBLISHED,49,12242,2639,6,0,0,"Wave 3 — needs reorder, new range"
627,1049858646036,RZ1 LED Flash Light Sneaker with Wheels & USB Charging,Clothing,NOT_IN_SHOPIFY,60,2000,658,1,2,2193,"Wave 1 — in stock, new arrival"
628,1049858642032,RZ1 LED Flash Light Sneaker with Wheels & USB Charging,Clothing,NOT_IN_SHOPIFY,60,2000,658,1,3,3289,"Wave 1 — in stock, new arrival"
629,1049858651035,RZ1 LED Flash Light Sneaker with Wheels & USB Charging,Clothing,NOT_IN_SHOPIFY,60,2000,658,1,2,2193,"Wave 1 — in stock, new arrival"
630,1023295246026,26130 Sneakers,Clothing,NOT_IN_SHOPIFY,95,1995,658,3,24,8737,"Wave 1 — in stock, new arrival"
631,1023295243023,26130 Sneakers,Clothing,NOT_IN_SHOPIFY,95,1995,658,3,28,10193,"Wave 1 — in stock, new arrival"
632,4002125512099,IP-2 زمزميه معدن 800ML Zoo To Pia,School,ACTIVE_UNPUBLISHED,50,1950,658,4,1,263,"Wave 1 — in stock, new arrival"
633,2073995871099,مشاية اطفال 017,Baby Essentials (Consignment),NOT_IN_SHOPIFY,33,3700,656,2,2,2590,"Wave 1 — in stock, new arrival"
634,4000182653099,665 بندانه اطفال عريضة,Clothing,NOT_IN_SHOPIFY,33,1183,655,17,31,698,"Wave 1 — in stock, new arrival"
635,6223016742557,"BAMBINO.DP- SUTIADUO
X2 - DIGITAL Breast Pump",Baby Essentials,ACTIVE_UNPUBLISHED,426,14000,3531,2,0,0,"Wave 4 — needs reorder, older range"
636,1043635538099,1431 Steak black,School,NOT_IN_SHOPIFY,48,1255,653,28,1,16,"Wave 1 — in stock, new arrival"
637,4000157042099,C512-مشبك ابيض,School,NOT_IN_SHOPIFY,36,1190,652,14,21,588,"Wave 1 — in stock, new arrival"
638,1052885776099,T5271 20-inch Backpack - Purple - Tiger,School,ACTIVE_UNPUBLISHED,45,16994,2607,6,0,0,"Wave 3 — needs reorder, new range"
639,1003995754006,104 UnderShirt,Clothing,NOT_IN_SHOPIFY,750,2808,879,14,107,12106,"Wave 2 — in stock, existing range"
640,4002125541099,8566 مقلمه 2 سوسته+ميداليه يوني كورن بينك,School,ACTIVE_UNPUBLISHED,50,6317,2594,32,0,0,"Wave 3 — needs reorder, new range"
641,4000156990099,B804-سورتيت ابيض ,School,NOT_IN_SHOPIFY,36,1194,647,20,16,320,"Wave 1 — in stock, new arrival"
642,4000156984099,c626-مشبك ابيض,School,NOT_IN_SHOPIFY,36,1192,646,16,19,475,"Wave 1 — in stock, new arrival"
643,4000113187099,687-White crossbody bag,Various,NOT_IN_SHOPIFY,69,1350,644,3,3,540,"Wave 1 — in stock, new arrival"
644,1043635497099,A291 Clipse white,School,NOT_IN_SHOPIFY,48,1254,640,23,36,720,"Wave 1 — in stock, new arrival"
645,4000156992099,C554-قفاش وسط اسود,School,NOT_IN_SHOPIFY,36,1170,636,26,38,570,"Wave 1 — in stock, new arrival"
646,4002125540099,8566 مقلمه 2 سوسته+ميداليه يوني كورن موف,School,ACTIVE_UNPUBLISHED,50,6153,2542,31,0,0,"Wave 3 — needs reorder, new range"
647,1067896584099,[10678-946] Kidilo Baby Car Seat Stages 2&3 بيج,Baby Essentials,ACTIVE_UNPUBLISHED,60,9165,2539,1,0,0,"Wave 3 — needs reorder, new range"
648,2071996779099,6029 Dining chair ,Baby Essentials (Consignment),NOT_IN_SHOPIFY,123,3770,856,2,2,2451,"Wave 2 — in stock, existing range"
649,1073091256014,309421-2 Girls Light Denim Boyfriend Shorts with Rolled Cuffs,Clothing,NOT_IN_SHOPIFY,77,1817,634,3,36,11520,"Wave 1 — in stock, new arrival"
650,4000113164099,689-Simone crossbody bag,Various,NOT_IN_SHOPIFY,69,1320,633,3,1,175,"Wave 1 — in stock, new arrival"
651,1052898264099,T995 -16-inch Backpack - Orange/Navy - S-P,School,ACTIVE_UNPUBLISHED,34,15010,2527,8,0,0,"Wave 3 — needs reorder, new range"
652,4894692084020,[10331-T08402-Z-A] Kids Hello Kitty Coloring Set,Toys (Consignment),NOT_IN_SHOPIFY,330,4035,849,3,4,3587,"Wave 2 — in stock, existing range"
653,4000156997099,C627-مشبك ابيض,School,NOT_IN_SHOPIFY,36,1116,629,25,10,140,"Wave 1 — in stock, new arrival"
654,1054490843003,9018 Romper,Clothing,NOT_IN_SHOPIFY,98,2276,628,4,11,3762,"Wave 1 — in stock, new arrival"
655,1003985155012,1662 Pajama,Clothing,ACTIVE_UNPUBLISHED,22,2000,627,5,19,4285,"Wave 1 — in stock, new arrival"
656,0035051591733,MGA-591733/LOL Surprise Tweens Swap Fashion Doll [Braids-2-Waves Winnie],Toys,NOT_IN_SHOPIFY,624,2750,844,1,2,3136,"Wave 2 — in stock, existing range"
657,1066247427099,GB5707 SCHOOL BAG,School,ACTIVE_UNPUBLISHED,47,9500,2500,5,0,0,"Wave 3 — needs reorder, new range"
658,4000156987099,c679-كيس استك اسود,School,NOT_IN_SHOPIFY,36,1156,624,26,6,90,"Wave 1 — in stock, new arrival"
659,6223018170211,Tank insulated plastic water bottle mini super cool 650ml space,Various,ACTIVE_UNPUBLISHED,357,15325,3354,62,-1,-163,"Wave 4 — needs reorder, older range"
660,1073091238012,209421-2 Girls Light Denim Boyfriend Shorts with Rolled Cuffs,Clothing,NOT_IN_SHOPIFY,77,2076,621,4,62,18600,"Wave 1 — in stock, new arrival"
661,205669645602Y,23915 Girls Outfit Set,Clothing,ACTIVE_UNPUBLISHED,106,2300,618,2,12,8400,"Wave 1 — in stock, new arrival"
662,1066648652099,110605 Trolley Bag Stitch Design 18 Inch,School,ACTIVE_UNPUBLISHED,49,10845,2463,3,0,0,"Wave 3 — needs reorder, new range"
663,1066648644099,676291 Trolley Bag bear Design 18 Inch,School,ACTIVE_UNPUBLISHED,49,10845,2463,3,0,0,"Wave 3 — needs reorder, new range"
664,6223003247584,Tank BTL move 750ml cotton candy G.box,Various,ACTIVE_UNPUBLISHED,83,2625,614,3,37,21042,"Wave 1 — in stock, new arrival"
665,30422100,OurKids Dinosaurs Gift Bag,Various,NOT_IN_SHOPIFY,376,3354,829,169,1331,16638,"Wave 2 — in stock, existing range"
666,0194735356638,JKV26 Mattel Disney And Pixar T-S 5 Interactables B-Z Lightyear 18 cm Movie Phrases & Cross Talk,Toys,ACTIVE_UNPUBLISHED,49,7980,2450,4,0,0,"Wave 3 — needs reorder, new range"
667,4001254745099,2517-11-كورة بلاستيك متنوعة D-N,Various,NOT_IN_SHOPIFY,48,1397,612,28,3,66,"Wave 1 — in stock, new arrival"
668,8436624380389,Banbo Toys - Sockers Sports: Football - Argentina - Leo Messi No.10 (Action Figure) (20 Cm),Toys,NOT_IN_SHOPIFY,75,1990,611,2,2,1135,"Wave 1 — in stock, new arrival"
669,4003583197682,Sun Cream 75ML,Baby Essentials,ACTIVE_UNPUBLISHED,756,8198,3287,12,0,0,"Wave 4 — needs reorder, older range"
670,4000785689099,1378-5 سجاده فوم ك 2*2,Toys,ACTIVE_UNPUBLISHED,60,8414,2431,10,0,0,"Wave 3 — needs reorder, new range"
671,221093,New WALLET,Various (Consignment),NOT_IN_SHOPIFY,751,3658,820,21,95,10806,"Wave 2 — in stock, existing range"
672,1023226515034,26119 Sneakers,Clothing,NOT_IN_SHOPIFY,186,2594,819,4,5,1820,"Wave 2 — in stock, existing range"
673,4000157004099,B651-مشبك ابيض,School,NOT_IN_SHOPIFY,36,1105,605,13,23,644,"Wave 1 — in stock, new arrival"
674,1043635476099,1242 Qafash white,School,NOT_IN_SHOPIFY,48,1161,602,26,22,352,"Wave 1 — in stock, new arrival"
675,1050495735099,k206 اسکوتر  اسود SP,Toys,ACTIVE_UNPUBLISHED,15,9580,2403,5,0,0,"Wave 3 — needs reorder, new range"
676,1062489737038,25184 Sneakers,Clothing,NOT_IN_SHOPIFY,35,1786,597,2,10,4850,"Wave 1 — in stock, new arrival"
677,4000157020099,C652-استك ابيض,School,NOT_IN_SHOPIFY,36,1038,596,35,10,90,"Wave 1 — in stock, new arrival"
678,1063674934099, 25013 Backpack + Pencil Case  19 Inch,School,ACTIVE_UNPUBLISHED,45,8975,2373,5,0,0,"Wave 3 — needs reorder, new range"
679,10504850,MAINTENANCE ,Services,NOT_IN_SHOPIFY,679,3650,3202,4,0,0,"Wave 4 — needs reorder, older range"
680,8364217982768,[20036-87] Electric Drift Car with Training Wheels Assorted Designs 4 2 1,Toys (Consignment),NOT_IN_SHOPIFY,355,9891,800,1,3,23628,"Wave 2 — in stock, existing range"
681,1043635548099,A306 Steak navy,School,NOT_IN_SHOPIFY,48,1164,589,18,40,960,"Wave 1 — in stock, new arrival"
682,1066648623099,391255 Backpack Unicorn Design 17 Inch,School,ACTIVE_UNPUBLISHED,49,10374,2350,5,0,0,"Wave 3 — needs reorder, new range"
683,1052885783099,T5272 20-inch Backpack - Black,School,ACTIVE_UNPUBLISHED,45,14357,2344,5,0,0,"Wave 3 — needs reorder, new range"
684,1043672715099,N213 Kids Girls Sunglasses,Clothing,NOT_IN_SHOPIFY,127,1824,790,9,25,2250,"Wave 2 — in stock, existing range"
685,4000157052099,C641-استك اسود *ابيض,School,NOT_IN_SHOPIFY,36,986,585,40,4,28,"Wave 1 — in stock, new arrival"
686,6920000021840,[6920000021840] Ben-10 Baby Foosball Table,Toys (Consignment),NOT_IN_SHOPIFY,753,3750,789,2,6,7500,"Wave 2 — in stock, existing range"
687,105043600,MAINTENANCE,Services,NOT_IN_SHOPIFY,711,3600,3158,1,0,0,"Wave 4 — needs reorder, older range"
688,2073995852099,موتوسيكل 029,Toys (Consignment),ACTIVE_UNPUBLISHED,33,13200,2339,2,0,0,"Wave 3 — needs reorder, new range"
689,1012596824099,[10125-99] Toy Large Beads Box - Arts & Crafts,Toys,NOT_IN_SHOPIFY,371,2720,786,2,6,4800,"Wave 2 — in stock, existing range"
690,4000156991099,C673-كيس استك ابيض,School,NOT_IN_SHOPIFY,36,1040,582,30,1,11,"Wave 1 — in stock, new arrival"
691,1034089574099,صعيدى cards,Party,NOT_IN_SHOPIFY,54,1601,582,47,783,13702,"Wave 1 — in stock, new arrival"
692,1052883581099,2992-16.5-inch Trolley bag - Black/Green - T-Rex,School,ACTIVE_UNPUBLISHED,20,13110,2320,6,0,0,"Wave 3 — needs reorder, new range"
693,1033141397099,ST635B مدفع بلي مايه,Toys (Consignment),NOT_IN_SHOPIFY,100,2749,579,1,1,1833,"Wave 1 — in stock, new arrival"
694,1033141396099,ST635B مدفع بلي مايه,Toys (Consignment),NOT_IN_SHOPIFY,100,2749,579,1,8,14661,"Wave 1 — in stock, new arrival"
695,5056080617985,     Moonlight ﻛﺮﺳﻰ ﺳﻴﺎﺭﺓ ﺍﻯ ﺳﻨﺎﺝ ﺗﻮ ,Toys,ACTIVE_UNPUBLISHED,575,9780,3120,1,0,0,"Wave 4 — needs reorder, older range"
696,4000157051099,C576-مشبك ابيض,School,NOT_IN_SHOPIFY,36,1034,575,19,16,280,"Wave 1 — in stock, new arrival"
697,1052570263014,100101240 Swim Robe,Clothing,NOT_IN_SHOPIFY,111,2080,574,2,26,16253,"Wave 1 — in stock, new arrival"
698,1052554719010,100100542 Swim Robe,Clothing,NOT_IN_SHOPIFY,91,2080,574,2,58,36256,"Wave 1 — in stock, new arrival"
699,4000157044099,C649-كيس استك ابيض,School,NOT_IN_SHOPIFY,36,1022,574,23,12,168,"Wave 1 — in stock, new arrival"
700,4000748732099,963-BaBY waLker bery 3*1,Toys,ACTIVE_UNPUBLISHED,558,10149,3093,7,0,0,"Wave 4 — needs reorder, older range"
701,4000113154099,685-Beige crossbody bag,Various,NOT_IN_SHOPIFY,69,1200,573,3,1,160,"Wave 1 — in stock, new arrival"
702,1004425787099,Helium M,Services,NOT_IN_SHOPIFY,751,1200,773,10,264,7392,"Wave 2 — in stock, existing range"
703,4000182670099,557 كلبس كبير,Clothing,NOT_IN_SHOPIFY,33,1036,571,15,21,472,"Wave 1 — in stock, new arrival"
704,1049858650034,RZ1 LED Flash Light Sneaker with Wheels & USB Charging,Clothing,NOT_IN_SHOPIFY,60,7600,2281,4,0,0,"Wave 3 — needs reorder, new range"
705,0194735308361,"JFX98-Mattel Barbie Dream Besties Doll and Accessories,",Toys,NOT_IN_SHOPIFY,429,2500,768,1,2,2851,"Wave 2 — in stock, existing range"
706,4001513109099,[4001513109099] Toddler Girls Checkered Fur Snap Clip,Various,ACTIVE_UNPUBLISHED,215,1420,766,16,67,2010,"Wave 2 — in stock, existing range"
707,1060154232099,7542-Standard Slime Clay,School,NOT_IN_SHOPIFY,109,1596,567,17,12,588,"Wave 1 — in stock, new arrival"
708,1053872567099,306 Necklace Set Rose Shapes,Clothing,NOT_IN_SHOPIFY,166,1830,765,6,36,5040,"Wave 2 — in stock, existing range"
709,1053872564099,303 Necklace Set Bonbon,Clothing,NOT_IN_SHOPIFY,166,1830,765,6,45,6300,"Wave 2 — in stock, existing range"
710,6020240618890,1806/(GCC) 152 GRAIN GENIUS ARCHITECT FLYING DOG EDITION,Toys (Consignment),NOT_IN_SHOPIFY,687,2760,763,1,1,1658,"Wave 2 — in stock, existing range"
711,4000157006099,C559-استك ابيض,School,NOT_IN_SHOPIFY,36,1023,565,19,17,298,"Wave 1 — in stock, new arrival"
712,1063674923099, 25-007 Backpack + Pencil Case  ,School,ACTIVE_UNPUBLISHED,45,8720,2249,4,0,0,"Wave 3 — needs reorder, new range"
713,2060300248809,عجلة فروزين  12م 112/12,Toys (Consignment),NOT_IN_SHOPIFY,32,3500,562,1,3,7525,"Wave 1 — in stock, new arrival"
714,4002125511099,IP-1 زمزميه معدن 500ML M-K,School,ACTIVE_UNPUBLISHED,50,6449,2236,13,0,0,"Wave 3 — needs reorder, new range"
715,4000157034099,C590-قفاش صغير اسود,School,NOT_IN_SHOPIFY,36,1030,559,23,48,720,"Wave 1 — in stock, new arrival"
716,4000169582099,412 Girls' hair elastic,Clothing,NOT_IN_SHOPIFY,76,1035,558,14,54,1350,"Wave 1 — in stock, new arrival"
717,1003980925003,188 Onesie,Clothing,ACTIVE_UNPUBLISHED,21,2233,556,3,15,7015,"Wave 1 — in stock, new arrival"
718,1043635508099,A191 Clipse navy,School,NOT_IN_SHOPIFY,48,1032,555,35,13,130,"Wave 1 — in stock, new arrival"
719,1014896994099,17MT01B/4 channel high speed R/C car 2 colors include battery,Toys (Consignment),NOT_IN_SHOPIFY,687,2702,749,1,2,3242,"Wave 2 — in stock, existing range"
720,4000169615099,447 stick,Clothing,NOT_IN_SHOPIFY,76,990,553,18,19,332,"Wave 1 — in stock, new arrival"
721,1060150453099,MD-337 MICHAEL 6pcs 6 Fluorescent Colors Set / Stand,Toys,NOT_IN_SHOPIFY,463,2188,746,17,21,1449,"Wave 2 — in stock, existing range"
722,1071495838099,102 استاند اسكوشي دامبلبنج شخصيات 12*1,Toys,ACTIVE_UNPUBLISHED,57,1755,549,9,1,110,"Wave 1 — in stock, new arrival"
723,4001590710099,442 Digital wrist watch,Clothing,NOT_IN_SHOPIFY,117,1080,547,4,7,700,"Wave 1 — in stock, new arrival"
724,4000169574099,493 Sortit,Clothing,NOT_IN_SHOPIFY,76,1000,547,10,43,1419,"Wave 1 — in stock, new arrival"
725,2026011155308,FD28M GOLDSTAMPGIFTBAG(32X26X10CM),Various (Consignment),NOT_IN_SHOPIFY,64,1424,546,22,2,64,"Wave 1 — in stock, new arrival"
726,0035051987710,MGA-987710/LOL OMG MID Doll Miss Royale (LTD) ,Toys,NOT_IN_SHOPIFY,672,2660,737,2,7,5588,"Wave 2 — in stock, existing range"
727,1004496285099,[1004496285099] Baby Crib Mattress 120x70cm - Large,Baby Essentials,NOT_IN_SHOPIFY,644,2100,736,3,348,129202,"Wave 2 — in stock, existing range"
728,4000156993099,C510-مشبك ابيض,School,NOT_IN_SHOPIFY,36,1020,545,14,21,525,"Wave 1 — in stock, new arrival"
729,4000156999099,C500-مشبك ابيض,School,NOT_IN_SHOPIFY,36,1008,544,17,6,120,"Wave 1 — in stock, new arrival"
730,4000157001099,B610-بندانه ابيض,School,NOT_IN_SHOPIFY,36,978,543,14,21,472,"Wave 1 — in stock, new arrival"
731,4000134268099,88 Hair Strand Elastic Bow,Various,NOT_IN_SHOPIFY,386,1335,733,18,20,487,"Wave 2 — in stock, existing range"
732,4000886941099,1-154 Backpack - Simon,School,NOT_IN_SHOPIFY,98,1130,541,2,2,450,"Wave 1 — in stock, new arrival"
733,2056697247004,19423-1 BOYS  Short,Clothing,ACTIVE_UNPUBLISHED,57,3750,539,5,7,3850,"Wave 1 — in stock, new arrival"
734,4000157016099,C625-مشبك ابيض,School,NOT_IN_SHOPIFY,36,1002,539,17,55,1100,"Wave 1 — in stock, new arrival"
735,1043672710099,N228 Girls Sunglasses,Clothing,NOT_IN_SHOPIFY,127,1650,727,6,18,2160,"Wave 2 — in stock, existing range"
736,1066648650099,165624 Trolley Bag Mermaid cat Design 18 Inch,School,ACTIVE_UNPUBLISHED,49,10484,2146,3,0,0,"Wave 3 — needs reorder, new range"
737,1066648639099,711778 Trolley Bag Seahorse Design 18 Inch,School,ACTIVE_UNPUBLISHED,49,10484,2146,3,0,0,"Wave 3 — needs reorder, new range"
738,4000157008099,C624-مشبك ابيض,School,NOT_IN_SHOPIFY,36,986,534,22,47,705,"Wave 1 — in stock, new arrival"
739,1043635531099,A320 Clipse white,School,NOT_IN_SHOPIFY,48,1019,534,30,3,36,"Wave 1 — in stock, new arrival"
740,6222049764802,182500-P10-SSC26 Midnight Sparks Senior Pencil case 1L,School (Consignment),NOT_IN_SHOPIFY,35,3474,532,6,16,6709,"Wave 1 — in stock, new arrival"
741,4002182673099,S40 مج شاليموه استانلس بينك S-T 1200ML,School,ACTIVE_UNPUBLISHED,19,6449,2125,13,0,0,"Wave 3 — needs reorder, new range"
742,2056697119008,23968 Boys Outfit Set,Clothing,ACTIVE_UNPUBLISHED,75,3510,529,3,6,5100,"Wave 1 — in stock, new arrival"
743,2056697117004,23968 Boys Outfit Set,Clothing,ACTIVE_UNPUBLISHED,75,3510,529,3,6,5100,"Wave 1 — in stock, new arrival"
744,4000157054099,C468-قفاش ك ابيض,School,NOT_IN_SHOPIFY,36,976,526,22,14,210,"Wave 1 — in stock, new arrival"
745,1068989276099,119-B-R  Double Decker Lunch Bag LB SMIGGLE Fuchsia,School,ACTIVE_UNPUBLISHED,13,11052,2095,8,0,0,"Wave 3 — needs reorder, new range"
746,8364217982530,[8364217982530] Kids Scooter with Light and Support Handle 1002,Toys (Consignment),ACTIVE_UNPUBLISHED,751,17600,2825,2,0,0,"Wave 4 — needs reorder, older range"
747,1043635546099,A155 Steak white,School,NOT_IN_SHOPIFY,48,1034,523,16,1,24,"Wave 1 — in stock, new arrival"
748,1043615643099,35 Sortit 2*1,Various,NOT_IN_SHOPIFY,113,1040,522,13,17,510,"Wave 1 — in stock, new arrival"
749,1060154231099,4123-Standard Slime Clay,School,NOT_IN_SHOPIFY,109,1470,520,14,16,880,"Wave 1 — in stock, new arrival"
750,1043672714099,N235 Kids Girls Sunglasses,Clothing,NOT_IN_SHOPIFY,127,1620,701,8,24,2160,"Wave 2 — in stock, existing range"
751,1065975565099,CPS2NP642 Banana Cup Set 2-Piece 300ml - Navy & Purple,Various,ACTIVE_UNPUBLISHED,286,2943,700,22,2,171,"Wave 2 — in stock, existing range"
752,6942046018196,7308M SILVERSTAMPGIFTBAG(32X26X10CM),Various (Consignment),NOT_IN_SHOPIFY,64,1352,516,21,5,160,"Wave 1 — in stock, new arrival"
753,4000169599099,409 buckle Jeans,Clothing,NOT_IN_SHOPIFY,76,945,514,7,23,1035,"Wave 1 — in stock, new arrival"
754,4000182693099,671 كيس استك,Clothing,NOT_IN_SHOPIFY,33,891,512,30,6,54,"Wave 1 — in stock, new arrival"
755,1043635509099,A325 Sortit white,School,NOT_IN_SHOPIFY,48,945,509,32,22,220,"Wave 1 — in stock, new arrival"
756,4000156995099,C555-قفاس وسط اسود,School,NOT_IN_SHOPIFY,36,939,509,21,14,210,"Wave 1 — in stock, new arrival"
757,1067992149099,Shoulder Bag,Various,ACTIVE_UNPUBLISHED,75,7710,2026,6,0,0,"Wave 3 — needs reorder, new range"
758,1066671727099,345650 Backpack Mermaid Design 17 Inch,School,ACTIVE_UNPUBLISHED,5,2230,506,1,11,15950,"Wave 1 — in stock, new arrival"
759,1053178350099,31646-Lunch Box 450ml - Aqua,Various,NOT_IN_SHOPIFY,573,3630,681,12,20,4172,"Wave 2 — in stock, existing range"
760,1066648620099,672064 Backpack Cars Design 17 Inch,School,ACTIVE_UNPUBLISHED,49,8455,2017,4,0,0,"Wave 3 — needs reorder, new range"
761,4000157030099,C656-استك شعر بناتي ابيض,School,NOT_IN_SHOPIFY,36,956,502,28,5,60,"Wave 1 — in stock, new arrival"
762,4000157055099,C553-قفاش ك اسود,School,NOT_IN_SHOPIFY,36,900,501,18,16,256,"Wave 1 — in stock, new arrival"
763,1003985175002,1662 Pajama,Clothing,ACTIVE_UNPUBLISHED,22,1600,501,4,24,5413,"Wave 1 — in stock, new arrival"
764,1060154178099,MD-6314-Stainless Steel Water Bottle,School,ACTIVE_UNPUBLISHED,109,1425,500,3,1,250,"Wave 1 — in stock, new arrival"
765,4000113145099,696-Silver crossbody bag,Various,NOT_IN_SHOPIFY,69,1140,500,2,8,2000,"Wave 1 — in stock, new arrival"
766,4001795822099,69871 كرسى بيبى 18ك بترابيزة طعام 4*1رمادى,Baby Essentials,ACTIVE_UNPUBLISHED,41,5100,1996,2,0,0,"Wave 3 — needs reorder, new range"
767,1052898282099,991 -15-inch Backpack - Maroon/Navy - S-P,School,ACTIVE_UNPUBLISHED,34,11850,1995,8,0,0,"Wave 3 — needs reorder, new range"
768,540042807996,[540042807996] SW20 Swing with Bar Chair,Toys,NOT_IN_SHOPIFY,751,3515,673,2,6,7232,"Wave 2 — in stock, existing range"
769,6942046028584,2242M GOLDSTAMPGIFTBAG(32X26X10CM),Various (Consignment),NOT_IN_SHOPIFY,64,1294,496,20,2,64,"Wave 1 — in stock, new arrival"
770,1066671733099,105002  Lunch Bag  Flowers Design,School,ACTIVE_UNPUBLISHED,5,8760,1984,6,0,0,"Wave 3 — needs reorder, new range"
771,1060134708099,نوتة فواصل + قلم  SC-217-6,School,ACTIVE_UNPUBLISHED,83,1442,495,7,1,110,"Wave 1 — in stock, new arrival"
772,1060154150099,H15100-Stainless Steel Water Bottle,School,ACTIVE_UNPUBLISHED,109,5640,1977,6,0,0,"Wave 3 — needs reorder, new range"
773,1060154153099,H15100-Stainless Steel Water Bottle,School,ACTIVE_UNPUBLISHED,109,5640,1977,6,0,0,"Wave 3 — needs reorder, new range"
774,4000169577099,491 Sortit,Clothing,NOT_IN_SHOPIFY,76,900,492,9,16,528,"Wave 1 — in stock, new arrival"
775,4001250309099,68154 Baby Boy High Chair 18kg - Blue*Green,Baby Essentials,ACTIVE_UNPUBLISHED,515,5700,2658,3,0,0,"Wave 4 — needs reorder, older range"
776,4000169580099,422 buckle Kitty,Clothing,NOT_IN_SHOPIFY,76,900,489,12,16,400,"Wave 1 — in stock, new arrival"
777,1033152967099,8101 دريفت شاحن,Toys (Consignment),NOT_IN_SHOPIFY,100,10999,1949,1,0,0,"Wave 3 — needs reorder, new range"
778,1033152965099,8104 دريفت شاحن,Toys (Consignment),NOT_IN_SHOPIFY,100,10999,1949,1,0,0,"Wave 3 — needs reorder, new range"
779,4000182676099,562 مشبك فيونكه دانتيل,Clothing,NOT_IN_SHOPIFY,33,874,487,16,20,350,"Wave 1 — in stock, new arrival"
780,1073091251004,309421-2 Girls Light Denim Boyfriend Shorts with Rolled Cuffs,Clothing,NOT_IN_SHOPIFY,77,1647,485,3,29,9280,"Wave 1 — in stock, new arrival"
781,4001250308099,68153 Baby Girl High Chair 18kg - Pink,Baby Essentials,ACTIVE_UNPUBLISHED,515,5700,2617,3,0,0,"Wave 4 — needs reorder, older range"
782,6942046018462,7282L GOLDSTAMPGIFTBAG(40X30X12CM),Various (Consignment),NOT_IN_SHOPIFY,64,1280,484,16,7,279,"Wave 1 — in stock, new arrival"
783,1043615651099,1591 Qafash,Various,NOT_IN_SHOPIFY,113,960,482,8,6,270,"Wave 1 — in stock, new arrival"
784,4000486543099,3338 كيس حيوانات 6*1 jungle paradise,Toys,NOT_IN_SHOPIFY,104,1575,482,9,9,900,"Wave 1 — in stock, new arrival"
785,1014058690099,36025 Bestway Frosted Neon Swim Ring,Summer,NOT_IN_SHOPIFY,756,2339,648,15,26,2434,"Wave 2 — in stock, existing range"
786,5056080623580,كرسى سيارة اى سناج Raven,Baby Essentials,ACTIVE_UNPUBLISHED,167,9780,2574,1,0,0,"Wave 4 — needs reorder, older range"
787,1043635544099,A237 Steak navy,School,NOT_IN_SHOPIFY,48,952,475,12,46,1380,"Wave 1 — in stock, new arrival"
788,6223003247744,Tank BTL Quencher 1200ml Hot Pink,School,ACTIVE_UNPUBLISHED,369,2190,641,2,3,1920,"Wave 2 — in stock, existing range"
789,1060154159099,H10301-Plastic Water Bottle,School,ACTIVE_UNPUBLISHED,109,5554,1897,7,0,0,"Wave 3 — needs reorder, new range"
790,1043635517099,A327  Box Steak white,School,NOT_IN_SHOPIFY,48,745,474,30,30,180,"Wave 1 — in stock, new arrival"
791,4001014684099,668-140 Baby Music Play Mat - Green,Toys,ACTIVE_UNPUBLISHED,525,8174,2550,11,0,0,"Wave 4 — needs reorder, older range"
792,4000157003099,C671-كيس استك ابيض,School,NOT_IN_SHOPIFY,36,825,472,28,7,63,"Wave 1 — in stock, new arrival"
793,1069775986099,162 Wicker crossbody bag - off-white,School,NOT_IN_SHOPIFY,116,990,470,1,4,1593,"Wave 1 — in stock, new arrival"
794,6955265607904,1723 SERPENT THE ESCORT CARRIER BUILDING BLOCK 646PCS,Toys (Consignment),NOT_IN_SHOPIFY,627,2288,634,1,2,2746,"Wave 2 — in stock, existing range"
795,1043635482099,A283 Sortit white,School,NOT_IN_SHOPIFY,48,816,470,41,14,84,"Wave 1 — in stock, new arrival"
796,4000182668099,619 قفاش ص,Clothing,NOT_IN_SHOPIFY,33,853,469,9,27,837,"Wave 1 — in stock, new arrival"
797,884920656185,[10331-65618] Kids Girls Unicorn Craft Activity Set,Various (Consignment),NOT_IN_SHOPIFY,344,2998,631,2,2,1999,"Wave 2 — in stock, existing range"
798,4000748731099,965-BaBY waLker pink 3*1,Toys,ACTIVE_UNPUBLISHED,558,8554,2524,6,0,0,"Wave 4 — needs reorder, older range"
799,2056697056004,19451 Boys Shirt,Clothing,ACTIVE_UNPUBLISHED,92,8740,467,8,2,1800,"Wave 1 — in stock, new arrival"
800,2072069844099,78030  1X WEAN SIPPEE 150ML,Baby Essentials (Consignment),ACTIVE_UNPUBLISHED,83,2925,466,4,1,525,"Wave 1 — in stock, new arrival"
801,1043684515099,Kids Sunglasses 220,Various,NOT_IN_SHOPIFY,638,1435,629,7,6,540,"Wave 2 — in stock, existing range"
802,4000169606099,425 Tic Tac   Pence,Clothing,NOT_IN_SHOPIFY,76,850,466,10,16,448,"Wave 1 — in stock, new arrival"
803,4000134267099,91 Hair Strand Clip Bow,Various,NOT_IN_SHOPIFY,386,1134,628,19,59,1138,"Wave 2 — in stock, existing range"
804,1068512218099,23-بوانسر امبريلا بطاوله طعام,Various,ACTIVE_UNPUBLISHED,13,2030,461,1,1,1320,"Wave 1 — in stock, new arrival"
805,221089,221089 NEW WALLET,Various (Consignment),NOT_IN_SHOPIFY,488,2820,621,19,50,4875,"Wave 2 — in stock, existing range"
806,8412497992959,3350 بى ريدى لانش بوكس مقسم 3 اقسام ملون  ستانلس 1000 مللى BREADY,Various,NOT_IN_SHOPIFY,20,2097,1839,3,-3,0,"Wave 3 — needs reorder, new range"
807,0194735352555,"JKL95 Mattel Disney And Pixar T-S 5 Running W-O 12 Inch Action Figure, 50 Plus Sounds",Toys,ACTIVE_UNPUBLISHED,49,5990,1839,2,0,0,"Wave 3 — needs reorder, new range"
808,1004495147099, سرير خشب زان 120*70,Various,NOT_IN_SHOPIFY,28,9500,1833,1,0,0,"Wave 3 — needs reorder, new range"
809,4000169576099,492 Sortit,Clothing,NOT_IN_SHOPIFY,76,842,458,10,10,280,"Wave 1 — in stock, new arrival"
810,2073991753099,[20739-HD15-1] Kids Ride-On Jeep Car 2 Motors HD15 - Baby Blue,Toys (Consignment),ACTIVE_UNPUBLISHED,190,13950,2472,1,0,0,"Wave 4 — needs reorder, older range"
811,5010576145789,Thermos Funtainer 355 ml Vacuum Insulated Straw Bottle - Pink,School,ACTIVE_UNPUBLISHED,756,9381,2469,6,-3,-2880,"Wave 4 — needs reorder, older range"
812,5056080601168,كرسى سيارة تريللو إل إكس Ember,Baby Essentials,NOT_IN_SHOPIFY,356,9380,2468,1,0,0,"Wave 4 — needs reorder, older range"
813,1050496416099,"[1050496416099] Hoverboard 10"" Ride-On Scooter - Blue",Toys,ACTIVE_UNPUBLISHED,657,8794,2464,1,0,0,"Wave 4 — needs reorder, older range"
814,1043635487099,A326  Box Steak black,School,NOT_IN_SHOPIFY,48,718,455,29,15,90,"Wave 1 — in stock, new arrival"
815,1052898344099,2991-15-inch Trolley bag - Red/Navy - C-R,School,ACTIVE_UNPUBLISHED,34,10225,1819,5,0,0,"Wave 3 — needs reorder, new range"
816,1052898332099,2991-15-inch Trolley bag - Fuchsia/Purple - Lol,School,ACTIVE_UNPUBLISHED,34,10225,1819,5,0,0,"Wave 3 — needs reorder, new range"
817,2072592503099,Y-MB3388P-K vehicle type:BENZ X packing12V-7AH*1 MOTORS(540W)*4,Toys (Consignment),NOT_IN_SHOPIFY,333,13855,2454,1,0,0,"Wave 4 — needs reorder, older range"
818,2069539876099,N6038 مشاية تعليمية و لهاية موسيقي و ضوء,Toys (Consignment),NOT_IN_SHOPIFY,288,8860,2453,4,0,0,"Wave 4 — needs reorder, older range"
819,4000732880099,YT618-سجادة بيبى بيانو بينكAnimal love,Toys,ACTIVE_UNPUBLISHED,126,7059,2452,11,0,0,"Wave 4 — needs reorder, older range"
820,0194735239689,HTV86-Mattel Disney Princess Fashion Doll Set. Spin,Toys,NOT_IN_SHOPIFY,349,1995,612,1,3,3412,"Wave 2 — in stock, existing range"
821,2073683659099,Twist car (8 inches) red spider  ice fire دريفت 36 فولت مفتاح خوزة و طقم سفتي,Toys (Consignment),ACTIVE_UNPUBLISHED,18,10145,1799,1,0,0,"Wave 3 — needs reorder, new range"
822,8364217982759,بيتش باجي ميني 9916/2025,Toys (Consignment),NOT_IN_SHOPIFY,112,2800,449,1,8,16053,"Wave 1 — in stock, new arrival"
823,1043686954099,N164 Kids Sunglasses,Clothing,NOT_IN_SHOPIFY,12,1025,449,5,19,1710,"Wave 1 — in stock, new arrival"
824,281134,H.B.D 120,Clothing (Consignment),NOT_IN_SHOPIFY,752,2040,606,17,180,12528,"Wave 2 — in stock, existing range"
825,1043672708099,N180 Girls Sunglasses,Clothing,NOT_IN_SHOPIFY,127,1375,606,5,24,2880,"Wave 2 — in stock, existing range"
826,4000182649099,660 بندانه اطفال عريضة,Clothing,NOT_IN_SHOPIFY,33,825,449,11,37,925,"Wave 1 — in stock, new arrival"
827,4000169617099,479 Anklet Kids,Clothing,NOT_IN_SHOPIFY,76,833,449,12,5,118,"Wave 1 — in stock, new arrival"
828,4001068153099,08016 مرجيحه ماستيلا 3*1 تاتش رمادي,Baby Essentials,ACTIVE_UNPUBLISHED,25,5350,1793,1,0,0,"Wave 3 — needs reorder, new range"
829,9328577016523,[9328577016523] Gift Wrapping Paper - Light Blue,Various (Consignment),NOT_IN_SHOPIFY,753,1600,604,40,145,2900,"Wave 2 — in stock, existing range"
830,1014178926032,028 Matte White Ballerina,Clothing,NOT_IN_SHOPIFY,96,1080,446,2,2,502,"Wave 1 — in stock, new arrival"
831,1050495726099,احمر*اصفر ناري كوره  هوفر بورد 6.5,Toys,ACTIVE_UNPUBLISHED,15,6760,1780,1,0,0,"Wave 3 — needs reorder, new range"
832,4001556114099,[40015-124] Girls Medium Hair Clip,Clothing,NOT_IN_SHOPIFY,225,1094,600,20,70,1260,"Wave 2 — in stock, existing range"
833,1023814642006,1474 UnderShirt,Clothing,ACTIVE_UNPUBLISHED,725,2456,598,31,100,5021,"Wave 2 — in stock, existing range"
834,1073091252006,309421-2 Girls Light Denim Boyfriend Shorts with Rolled Cuffs,Clothing,NOT_IN_SHOPIFY,77,1233,442,2,34,10880,"Wave 1 — in stock, new arrival"
835,4000175939099,303 Hair Clip Medium,Clothing,NOT_IN_SHOPIFY,183,1117,596,32,130,1560,"Wave 2 — in stock, existing range"
836,1068353069028,W-2427 Half Boot,Clothing,NOT_IN_SHOPIFY,652,1698,596,2,1,447,"Wave 2 — in stock, existing range"
837,4000157049099,C672-كيس استك,School,NOT_IN_SHOPIFY,36,822,441,14,20,400,"Wave 1 — in stock, new arrival"
838,4001014685099,668-140 Baby Music Play Mat - Orange,Toys,ACTIVE_UNPUBLISHED,525,7499,2378,10,0,0,"Wave 4 — needs reorder, older range"
839,1068525794099,X4-stroller umbrella x 4,Baby Essentials,NOT_IN_SHOPIFY,144,18155,2375,4,0,0,"Wave 4 — needs reorder, older range"
840,6910806230126,[6910806230126] Urbini Baby Lightweight Stroller,Baby Essentials (Consignment),ACTIVE_UNPUBLISHED,751,8560,2373,2,0,0,"Wave 4 — needs reorder, older range"
841,1023295250024,26131 Sneakers,Clothing,NOT_IN_SHOPIFY,95,1330,439,2,26,9465,"Wave 1 — in stock, new arrival"
842,6223018170600,"Tank Tritan - Printed, 525ml Space Blue",Various,ACTIVE_UNPUBLISHED,54,1850,437,10,1,119,"Wave 1 — in stock, new arrival"
843,1052885700099,3993 18-inch Trolley bag - Turquoise/Navy - Paw Patrol,School,ACTIVE_UNPUBLISHED,45,2470,437,1,1,1730,"Wave 1 — in stock, new arrival"
844,4000714894099,MTK022 أورج اليكترونى بالكرسى والميكرفون 37 مفتاح بينك,Toys,NOT_IN_SHOPIFY,97,1500,436,1,1,880,"Wave 1 — in stock, new arrival"
845,6222049724769,Smiley Faces Large DuffelTwo Pockets,Summer (Consignment),ACTIVE_UNPUBLISHED,138,3300,585,2,2,2310,"Wave 2 — in stock, existing range"
846,1065963536099,[1065963536099] Banana Divided Lunch Box 1.5L - Purple,School,NOT_IN_SHOPIFY,404,2450,584,17,46,4237,"Wave 2 — in stock, existing range"
847,2056697121012,23968 Boys Outfit Set,Clothing,ACTIVE_UNPUBLISHED,75,2430,432,2,6,5100,"Wave 1 — in stock, new arrival"
848,2056697249008,19423-1 BOYS  Short,Clothing,ACTIVE_UNPUBLISHED,57,3000,432,4,6,3300,"Wave 1 — in stock, new arrival"
849,4000113186099,687-Mauve crossbody bag,Various,NOT_IN_SHOPIFY,69,900,429,2,3,540,"Wave 1 — in stock, new arrival"
850,4000113183099,687-Pink crossbody bag,Various,NOT_IN_SHOPIFY,69,900,429,2,3,540,"Wave 1 — in stock, new arrival"
851,4000113133099,708-Orange waist bag,Various,NOT_IN_SHOPIFY,69,900,429,3,4,480,"Wave 1 — in stock, new arrival"
852,4000113140099,665-Pink shoulder bag,Various,NOT_IN_SHOPIFY,69,900,429,4,1,90,"Wave 1 — in stock, new arrival"
853,4000113134099,708-green waist bag,Various,NOT_IN_SHOPIFY,69,900,429,3,4,480,"Wave 1 — in stock, new arrival"
854,4000113185099,687-Mint crossbody bag,Various,NOT_IN_SHOPIFY,69,900,429,2,3,540,"Wave 1 — in stock, new arrival"
855,4000157019099,C653-استك شعر بناتي ابيض,School,NOT_IN_SHOPIFY,36,797,429,27,9,90,"Wave 1 — in stock, new arrival"
856,4000156988099,B803-سورتيت ابيض ,School,NOT_IN_SHOPIFY,36,790,429,16,80,1320,"Wave 1 — in stock, new arrival"
857,1023291216030,26104 Sneakers,Clothing,NOT_IN_SHOPIFY,239,1770,579,3,11,3570,"Wave 2 — in stock, existing range"
858,1014156033033,079 Sandal,Clothing,NOT_IN_SHOPIFY,550,660,579,2,4,0,"Wave 2 — in stock, existing range"
859,1043635505099,A305 Sortit white,School,NOT_IN_SHOPIFY,48,852,428,16,43,860,"Wave 1 — in stock, new arrival"
860,1067858437099,[1067858437099] Baby Nail File 905 - Mint,Baby Essentials,ACTIVE_UNPUBLISHED,725,5400,2308,18,0,0,"Wave 4 — needs reorder, older range"
861,6942046021462,7288M 3D+SILVERSTAMPGIFTBAG(32X26X10CM),Various (Consignment),NOT_IN_SHOPIFY,64,1105,427,17,2,64,"Wave 1 — in stock, new arrival"
862,2026011155339,FD29M GOLDSTAMPGIFTBAG(32X26X10CM),Various (Consignment),NOT_IN_SHOPIFY,64,1105,427,17,4,128,"Wave 1 — in stock, new arrival"
863,4000157000099,C647-مشبك ابيض *كحلي ,School,NOT_IN_SHOPIFY,36,764,426,14,22,385,"Wave 1 — in stock, new arrival"
864,2317460000005,A670E Doll 45cm Camilla Fashion,Toys (Consignment),NOT_IN_SHOPIFY,530,2525,574,1,5,8206,"Wave 2 — in stock, existing range"
865,6222049765120,Electric Blue Senior Lunch bag 5L,School (Consignment),DRAFT,8,2398,425,2,10,8393,"Wave 1 — in stock, new arrival"
866,1054490846099,9018 Romper,Clothing,NOT_IN_SHOPIFY,98,2042,423,4,5,1710,"Wave 1 — in stock, new arrival"
867,1067992150099,Shoulder Bag,Various,ACTIVE_UNPUBLISHED,75,6425,1689,5,0,0,"Wave 3 — needs reorder, new range"
868,1067992159099,Shoulder Bag,Various,ACTIVE_UNPUBLISHED,75,6425,1689,5,0,0,"Wave 3 — needs reorder, new range"
869,1073091240009,209421-3 Girls Medium Denim Boyfriend Shorts with Rolled Cuffs,Clothing,NOT_IN_SHOPIFY,77,1505,420,3,60,18000,"Wave 1 — in stock, new arrival"
870,1071425743099,3226/شنطة هدايا D-NمقاسM,Toys,NOT_IN_SHOPIFY,109,1220,419,31,28,588,"Wave 1 — in stock, new arrival"
871,1023291217031,26104 Sneakers,Clothing,NOT_IN_SHOPIFY,239,1753,564,3,13,4219,"Wave 2 — in stock, existing range"
872,4000182663099,592 مشبك شخصيات,Clothing,NOT_IN_SHOPIFY,33,772,418,13,23,460,"Wave 1 — in stock, new arrival"
873,0878931002031,F203 SAFETY HARNESS,Baby Essentials,NOT_IN_SHOPIFY,756,1947,564,3,6,2289,"Wave 2 — in stock, existing range"
874,1071854788009,8004  Girls' Flowers Print Short-Sleeve Pajama Set -Olive Green,Clothing,NOT_IN_SHOPIFY,102,1702,417,4,31,8339,"Wave 1 — in stock, new arrival"
875,1050412318099,"[1050412318099] Hoverboard 10"" - Purple",Toys,ACTIVE_UNPUBLISHED,160,8550,2250,1,0,0,"Wave 4 — needs reorder, older range"
876,4002125510099,IP-1 زمزميه معدن 500ML Lotso,School,NOT_IN_SHOPIFY,50,4899,1666,10,0,0,"Wave 3 — needs reorder, new range"
877,8364217982443,[20036-120/12] C-R 12-Inch Bicycle 120/12 - Red,Toys (Consignment),NOT_IN_SHOPIFY,355,3500,562,1,8,20067,"Wave 2 — in stock, existing range"
878,1067825803099,[10678-8032] Baby Electric Nasal Aspirator & Ear Cleaner 8032 - Mint,Baby Essentials,ACTIVE_UNPUBLISHED,144,6001,2240,11,0,0,"Wave 4 — needs reorder, older range"
879,1072112353099,Hoverboard 10 Inch,Toys,ACTIVE_UNPUBLISHED,488,8500,2237,1,0,0,"Wave 4 — needs reorder, older range"
880,1071410598099,685B شنطة هدايا كرافت بوكس,Various,NOT_IN_SHOPIFY,117,1428,413,24,48,1680,"Wave 1 — in stock, new arrival"
881,1066648648099,579197-2 Trolley Bag Minecraft Design 18 Inch,School,ACTIVE_UNPUBLISHED,49,7230,1642,2,0,0,"Wave 3 — needs reorder, new range"
882,1003995753005,104 UnderShirt,Clothing,NOT_IN_SHOPIFY,751,1728,553,9,115,12305,"Wave 2 — in stock, existing range"
883,4894680030268,X-Shot Skins Dread (12 Darts) Poppy Playtime S1,Toys,NOT_IN_SHOPIFY,751,1799,552,1,8,8206,"Wave 2 — in stock, existing range"
884,4000113138099,697-Silver crossbody bag,Various,NOT_IN_SHOPIFY,69,850,406,2,10,1700,"Wave 1 — in stock, new arrival"
885,1071895876006,DK-10 Unisex Baby 2 Pack Short-Sleeve Bodysuit - White,Clothing,NOT_IN_SHOPIFY,77,1220,405,5,157,20881,"Wave 1 — in stock, new arrival"
886,0884920340503,[0884920340503] Barbie Hair Coloring Machine,Toys (Consignment),NOT_IN_SHOPIFY,678,2598,547,2,3,2598,"Wave 2 — in stock, existing range"
887,1071495873099,25247NAB  NEEDOH JELLY FISH بينك,Toys,ACTIVE_UNPUBLISHED,57,1350,404,6,1,130,"Wave 1 — in stock, new arrival"
888,6949762220322,[6949762220322] Car Racing Track Pullback Set,Toys (Consignment),NOT_IN_SHOPIFY,753,2585,544,1,1,1723,"Wave 2 — in stock, existing range"
889,4000754874099, YT613/سجاده بيبي بيانو اخضر Park,Toys,ACTIVE_UNPUBLISHED,32,4549,1611,7,0,0,"Wave 3 — needs reorder, new range"
890,30422104,OurKids Gift Wrapping Paper - Blue,Various,NOT_IN_SHOPIFY,376,2186,542,110,1511,18888,"Wave 2 — in stock, existing range"
891,4000886943099,1-154-1 Backpack - Tiger Black,School,NOT_IN_SHOPIFY,98,855,400,2,4,700,"Wave 1 — in stock, new arrival"
892,1003985176003,1662 Pajama,Clothing,ACTIVE_UNPUBLISHED,22,1275,399,3,21,5033,"Wave 1 — in stock, new arrival"
893,1014178951027,027 Shiny White Ballerina,Clothing,NOT_IN_SHOPIFY,96,1026,398,2,2,502,"Wave 1 — in stock, new arrival"
894,6223016742298,"Mamino.DP- SOLOFEED -
DIGITAL Breast Pump",Baby Essentials,ACTIVE_UNPUBLISHED,426,9280,2149,3,0,0,"Wave 4 — needs reorder, older range"
895,202512115648,18002-41 حوت بالريموت,Toys (Consignment),ACTIVE_UNPUBLISHED,99,1750,398,1,1,1138,"Wave 1 — in stock, new arrival"
896,6955265606068,2719 Black shark cruiser 675pcs,Toys (Consignment),NOT_IN_SHOPIFY,627,2174,534,1,1,1373,"Wave 2 — in stock, existing range"
897,1014896835099,CZ147BD/1：24 Pull Back alloy car(3 Open the door/spray 3colour)include battery,Toys (Consignment),NOT_IN_SHOPIFY,687,1923,533,1,4,4615,"Wave 2 — in stock, existing range"
898,6941607364642,41113 bestway inflatable unicorn 224x164cm,Summer,ACTIVE_UNPUBLISHED,119,5697,1579,3,0,0,"Wave 3 — needs reorder, new range"
899,4000157014099,C583-علبة قفاش ص اسود,School,NOT_IN_SHOPIFY,36,735,395,10,25,625,"Wave 1 — in stock, new arrival"
900,1052885670099,993 18-inch Backpack - Orange/Navy - Batman,School,ACTIVE_UNPUBLISHED,45,8925,1579,5,0,0,"Wave 3 — needs reorder, new range"
901,30422103,OurKids Gift Wrapping Paper - Red,Various,NOT_IN_SHOPIFY,376,2131,532,107,1605,20062,"Wave 2 — in stock, existing range"
902,1060154223099,YY-574-Water Bottle,School,ACTIVE_UNPUBLISHED,109,1125,393,3,1,198,"Wave 1 — in stock, new arrival"
903,2072514580099,NT-912-TOYS CAR,Toys (Consignment),NOT_IN_SHOPIFY,99,5640,1563,2,0,0,"Wave 3 — needs reorder, new range"
904,1062496805024,Q2509 Outfit Set,Clothing,ACTIVE_UNPUBLISHED,520,601,527,1,1,0,"Wave 2 — in stock, existing range"
905,1052885768099,T5262 20-inch Backpack - Gray/Black,School,ACTIVE_UNPUBLISHED,45,8790,1561,3,0,0,"Wave 3 — needs reorder, new range"
906,1052869365099,T5261 20-inch Backpack - Gray/Black,School,ACTIVE_UNPUBLISHED,44,8790,1561,3,0,0,"Wave 3 — needs reorder, new range"
907,4246110135,424611 Sneakers,Clothing,NOT_IN_SHOPIFY,452,1390,524,1,2,1390,"Wave 2 — in stock, existing range"
908,1052555551010,100101474 One-Piece Swimsuit,Clothing,NOT_IN_SHOPIFY,69,990,388,2,20,4807,"Wave 1 — in stock, new arrival"
909,1052557488004,100101474 One-Piece Swimsuit,Clothing,ACTIVE_UNPUBLISHED,69,990,388,2,21,5047,"Wave 1 — in stock, new arrival"
910,1052557487002,100101474 One-Piece Swimsuit,Clothing,ACTIVE_UNPUBLISHED,69,990,388,2,20,4807,"Wave 1 — in stock, new arrival"
911,9328577003509,[9328577003509] M-K Gift Wrapping Paper,Various (Consignment),NOT_IN_SHOPIFY,753,1392,521,35,116,2320,"Wave 2 — in stock, existing range"
912,2073812179099,9333A-2-سيارة سبايدر مان للتحكم عن بعد بقفاز  8 اتجاهات حيلة دوارة مزدوجة الجوانب مع تحكم عن بعد 360 درجة مع دفع رباعي. قابلة لإعادة الشحن,Toys (Consignment),DRAFT,27,1699,386,1,1,1104,"Wave 1 — in stock, new arrival"
913,1043635536099,A324 Sortit white,School,NOT_IN_SHOPIFY,48,695,386,28,27,216,"Wave 1 — in stock, new arrival"
914,1060154188099,009-019-Plastic Water Bottle,School,ACTIVE_UNPUBLISHED,109,1100,385,2,2,580,"Wave 1 — in stock, new arrival"
915,4000836038099,14-100 Cap,Clothing,NOT_IN_SHOPIFY,111,780,384,3,44,4400,"Wave 1 — in stock, new arrival"
916,4000182682099,618 قفاش وسط,Clothing,NOT_IN_SHOPIFY,33,700,383,7,65,2145,"Wave 1 — in stock, new arrival"
917,4000157040099,C558-قفاش اسود,School,NOT_IN_SHOPIFY,36,693,383,10,61,1372,"Wave 1 — in stock, new arrival"
918,1013646779012, 7419 Pajama,Clothing,NOT_IN_SHOPIFY,95,1653,383,2,2,1067,"Wave 1 — in stock, new arrival"
919,4000113176099,684-Cashmere Crossbody Bag,Various,NOT_IN_SHOPIFY,69,800,382,2,4,640,"Wave 1 — in stock, new arrival"
920,4000113175099,684-Beige crossbody bag,Various,NOT_IN_SHOPIFY,69,800,382,2,2,320,"Wave 1 — in stock, new arrival"
921,4000113172099,684-Cafe crossbody bag,Various,NOT_IN_SHOPIFY,69,800,382,2,2,320,"Wave 1 — in stock, new arrival"
922,6972885466957,11014 Building Block Assault Manhunt Operation 517pcs,Toys (Consignment),NOT_IN_SHOPIFY,627,1855,514,1,3,3340,"Wave 2 — in stock, existing range"
923,1003937599012,25204213 Pajama,Clothing,NOT_IN_SHOPIFY,131,1260,513,4,11,1628,"Wave 2 — in stock, existing range"
924,6223018170235,Tank insulated plastic water bottle mini super cool 650ml girls,Various,ACTIVE_UNPUBLISHED,357,1950,513,8,1,150,"Wave 2 — in stock, existing range"
925,4001170630099,145 شنطة الوان معدن ك يونيفرس,Baby Essentials,ACTIVE_UNPUBLISHED,21,4000,1517,5,0,0,"Wave 3 — needs reorder, new range"
926,1034021357099,Baby Boy Cards,Party,NOT_IN_SHOPIFY,751,1362,512,39,114,1995,"Wave 2 — in stock, existing range"
927,1060154200099,YY-8302-Plastic Water Bottle,School,ACTIVE_UNPUBLISHED,109,4350,1516,10,0,0,"Wave 3 — needs reorder, new range"
928,4000175986099,374 Metal Clamps Gold 1,Clothing,NOT_IN_SHOPIFY,183,980,510,10,35,1225,"Wave 2 — in stock, existing range"
929,1066648672099,435321  Lunch Bag Mermaid   Design,School,ACTIVE_UNPUBLISHED,49,1399,377,1,1,850,"Wave 1 — in stock, new arrival"
930,1066648670099,278833  Lunch Bag Football   Design,School,ACTIVE_UNPUBLISHED,49,1399,377,1,1,850,"Wave 1 — in stock, new arrival"
931,4000157038099,C575-مشبك ابيض,School,NOT_IN_SHOPIFY,36,704,377,13,31,574,"Wave 1 — in stock, new arrival"
932,2051378502099,Nursing Cover - Navy,Baby Essentials (Consignment),ACTIVE_UNPUBLISHED,525,2240,509,7,1,208,"Wave 2 — in stock, existing range"
933,1051163960099,[1051163960099] Balance Bike Aluminum A3-AL 10 - Purple,Toys,NOT_IN_SHOPIFY,751,7736,2036,1,0,0,"Wave 4 — needs reorder, older range"
934,1014896821099,CZ128B/1:24 Pull Back alloy 4 open car door GTR sports car with lights and sound black/red/white 3 colors,Toys (Consignment),NOT_IN_SHOPIFY,687,1836,509,1,2,2203,"Wave 2 — in stock, existing range"
935,1054490847003,9018 Romper,Clothing,NOT_IN_SHOPIFY,98,1599,377,3,8,2736,"Wave 1 — in stock, new arrival"
936,1053815675099,278 Rose Chain,Various,NOT_IN_SHOPIFY,333,1194,507,6,12,1080,"Wave 2 — in stock, existing range"
937,1060150455099,2259-1 MICHAEL Pastel Highlighter Pen 144pcs / Stand,School,NOT_IN_SHOPIFY,463,1375,506,28,119,2975,"Wave 2 — in stock, existing range"
938,1060150404099,3064 Michael Shaped Correction Tape / Stand,School,NOT_IN_SHOPIFY,463,1469,505,16,77,3773,"Wave 2 — in stock, existing range"
939,1060154230099,4124-Standard Slime Clay,School,NOT_IN_SHOPIFY,109,1050,371,10,7,385,"Wave 1 — in stock, new arrival"
940,1060154387099,ZM-281-Pencil Case,School,ACTIVE_UNPUBLISHED,109,4257,1484,10,0,0,"Wave 3 — needs reorder, new range"
941,4895038510807,001080 Speedster Driver,Toys,ACTIVE_UNPUBLISHED,751,2432,500,2,1,817,"Wave 2 — in stock, existing range"
942,1014050369099,36025 Bestway Frosted Neon Swim Ring,Summer,NOT_IN_SHOPIFY,756,1853,500,12,20,1875,"Wave 2 — in stock, existing range"
943,4000182690099,645 استك *قفاش,Clothing,NOT_IN_SHOPIFY,33,674,370,17,19,247,"Wave 1 — in stock, new arrival"
944,2066986737040,353 Socks (Pack Of 3),Clothing (Consignment),NOT_IN_SHOPIFY,29,1345,370,9,63,5670,"Wave 1 — in stock, new arrival"
945,0842817038865,[842817038865] Kids Light-Up Jewelry Box,Toys (Consignment),ACTIVE_UNPUBLISHED,631,2370,499,2,1,790,"Wave 2 — in stock, existing range"
946,1071725485099,Maltose - Slow Rising - Rebound Sugar Ice Pyramids Bubble Shining Mixed color CDU 12PCS,Toys,NOT_IN_SHOPIFY,43,1200,368,8,2,171,"Wave 1 — in stock, new arrival"
947,1054490887099,135 Towel,Clothing,NOT_IN_SHOPIFY,98,1150,368,5,9,1154,"Wave 1 — in stock, new arrival"
948,2073995848099,موتوسيكل 047,Toys (Consignment),ACTIVE_UNPUBLISHED,33,8295,1470,1,0,0,"Wave 3 — needs reorder, new range"
949,4000182675099,611 استك فيونكه جينز,Clothing,NOT_IN_SHOPIFY,33,675,367,9,27,675,"Wave 1 — in stock, new arrival"
950,2071975393099,6530 BABY TROLLEY,Baby Essentials (Consignment),NOT_IN_SHOPIFY,182,8680,1971,1,0,0,"Wave 4 — needs reorder, older range"
951,1023886425099,0040 Towel,Baby Essentials,NOT_IN_SHOPIFY,501,1904,492,12,23,2257,"Wave 2 — in stock, existing range"
952,1043615635099,404 Sortit,Various,NOT_IN_SHOPIFY,113,735,365,7,16,640,"Wave 1 — in stock, new arrival"
953,4000169591099,484 Girls' hair elastic,Clothing,NOT_IN_SHOPIFY,76,654,364,12,63,1102,"Wave 1 — in stock, new arrival"
954,1052898343099,2991-15-inch Trolley bag - Maroon/Navy - S-P,School,ACTIVE_UNPUBLISHED,34,8180,1455,4,0,0,"Wave 3 — needs reorder, new range"
955,6942046019896,7288L 3D+SILVERSTAMPGIFTBAG(40X30X12CM),Various (Consignment),NOT_IN_SHOPIFY,64,960,363,12,9,359,"Wave 1 — in stock, new arrival"
956,6942046020977,7308L SILVERSTAMPGIFTBAG(40X30X12CM),Various (Consignment),NOT_IN_SHOPIFY,64,960,363,12,4,160,"Wave 1 — in stock, new arrival"
957,4000169625099,416 Stick,Clothing,NOT_IN_SHOPIFY,76,660,363,9,22,528,"Wave 1 — in stock, new arrival"
958,4001295827099,2081-1D طقم خوذة وسيفتى fire بينك,Toys,ACTIVE_UNPUBLISHED,36,3499,1446,10,0,0,"Wave 3 — needs reorder, new range"
959,4000169622099,458 Qafash,Clothing,NOT_IN_SHOPIFY,76,668,361,9,14,350,"Wave 1 — in stock, new arrival"
960,4000175949099,268 Girls Hair Elastic,Clothing,NOT_IN_SHOPIFY,183,880,486,22,29,377,"Wave 2 — in stock, existing range"
961,4000182662099,555 قفاش وسط,Clothing,NOT_IN_SHOPIFY,33,666,359,15,21,315,"Wave 1 — in stock, new arrival"
962,1060134661099,براية اشكال  8912,School,NOT_IN_SHOPIFY,83,1030,358,23,145,3444,"Wave 1 — in stock, new arrival"
963,540855232099001,[540855232099001] RN32 الهزاز  - Blue,Toys,NOT_IN_SHOPIFY,751,1600,481,1,9,8301,"Wave 2 — in stock, existing range"
964,6942046028096,2242S GOLDSTAMPGIFTBAG(23X18X10CM),Various (Consignment),NOT_IN_SHOPIFY,64,900,356,20,6,130,"Wave 1 — in stock, new arrival"
965,8803733285339,[10726-100] Lock & Lock Togo Lunch Box Square 950ml - Blue,Various,NOT_IN_SHOPIFY,365,1800,477,3,6,2203,"Wave 2 — in stock, existing range"
966,1043615634099,1565 Sortit,Various,NOT_IN_SHOPIFY,113,690,353,7,3,108,"Wave 1 — in stock, new arrival"
967,1066648612099,532806 Backpack Jurassic park Design 17 Inch,School,ACTIVE_UNPUBLISHED,49,6225,1411,3,0,0,"Wave 3 — needs reorder, new range"
968,1066648604099,486046 Backpack Rainbow Design 17 Inch,School,ACTIVE_UNPUBLISHED,49,6225,1411,3,0,0,"Wave 3 — needs reorder, new range"
969,1066648614099,716704-3 Backpack Moana Design 17 Inch,School,ACTIVE_UNPUBLISHED,49,6224,1410,3,0,0,"Wave 3 — needs reorder, new range"
970,6942046019490,7308S SILVERSTAMPGIFTBAG(23X18X10CM),Various (Consignment),NOT_IN_SHOPIFY,64,896,352,20,16,347,"Wave 1 — in stock, new arrival"
971,4001068165099,2301 Piano Walker,Baby Essentials,ACTIVE_UNPUBLISHED,25,4800,1405,2,0,0,"Wave 3 — needs reorder, new range"
972,4002125518099,IP-2 زمزميه معدن 800ML M-I,School,ACTIVE_UNPUBLISHED,50,1000,351,2,2,526,"Wave 1 — in stock, new arrival"
973,4000157046099,C595-بنس اسود,School,NOT_IN_SHOPIFY,36,630,350,9,27,608,"Wave 1 — in stock, new arrival"
974,2073995875099,كارسيت049kidilo,Baby Essentials (Consignment),ACTIVE_UNPUBLISHED,33,7900,1400,2,0,0,"Wave 3 — needs reorder, new range"
975,6975400028203,SE2792 BABY SEAT,Toys (Consignment),NOT_IN_SHOPIFY,333,1700,471,1,1,1020,"Wave 2 — in stock, existing range"
976,4000113158099,685-Simone crossbody bag,Various,NOT_IN_SHOPIFY,69,760,347,2,3,480,"Wave 1 — in stock, new arrival"
977,4001068148099,68144 كرسي بيبي اولادي 18 ك لبني*اخضر,Baby Essentials,ACTIVE_UNPUBLISHED,25,3800,1383,2,0,0,"Wave 3 — needs reorder, new range"
978,4001068149099,68156 كرسي بيبي اولادي 18 ك بستاج*لبني,Baby Essentials,ACTIVE_UNPUBLISHED,25,3800,1383,2,0,0,"Wave 3 — needs reorder, new range"
979,1071895877009,DK-10 Unisex Baby 2 Pack Short-Sleeve Bodysuit - White,Clothing,NOT_IN_SHOPIFY,77,1000,345,4,163,21679,"Wave 1 — in stock, new arrival"
980,6223003245689,0161/super cool mini - printed (circus) 650m,Various,ACTIVE_UNPUBLISHED,641,2231,465,10,1,149,"Wave 2 — in stock, existing range"
981,1071798277099,"Cube-169-3 Bingo Squishy Large soda cans PU Mixed style, with mesh bags 12 pieces",Toys,ACTIVE_UNPUBLISHED,36,4492,1375,60,0,0,"Wave 3 — needs reorder, new range"
982,16074,POS SHIPPING,Services,NOT_IN_SHOPIFY,712,2110,1851,43,0,0,"Wave 4 — needs reorder, older range"
983,1050457981099,"[1050457981099] Hoverboard 6.5"" - Purple",Toys,ACTIVE_UNPUBLISHED,634,6840,1850,1,0,0,"Wave 4 — needs reorder, older range"
984,2056697250010,19423-1 BOYS  Short,Clothing,ACTIVE_UNPUBLISHED,57,3525,342,5,5,2750,"Wave 1 — in stock, new arrival"
985,0194735094363,HJR95-Mattel Barbie Fashion Doll Glitz Brunette in Teal Metallic Dress,Toys,NOT_IN_SHOPIFY,429,1500,461,2,2,855,"Wave 2 — in stock, existing range"
986,6020240618074,898-2106/Infant train Series with light & music no include battery,Toys (Consignment),NOT_IN_SHOPIFY,687,1660,460,1,3,2986,"Wave 2 — in stock, existing range"
987,6222360620376,JX20376L شنطة تلوين لول,Toys (Consignment),ACTIVE_UNPUBLISHED,99,5999,1363,10,0,0,"Wave 3 — needs reorder, new range"
988,8001011169665,16966 M-I Arm Bands,Summer,ACTIVE_UNPUBLISHED,47,1120,340,6,1,107,"Wave 1 — in stock, new arrival"
989,1066295843099,TRO-NEW- BLUE 17'',School,ACTIVE_UNPUBLISHED,55,5348,1360,7,0,0,"Wave 3 — needs reorder, new range"
990,4002125515099,IP-2 زمزميه معدن 800ML Lotso,School,ACTIVE_UNPUBLISHED,50,3949,1359,8,0,0,"Wave 3 — needs reorder, new range"
991,1054485696012,9034 Dress,Clothing,ACTIVE_UNPUBLISHED,91,1296,339,2,3,1197,"Wave 1 — in stock, new arrival"
992,6942046018424,7288S 3D+SILVERSTAMPGIFTBAG(23X18X10CM),Various (Consignment),NOT_IN_SHOPIFY,64,855,338,19,8,173,"Wave 1 — in stock, new arrival"
993,1067992157099,Shoulder Bag,Various,ACTIVE_UNPUBLISHED,75,5140,1351,4,0,0,"Wave 3 — needs reorder, new range"
994,1067992160099,Shoulder Bag,Various,ACTIVE_UNPUBLISHED,75,1285,338,1,1,789,"Wave 1 — in stock, new arrival"
995,1071854787006,8004  Girls' Flowers Print Short-Sleeve Pajama Set -Olive Green,Clothing,NOT_IN_SHOPIFY,102,998,337,2,31,8339,"Wave 1 — in stock, new arrival"
996,205669711603Y,23920 Girls T-Shirt,Clothing,ACTIVE_UNPUBLISHED,75,1180,335,2,8,2800,"Wave 1 — in stock, new arrival"
997,1043635513099,A300 Steak white,School,NOT_IN_SHOPIFY,48,2694,1340,32,0,0,"Wave 3 — needs reorder, new range"
998,1043635490099,A106 Steak white,School,NOT_IN_SHOPIFY,48,2641,1333,41,0,0,"Wave 3 — needs reorder, new range"
999,4246100135,424610 Sneakers,Clothing,NOT_IN_SHOPIFY,452,1190,449,1,1,595,"Wave 2 — in stock, existing range"
1000,1052898283099,991 -15-inch Backpack - Black - T-Rex,School,ACTIVE_UNPUBLISHED,34,7500,1329,5,0,0,"Wave 3 — needs reorder, new range"
1001,1060154151099,H15100-Stainless Steel Water Bottle,School,ACTIVE_UNPUBLISHED,109,3760,1318,4,0,0,"Wave 3 — needs reorder, new range"
1002,4001513119099,[4001513119099] Toddler Girls Heart Medal,Various,NOT_IN_SHOPIFY,215,962,444,4,54,5400,"Wave 2 — in stock, existing range"
1003,6464655470733,951A مسدس مايه,Toys (Consignment),NOT_IN_SHOPIFY,55,1560,328,8,4,520,"Wave 1 — in stock, new arrival"
1004,5902533925049,5049-High chair 2in1 TUMMIE Gery,Baby Essentials (Consignment),ACTIVE_UNPUBLISHED,600,10000,1772,1,0,0,"Wave 4 — needs reorder, older range"
1005,1052885692099,3993 18-inch Trolley bag - Navy - Sonic,School,ACTIVE_UNPUBLISHED,45,7410,1310,3,0,0,"Wave 3 — needs reorder, new range"
1006,1052885696099,3993 18-inch Trolley bag - Orange/Navy - Batman,School,ACTIVE_UNPUBLISHED,45,7410,1310,3,0,0,"Wave 3 — needs reorder, new range"
1007,1072191022099,651-2 Hoverboard 6.5 Inch,Toys,ACTIVE_UNPUBLISHED,293,6715,1768,1,0,0,"Wave 4 — needs reorder, older range"
1008,4000169575099,489 Sortit,Clothing,NOT_IN_SHOPIFY,76,600,326,10,10,200,"Wave 1 — in stock, new arrival"
1009,1003995755007,104 UnderShirt,Clothing,NOT_IN_SHOPIFY,750,1414,440,7,113,12926,"Wave 2 — in stock, existing range"
1010,1023226513032,26119 Sneakers,Clothing,NOT_IN_SHOPIFY,186,1330,439,2,7,2548,"Wave 2 — in stock, existing range"
1011,1023226517036,26119 Sneakers,Clothing,NOT_IN_SHOPIFY,186,1330,439,2,5,1820,"Wave 2 — in stock, existing range"
1012,1062489629028,25192 Sneakers,Clothing,NOT_IN_SHOPIFY,35,900,324,1,16,7440,"Wave 1 — in stock, new arrival"
1013,2066986734004,412 Socks (Pack Of 3),Clothing (Consignment),NOT_IN_SHOPIFY,29,1190,324,12,75,4500,"Wave 1 — in stock, new arrival"
1014,2056697248006,19423-1 BOYS  Short,Clothing,ACTIVE_UNPUBLISHED,57,2250,324,3,6,3300,"Wave 1 — in stock, new arrival"
1015,1069790613099,[1069790613099] Toddler Girls Large Bow Hat - Multicolor,Clothing,NOT_IN_SHOPIFY,491,800,436,2,3,398,"Wave 2 — in stock, existing range"
1016,1073075863004,309421-3 Girls Medium Denim Boyfriend Shorts with Rolled Cuffs,Clothing,NOT_IN_SHOPIFY,76,1098,323,2,29,9280,"Wave 1 — in stock, new arrival"
1017,1068512212099,93-امبريلا x 5 r,Various,NOT_IN_SHOPIFY,13,5690,1291,1,0,0,"Wave 3 — needs reorder, new range"
1018,1071725484099,Maltose - Slow Rising - Rebound Sugar Ice Pyramids Bubble Shining Mixed color CDU 12PCS,Toys,NOT_IN_SHOPIFY,43,1050,322,7,4,342,"Wave 1 — in stock, new arrival"
1019,1071425741099,شنطة هدايا متنوعة مستطيلة ك /TL5,Toys,NOT_IN_SHOPIFY,109,960,322,16,38,1235,"Wave 1 — in stock, new arrival"
1020,540846235099001,[540846235099001] NS304 Slide,Toys,NOT_IN_SHOPIFY,751,1920,434,1,6,7502,"Wave 2 — in stock, existing range"
1021,4000169623099,457 Qafash,Clothing,NOT_IN_SHOPIFY,76,605,321,12,51,892,"Wave 1 — in stock, new arrival"
1022,2056697030006,23887 Girls Dress,Clothing,ACTIVE_UNPUBLISHED,92,3420,320,4,6,4020,"Wave 1 — in stock, new arrival"
1023,2056697001006,23882 Girls Dress,Clothing,ACTIVE_UNPUBLISHED,98,3420,320,4,6,4020,"Wave 1 — in stock, new arrival"
1024,5010993805082,F0803-NER TRICERABLAST,Toys,NOT_IN_SHOPIFY,751,1899,431,1,1,1234,"Wave 2 — in stock, existing range"
1025,8690089071965,[7196] PREMIUM POTTY - STONE GRAY,Toys,NOT_IN_SHOPIFY,336,1490,431,1,4,3503,"Wave 2 — in stock, existing range"
1026,6942046021387,7276S 3D+GOLDGIFTBAG(23X18X10CM),Various (Consignment),NOT_IN_SHOPIFY,64,808,319,18,18,390,"Wave 1 — in stock, new arrival"
1027,1052898336099,2991-15-inch Trolley bag - Pink/Purple - Unicorn,School,ACTIVE_UNPUBLISHED,34,7976,1276,4,0,0,"Wave 3 — needs reorder, new range"
1028,205669645412M,23915 Girls Outfit Set,Clothing,ACTIVE_UNPUBLISHED,106,3556,319,4,8,5600,"Wave 1 — in stock, new arrival"
1029,2071917388099,[20719-DHN-64] DHN-64 Baby Stroller - Light Grey,Various (Consignment),NOT_IN_SHOPIFY,389,7575,1720,1,0,0,"Wave 4 — needs reorder, older range"
1030,6955265606051,2718 WHALE SUBMARINE BUILDING BLOCK 466PCS,Toys (Consignment),NOT_IN_SHOPIFY,627,1547,429,1,4,3714,"Wave 2 — in stock, existing range"
1031,4000714939099,A777-153A جوانتي وقاذف طلقات S-P,Toys,ACTIVE_UNPUBLISHED,97,1000,317,8,1,70,"Wave 1 — in stock, new arrival"
1032,2073952741099,[2073952741099] Kids Beach Sport 3-Wheel Motorbike HD11 - Red,Toys (Consignment),NOT_IN_SHOPIFY,238,9650,1710,1,0,0,"Wave 4 — needs reorder, older range"
1033,4000836099099,12-5025 Cap,Clothing,ACTIVE_UNPUBLISHED,111,600,316,3,5,350,"Wave 1 — in stock, new arrival"
1034,2056697065012,19452 Boys Shirt,Clothing,ACTIVE_UNPUBLISHED,92,2070,316,2,6,4500,"Wave 1 — in stock, new arrival"
1035,6953314525964,66195-4 مكعبات علبه 80 ق,Toys (Consignment),ACTIVE_UNPUBLISHED,55,6221,1263,9,0,0,"Wave 3 — needs reorder, new range"
1036,1067892548099,بانيو في علبة ملونة 186,Baby Essentials,NOT_IN_SHOPIFY,102,1135,316,1,1,680,"Wave 1 — in stock, new arrival"
1037,000428150027,42815 Socks (Pack Of 3),Clothing (Consignment),NOT_IN_SHOPIFY,116,1416,315,15,110,6792,"Wave 1 — in stock, new arrival"
1038,1066648625099,677881-2 Backpack Rabbit Design 17 Inch,School,ACTIVE_UNPUBLISHED,49,4512,1258,2,0,0,"Wave 3 — needs reorder, new range"
1039,1062489721028,25183 Sneakers,Clothing,NOT_IN_SHOPIFY,35,865,314,1,11,4895,"Wave 1 — in stock, new arrival"
1040,1067931589099,D uni-black,Various,ACTIVE_UNPUBLISHED,348,7680,1693,5,0,0,"Wave 4 — needs reorder, older range"
1041,1071851882012,2774 Unisex Oversize T-Shirt,Clothing,NOT_IN_SHOPIFY,517,1012,423,3,12,1860,"Wave 2 — in stock, existing range"
1042,1023844786012,0563 Pantie,Clothing,NOT_IN_SHOPIFY,725,1678,423,8,28,3671,"Wave 2 — in stock, existing range"
1043,8364217982900,عجلة صغيرة 3 ستيتش 56/2026,Toys (Consignment),NOT_IN_SHOPIFY,32,1950,313,1,5,6988,"Wave 1 — in stock, new arrival"
1044,1060154216099,95520-Plastic Water Bottle,School,ACTIVE_UNPUBLISHED,109,3680,1248,10,0,0,"Wave 3 — needs reorder, new range"
1045,6223003244071,Tank BTL SS Easy Open 450ml Orange ,School,NOT_IN_SHOPIFY,369,1830,420,3,17,6717,"Wave 2 — in stock, existing range"
1046,1073091237009,209421-2 Girls Light Denim Boyfriend Shorts with Rolled Cuffs,Clothing,NOT_IN_SHOPIFY,77,1038,311,2,57,17100,"Wave 1 — in stock, new arrival"
1047,1073091242018,209421-3 Girls Medium Denim Boyfriend Shorts with Rolled Cuffs,Clothing,NOT_IN_SHOPIFY,77,1038,311,2,60,18000,"Wave 1 — in stock, new arrival"
1048,205669741609M,3001 Boys Swimsuit,Clothing,NOT_IN_SHOPIFY,13,2370,309,3,12,7080,"Wave 1 — in stock, new arrival"
1049,6942046020007,7282S GOLDSTAMPGIFTBAG(23X18X10CM),Various (Consignment),NOT_IN_SHOPIFY,64,846,309,20,6,130,"Wave 1 — in stock, new arrival"
1050,205669645206M,23915 Girls Outfit Set,Clothing,ACTIVE_UNPUBLISHED,106,1150,309,1,9,6300,"Wave 1 — in stock, new arrival"
1051,1043635501099,A279 Steak white,School,NOT_IN_SHOPIFY,48,2443,1231,38,0,0,"Wave 3 — needs reorder, new range"
1052,4000169637099,467 Qafash K,Clothing,NOT_IN_SHOPIFY,76,550,308,10,7,122,"Wave 1 — in stock, new arrival"
1053,1066648610099,326872 Backpack Unicorn Design 17 Inch,School,ACTIVE_UNPUBLISHED,49,6018,1229,3,0,0,"Wave 3 — needs reorder, new range"
1054,1066648636099,564830 Backpack Metallic Hearts Design 17 Inch,School,ACTIVE_UNPUBLISHED,49,6018,1229,3,0,0,"Wave 3 — needs reorder, new range"
1055,4246100129,424610 Sneakers,Clothing,NOT_IN_SHOPIFY,452,1149,413,1,6,3570,"Wave 2 — in stock, existing range"
1056,4002125494099,2682 لانش بوكس 2 دور بالملعقه وعلبة صوص Unicorn بينك*موف,School,ACTIVE_UNPUBLISHED,50,3374,1223,9,0,0,"Wave 3 — needs reorder, new range"
1057,0194735356553,"JKV16 Mattel Disney And Pixar T-S J-S Action Figure 18 cm Tall Cowgirl, 12 Posable Joints, Playscale",Toys,ACTIVE_UNPUBLISHED,49,3980,1222,4,0,0,"Wave 3 — needs reorder, new range"
1058,8436624380228,Banbo Toys - Sockers Sports: Football - FC Barcelona - Lamine Yamal No.10 (Action Figure) (20 Cm),Toys,ACTIVE_UNPUBLISHED,75,3980,1222,4,0,0,"Wave 3 — needs reorder, new range"
1059,8436624381423,Banbo Toys - Sockers Sports: Football - Argentina - Diego Maradona No.10 (Action Figure) (20 Cm),Toys,NOT_IN_SHOPIFY,75,995,305,1,9,5106,"Wave 1 — in stock, new arrival"
1060,6169740000009,235 R/mini football,Toys (Consignment),NOT_IN_SHOPIFY,751,1480,409,1,2,1778,"Wave 2 — in stock, existing range"
1061,1014899994099,[1014899994099] Toy Metal Pull Back Cars 16 Models Set 32334H - Yellow Bugatti,Toys (Consignment),NOT_IN_SHOPIFY,628,1474,409,2,1,442,"Wave 2 — in stock, existing range"
1062,1072654741099,جوندول جي كابس كوب مع ماصه 400 ملي لبني,School,ACTIVE_UNPUBLISHED,36,1168,303,25,1,29,"Wave 1 — in stock, new arrival"
1063,4001269296099,3320-2 طقم عروسة بالبوسيت والادوات,Toys,ACTIVE_UNPUBLISHED,33,3150,1210,3,0,0,"Wave 3 — needs reorder, new range"
1064,4000185349099,621 - Girls Assorted Large Pouch,Various,NOT_IN_SHOPIFY,176,830,408,2,3,480,"Wave 2 — in stock, existing range"
1065,1053830838099,عقد سمكة  311,Various,NOT_IN_SHOPIFY,92,720,301,3,42,4620,"Wave 1 — in stock, new arrival"
1066,1049795134099,HUGGIES LITTLE SWIMMERS 3_4,Baby Essentials,ACTIVE_UNPUBLISHED,68,6800,1205,8,0,0,"Wave 3 — needs reorder, new range"
1067,1043635483099,A156 Steak white,School,NOT_IN_SHOPIFY,48,2378,1198,37,0,0,"Wave 3 — needs reorder, new range"
1068,1064365874099,200 Poncho A-V,Clothing,ACTIVE_UNPUBLISHED,78,3075,1196,5,0,0,"Wave 3 — needs reorder, new range"
1069,6222046300836,JX-85K-1 Inline Skates - Black Size (31-34),Toys,NOT_IN_SHOPIFY,751,1150,404,1,1,605,"Wave 2 — in stock, existing range"
1070,1044854863099,1001104-Petit Bebe Premium Carry Cot - Navy/Brown,Baby Essentials,ACTIVE_UNPUBLISHED,751,6380,1613,4,0,0,"Wave 4 — needs reorder, older range"
1071,1012546564099,[1012546564099] Toddler Girls Crafts Bag,Various,NOT_IN_SHOPIFY,330,1394,403,1,19,15580,"Wave 2 — in stock, existing range"
1072,4000886965099,1-137 Summer shoulder bag - Mint,School,NOT_IN_SHOPIFY,98,625,298,1,1,250,"Wave 1 — in stock, new arrival"
1073,4000585416099,68129 Baby Chair Boys 18kg - Baby Blue,Toys,ACTIVE_UNPUBLISHED,278,3800,1608,2,0,0,"Wave 4 — needs reorder, older range"
1074,2073870576099,888-2 جوانتى S-P الخارق ذو القوة الخارقة,Toys (Consignment),ACTIVE_UNPUBLISHED,116,1309,297,11,1,77,"Wave 1 — in stock, new arrival"
1075,1074197255008, 4407 Pants,Clothing,NOT_IN_SHOPIFY,95,895,296,1,5,2445,"Wave 1 — in stock, new arrival"
1076,1071470810099,[10714-f5040] f5040 Gift Bag D-N,Toys,NOT_IN_SHOPIFY,257,1235,399,19,49,1764,"Wave 2 — in stock, existing range"
1077,4000764239099,6034\بوتى سلم لبنى,Various,NOT_IN_SHOPIFY,46,850,296,1,1,450,"Wave 1 — in stock, new arrival"
1078,1050495743099,flq519 فيزبا  احمر,Toys,NOT_IN_SHOPIFY,15,4480,1180,1,0,0,"Wave 3 — needs reorder, new range"
1079,2317548000002,A761B Camilla Doll 37cm + Skirt & Melodies,Toys (Consignment),NOT_IN_SHOPIFY,530,1750,398,1,3,3412,"Wave 2 — in stock, existing range"
1080,1014896972099,8920C/18'Evade glue dolls ,Toys (Consignment),NOT_IN_SHOPIFY,687,1430,396,1,1,858,"Wave 2 — in stock, existing range"
1081,1052898307099,992- 16.5-inch Backpack - Black - T-Rex,School,ACTIVE_UNPUBLISHED,34,6580,1172,4,0,0,"Wave 3 — needs reorder, new range"
1082,1052898318099,992- 16.5-inch Backpack - Pink/Purple - P-R,School,ACTIVE_UNPUBLISHED,34,1645,293,1,1,1150,"Wave 1 — in stock, new arrival"
1083,1052898312099,992- 16.5-inch Backpack - Purple/Purple - F-Z,School,ACTIVE_UNPUBLISHED,34,1645,293,1,1,1150,"Wave 1 — in stock, new arrival"
1084,1071476155099,[10714-1212] Birthday Party Confetti Cannon 30cm,Various,NOT_IN_SHOPIFY,314,910,395,26,50,775,"Wave 2 — in stock, existing range"
1085,4000169638099,416 Tic tac,Clothing,NOT_IN_SHOPIFY,76,525,293,7,13,312,"Wave 1 — in stock, new arrival"
1086,2056697118006,23968 Boys Outfit Set,Clothing,ACTIVE_UNPUBLISHED,75,3240,292,3,6,5100,"Wave 1 — in stock, new arrival"
1087,2071919026099,[2071919026099] DA4-120 Baby Stroller K868 - Blue,Baby Essentials (Consignment),NOT_IN_SHOPIFY,489,6930,1576,1,0,0,"Wave 4 — needs reorder, older range"
1088,2071996755099,L1128 TOILET BOWL,Baby Essentials (Consignment),NOT_IN_SHOPIFY,123,1735,393,1,1,1129,"Wave 2 — in stock, existing range"
1089,6223003247812,Tank BTL ICE 480ml Black,School,ACTIVE_UNPUBLISHED,369,1420,393,2,1,426,"Wave 2 — in stock, existing range"
1090,8364217982902,عجلة صغيرة 3 بومي 729/2026,Toys (Consignment),NOT_IN_SHOPIFY,32,1800,289,1,3,3870,"Wave 1 — in stock, new arrival"
1091,4000169604099,487 Girls' hair elastic,Clothing,NOT_IN_SHOPIFY,76,534,288,9,13,260,"Wave 1 — in stock, new arrival"
1092,4005556149766,BTAC25SAJ001-4Y شراب أطفال ديزنى 3 ط 4-6 B-M,Clothing,NOT_IN_SHOPIFY,20,975,288,5,31,3517,"Wave 1 — in stock, new arrival"
1093,2071963745099,[2071963745099] Baby Car Seat DJ7-94 - Grey,Various (Consignment),NOT_IN_SHOPIFY,280,6840,1554,1,0,0,"Wave 4 — needs reorder, older range"
1094,6953315372048,[10331-3700-2AK] Remote Control Dinosaur,Toys (Consignment),ACTIVE_UNPUBLISHED,168,7380,1554,4,0,0,"Wave 4 — needs reorder, older range"
1095,1054490844006,9018 Romper,Clothing,NOT_IN_SHOPIFY,98,1107,287,2,2,684,"Wave 1 — in stock, new arrival"
1096,1054490848006,9018 Romper,Clothing,NOT_IN_SHOPIFY,98,1107,287,2,2,684,"Wave 1 — in stock, new arrival"
1097,4002125543099,1266 مقلمه 2 سوسته+ميداليه F-Z موف,School,ACTIVE_UNPUBLISHED,50,2779,1148,14,0,0,"Wave 3 — needs reorder, new range"
1098,4000113177099,713-dark denim waist bag,Various,NOT_IN_SHOPIFY,69,600,286,2,7,840,"Wave 1 — in stock, new arrival"
1099,4000113149099,711-Aqua waist bag,Various,NOT_IN_SHOPIFY,69,600,286,2,2,240,"Wave 1 — in stock, new arrival"
1100,4000113150099,71-Off-white waist bag,Various,NOT_IN_SHOPIFY,69,600,286,2,1,120,"Wave 1 — in stock, new arrival"
1101,4717385947931,[10668-13] Philips Premium Alkaline AA Batteries 2pcs on Card,Various,NOT_IN_SHOPIFY,340,1100,386,10,20,1158,"Wave 2 — in stock, existing range"
1102,1023215942031,26117 Sneakers,Clothing,NOT_IN_SHOPIFY,197,1180,386,2,8,2596,"Wave 2 — in stock, existing range"
1103,1023215939028,26117 Sneakers,Clothing,NOT_IN_SHOPIFY,197,1180,386,2,1,325,"Wave 2 — in stock, existing range"
1104,4002065804099,SM98 سوستة ك springky,Toys,ACTIVE_UNPUBLISHED,55,870,285,6,1,80,"Wave 1 — in stock, new arrival"
1105,1071491231099,[10714-2523-2] Football Club Stitched Ball,Toys,NOT_IN_SHOPIFY,235,1100,385,4,7,1015,"Wave 2 — in stock, existing range"
1106,0764460727401,Granzia Bambino Sutiafeed Electric Breast Pump,Clothing,ACTIVE_UNPUBLISHED,692,6100,1538,1,0,0,"Wave 4 — needs reorder, older range"
1107,1071895880024,DK-10 Unisex Baby 2 Pack Short-Sleeve Bodysuit - White,Clothing,NOT_IN_SHOPIFY,77,795,283,3,162,22356,"Wave 1 — in stock, new arrival"
1108,1071895879018,DK-10 Unisex Baby 2 Pack Short-Sleeve Bodysuit - White,Clothing,NOT_IN_SHOPIFY,77,795,283,3,164,22632,"Wave 1 — in stock, new arrival"
1109,205669711502Y,23920 Girls T-Shirt,Clothing,ACTIVE_UNPUBLISHED,75,1121,283,2,8,2800,"Wave 1 — in stock, new arrival"
1110,1054485700012,9028 Dress,Clothing,ACTIVE_UNPUBLISHED,91,1524,282,3,1,352,"Wave 1 — in stock, new arrival"
1111,1003985161006,1662 Pajama,Clothing,ACTIVE_UNPUBLISHED,22,900,282,2,22,5584,"Wave 1 — in stock, new arrival"
1112,1003985180007,1662 Pajama,Clothing,ACTIVE_UNPUBLISHED,22,900,282,2,22,5584,"Wave 1 — in stock, new arrival"
1113,1023226514033,26119 Sneakers,Clothing,NOT_IN_SHOPIFY,186,1264,380,2,7,2548,"Wave 2 — in stock, existing range"
1114,1060154303099,BCT-1-Pencil Case,School,NOT_IN_SHOPIFY,109,833,281,5,1,90,"Wave 1 — in stock, new arrival"
1115,5702017812830,76445 HOGWARTS™ CASTLE: HERBOLOGY V29,Toys,ACTIVE_UNPUBLISHED,35,4249,1118,1,0,0,"Wave 3 — needs reorder, new range"
1116,1071445705099,[10714-237] Basketball Size 5,Toys,NOT_IN_SHOPIFY,168,1000,377,4,3,375,"Wave 2 — in stock, existing range"
1117,8364217982898,بلازما كار دبدوب لوتسو 3966/2026,Toys (Consignment),NOT_IN_SHOPIFY,32,1730,278,1,4,4959,"Wave 1 — in stock, new arrival"
1118,8364217982896,بلازما كار دبدوب مارو 3964/2026,Toys (Consignment),NOT_IN_SHOPIFY,32,1730,278,1,2,2480,"Wave 1 — in stock, new arrival"
1119,4000182691099,674 كيس استك,Clothing,NOT_IN_SHOPIFY,33,510,277,17,19,190,"Wave 1 — in stock, new arrival"
1120,2072514575099,1802-swingcar,Toys (Consignment),NOT_IN_SHOPIFY,99,3990,1106,1,0,0,"Wave 3 — needs reorder, new range"
1121,4000113144099,696-Gold crossbody bag,Various,NOT_IN_SHOPIFY,69,600,276,1,9,2250,"Wave 1 — in stock, new arrival"
1122,1071725487099,Chesse PU Slow Rising CDU12CS,Toys,NOT_IN_SHOPIFY,43,900,276,9,5,285,"Wave 1 — in stock, new arrival"
1123,2015941819099,3507-Backpack 18 Inches,School (Consignment),ACTIVE_UNPUBLISHED,48,7464,1105,5,0,0,"Wave 3 — needs reorder, new range"
1124,1060154386099,ZM-281-Pencil Case,School,ACTIVE_UNPUBLISHED,109,3311,1104,8,0,0,"Wave 3 — needs reorder, new range"
1125,1053837647099,Best Friend Chain 271,Various,NOT_IN_SHOPIFY,420,880,372,4,21,2100,"Wave 2 — in stock, existing range"
1126,4000169614099,437 Tic tac,Clothing,NOT_IN_SHOPIFY,76,495,274,10,11,176,"Wave 1 — in stock, new arrival"
1127,09353965010418,[500133] insulated drink bottle - 500ml,School,ACTIVE_UNPUBLISHED,13,3780,1094,2,0,0,"Wave 3 — needs reorder, new range"
1128,4895038553866,[250303-B7] 110 Bilingual Learning Book - First Words,Toys,ACTIVE_UNPUBLISHED,104,3780,1094,2,0,0,"Wave 3 — needs reorder, new range"
1129,2073870572099,809-33-2 سيارة  8 اتجاهات ريموت وساعة قابلة للطي مزدوجة الجوانب مستشعر للإيماءات بزاوية 360 درجة مع دفع رباعي قابلة لإعادة الشحن,Toys (Consignment),ACTIVE_UNPUBLISHED,116,4797,1090,3,0,0,"Wave 3 — needs reorder, new range"
1130,4000182673099,607 استك فيونكه,Clothing,NOT_IN_SHOPIFY,33,510,272,7,29,725,"Wave 1 — in stock, new arrival"
1131,1014882774099,[10148-KSY997-1] KSY997 Girls Nail Polish Machine - Blue,Toys (Consignment),NOT_IN_SHOPIFY,172,1320,366,1,3,2376,"Wave 2 — in stock, existing range"
1132,4001537166099,122 سورتيت اكليرك,Various,NOT_IN_SHOPIFY,131,669,366,17,28,364,"Wave 2 — in stock, existing range"
1133,1051721273006, 31820 Romper,Clothing,NOT_IN_SHOPIFY,113,1078,271,3,5,1125,"Wave 1 — in stock, new arrival"
1134,1051721272003, 31820 Romper,Clothing,NOT_IN_SHOPIFY,113,1078,271,3,2,450,"Wave 1 — in stock, new arrival"
1135,1051721271012, 31820 Romper,Clothing,NOT_IN_SHOPIFY,113,1078,271,3,3,675,"Wave 1 — in stock, new arrival"
1136,4000886938099,1-116 Crossbody bag - black,School,NOT_IN_SHOPIFY,98,565,271,1,1,225,"Wave 1 — in stock, new arrival"
1137,1071425744099,4231/شنطة هدايا D-NمقاسL,Toys,NOT_IN_SHOPIFY,109,924,271,18,9,270,"Wave 1 — in stock, new arrival"
1138,1066648662099,212035  Lunch Bag Stitch  Design,School,ACTIVE_UNPUBLISHED,49,5109,1082,4,0,0,"Wave 3 — needs reorder, new range"
1139,1060134658099,براية برطمان اشكال  2405,School,NOT_IN_SHOPIFY,83,792,270,27,108,1701,"Wave 1 — in stock, new arrival"
1140,1043684539099,Kids Girls Sunglasses 197,Various,NOT_IN_SHOPIFY,638,825,364,3,32,3840,"Wave 2 — in stock, existing range"
1141,1066648608099,781544 Backpack Seahorse Design 17 Inch,School,ACTIVE_UNPUBLISHED,49,4305,1076,2,0,0,"Wave 3 — needs reorder, new range"
1142,4001556992099,[40015-112] Girls Acrylic Hair Clip,Clothing,NOT_IN_SHOPIFY,341,650,362,13,87,1392,"Wave 2 — in stock, existing range"
1143,4000182677099,570 استك شعر بناتي,Clothing,NOT_IN_SHOPIFY,33,495,268,9,27,500,"Wave 1 — in stock, new arrival"
1144,4002125538099,7127 بلانشيطه بلاستيك H-K,School,ACTIVE_UNPUBLISHED,50,719,268,9,1,40,"Wave 1 — in stock, new arrival"
1145,4000175936099,270 Bow Hair Clip Assorted,Clothing,NOT_IN_SHOPIFY,183,650,360,10,37,777,"Wave 2 — in stock, existing range"
1146,1003985159004,1662 Pajama,Clothing,ACTIVE_UNPUBLISHED,22,850,266,2,22,5273,"Wave 1 — in stock, new arrival"
1147,1043684510099,Kids Sunglasses 204,Various,NOT_IN_SHOPIFY,638,820,359,4,21,1890,"Wave 2 — in stock, existing range"
1148,1052883589099,2992-16.5-inch Trolley bag - Black/Green - Midoriya,School,ACTIVE_UNPUBLISHED,20,6446,1064,3,0,0,"Wave 3 — needs reorder, new range"
1149,1052898281099,991 -15-inch Backpack - Navy/Red - P-T,School,ACTIVE_UNPUBLISHED,34,6000,1063,4,0,0,"Wave 3 — needs reorder, new range"
1150,2073995854099,عربيه 015 BM,Toys (Consignment),ACTIVE_UNPUBLISHED,33,5995,1062,1,0,0,"Wave 3 — needs reorder, new range"
1151,2073995849099,فيسبا اطفال 019,Toys (Consignment),ACTIVE_UNPUBLISHED,33,5995,1062,1,0,0,"Wave 3 — needs reorder, new range"
1152,2073995845099,عربيه مرسيدس 014,Toys (Consignment),ACTIVE_UNPUBLISHED,33,5995,1062,1,0,0,"Wave 3 — needs reorder, new range"
1153,1073091239018,209421-2 Girls Light Denim Boyfriend Shorts with Rolled Cuffs,Clothing,NOT_IN_SHOPIFY,77,986,265,2,60,18000,"Wave 1 — in stock, new arrival"
1154,4000175942099,323 Girls Wide Bandana,Clothing,NOT_IN_SHOPIFY,183,660,357,12,100,1850,"Wave 2 — in stock, existing range"
1155,1004452774099,[1004452774099] Foldable Baby Crib Mattress,Various,NOT_IN_SHOPIFY,606,1230,357,2,203,74259,"Wave 2 — in stock, existing range"
1156,1043635539099,A82 Steak white,School,NOT_IN_SHOPIFY,48,2066,1052,38,0,0,"Wave 3 — needs reorder, new range"
1157,4001583964099,160 سورتيت,Clothing,NOT_IN_SHOPIFY,134,654,354,11,21,420,"Wave 2 — in stock, existing range"
1158,1071854796018,8010 Girls' Checkered Print Short-Sleeve Pajama Set - Babyblue,Clothing,NOT_IN_SHOPIFY,102,963,261,2,25,7300,"Wave 1 — in stock, new arrival"
1159,1043615639099,407 Sortit-Clip,Various,NOT_IN_SHOPIFY,113,525,261,5,7,280,"Wave 1 — in stock, new arrival"
1160,4001583954099,205-201 كلبس ,Clothing,NOT_IN_SHOPIFY,134,680,352,7,22,770,"Wave 2 — in stock, existing range"
1161,1023844785010,0563 Pantie,Clothing,NOT_IN_SHOPIFY,725,1447,351,7,50,6555,"Wave 2 — in stock, existing range"
1162,540012807995,[540012807995] RN32 الهزاز  - Red,Toys,NOT_IN_SHOPIFY,751,1600,351,1,13,13684,"Wave 2 — in stock, existing range"
1163,5019090900188,"90018Munchkin Simple Clean™ Straw Cup 10 oz - Blue
12 months +",Various,NOT_IN_SHOPIFY,334,1110,348,1,1,626,"Wave 2 — in stock, existing range"
1164,5060926688879,ألتميت ديتانجلرفريش بربيل 180104094,Clothing,ACTIVE_UNPUBLISHED,62,5296,1025,8,0,0,"Wave 3 — needs reorder, new range"
1165,4000157048099,C625-مشبك كحلي *ابيض,School,NOT_IN_SHOPIFY,36,474,256,8,40,800,"Wave 1 — in stock, new arrival"
1166,8364217982532,Blue/Black Kick E-Scooter Electric Seat Foldable Kids Electric Scooter,Toys (Consignment),ACTIVE_UNPUBLISHED,756,8600,1381,1,0,0,"Wave 4 — needs reorder, older range"
1167,1043672696099,N170 Girls Sunglasses,Clothing,NOT_IN_SHOPIFY,127,780,344,4,28,2380,"Wave 2 — in stock, existing range"
1168,1043672695099,N210 sunglasses,Clothing,NOT_IN_SHOPIFY,127,780,344,4,20,1700,"Wave 2 — in stock, existing range"
1169,2069591248099,"[20695-007R8-14-1] 007R8 Kids Bicycle 14"" - Baby Blue",Toys (Consignment),ACTIVE_UNPUBLISHED,288,4965,1376,1,0,0,"Wave 4 — needs reorder, older range"
1170,2073995842099,فيسبا اطفال 213,Toys (Consignment),ACTIVE_UNPUBLISHED,33,5750,1019,1,0,0,"Wave 3 — needs reorder, new range"
1171,2073995840099,فيسبا اطفال 213,Toys (Consignment),ACTIVE_UNPUBLISHED,33,5750,1019,1,0,0,"Wave 3 — needs reorder, new range"
1172,4001564860099,3929 Shaped Hair Tie Set,Various,NOT_IN_SHOPIFY,321,630,343,14,31,465,"Wave 2 — in stock, existing range"
1173,1036234916099,3000 Towel,Clothing,NOT_IN_SHOPIFY,95,1003,254,12,28,1461,"Wave 1 — in stock, new arrival"
1174,6920241222730,HT-273-INTELLIGENT TOYS,Toys (Consignment),NOT_IN_SHOPIFY,537,1391,342,2,2,878,"Wave 2 — in stock, existing range"
1175,5702017817774,76303 B-M TUMBLER VS. TWO-FACE.. V29,Toys,ACTIVE_UNPUBLISHED,410,5199,1368,1,0,0,"Wave 4 — needs reorder, older range"
1176,1043678542099,N116 Girls Sunglasses,Clothing,NOT_IN_SHOPIFY,453,800,341,4,25,2250,"Wave 2 — in stock, existing range"
1177,1071495853099,165 استاند اسكوشي الوان مشجر ك ICE CUBE 12*1,Toys,ACTIVE_UNPUBLISHED,57,1000,252,5,3,375,"Wave 1 — in stock, new arrival"
1178,4000169616099,443 buckle,Clothing,NOT_IN_SHOPIFY,76,450,251,9,9,144,"Wave 1 — in stock, new arrival"
1179,4000169601099,415 Girls' hair elastic,Clothing,NOT_IN_SHOPIFY,76,450,251,9,24,384,"Wave 1 — in stock, new arrival"
1180,1003985148002,1662 Pajama,Clothing,ACTIVE_UNPUBLISHED,22,800,251,2,6,1353,"Wave 1 — in stock, new arrival"
1181,000428150024,42815 Socks (Pack Of 3),Clothing (Consignment),NOT_IN_SHOPIFY,116,1130,251,12,126,7780,"Wave 1 — in stock, new arrival"
1182,2015941813099, 1303- Lunch Bag,School (Consignment),ACTIVE_UNPUBLISHED,48,1410,250,3,1,329,"Wave 1 — in stock, new arrival"
1183,1060154283099,3515-Pencil Case,School,ACTIVE_UNPUBLISHED,109,1140,250,6,1,125,"Wave 1 — in stock, new arrival"
1184,1060150408099,GP-0069 Michael Shaped Sharpener,School,NOT_IN_SHOPIFY,463,855,337,19,73,1588,"Wave 2 — in stock, existing range"
1185,1073091255012,309421-2 Girls Light Denim Boyfriend Shorts with Rolled Cuffs,Clothing,NOT_IN_SHOPIFY,77,649,249,1,37,11840,"Wave 1 — in stock, new arrival"
1186,1073091254010,309421-2 Girls Light Denim Boyfriend Shorts with Rolled Cuffs,Clothing,NOT_IN_SHOPIFY,77,649,249,1,34,10880,"Wave 1 — in stock, new arrival"
1187,1073075866010,309421-3 Girls Medium Denim Boyfriend Shorts with Rolled Cuffs,Clothing,NOT_IN_SHOPIFY,76,649,249,1,37,11840,"Wave 1 — in stock, new arrival"
1188,1073075867012,309421-3 Girls Medium Denim Boyfriend Shorts with Rolled Cuffs,Clothing,NOT_IN_SHOPIFY,76,649,249,1,43,13760,"Wave 1 — in stock, new arrival"
1189,1073091247010,309421-1 Girls Dark Denim Boyfriend Shorts with Rolled Cuffs,Clothing,NOT_IN_SHOPIFY,77,649,249,1,43,13760,"Wave 1 — in stock, new arrival"
1190,4000882333099,120 Backpack - Mint,School,NOT_IN_SHOPIFY,103,540,249,1,1,225,"Wave 1 — in stock, new arrival"
1191,1023291214028,26104 Sneakers,Clothing,NOT_IN_SHOPIFY,239,1121,334,2,1,325,"Wave 2 — in stock, existing range"
1192,0762765366998,Momcozy Postpartum Recovery Essentials Kit,Baby Essentials,ACTIVE_UNPUBLISHED,144,3800,1333,1,0,0,"Wave 4 — needs reorder, older range"
1193,1044825177099,[101310802] Speedy Stroller Grey,Baby Essentials,NOT_IN_SHOPIFY,251,4725,1332,1,0,0,"Wave 4 — needs reorder, older range"
1194,1043672712099,N223 Kids Sunglasses,Clothing,NOT_IN_SHOPIFY,127,750,333,5,25,1625,"Wave 2 — in stock, existing range"
1195,4000169588099,460 buckle,Clothing,NOT_IN_SHOPIFY,76,448,246,7,16,336,"Wave 1 — in stock, new arrival"
1196,4000157007099,C559-مشبك ابيض,School,NOT_IN_SHOPIFY,36,440,246,8,28,490,"Wave 1 — in stock, new arrival"
1197,1068512223099,20-ماشية عربية امبريلا,Various,NOT_IN_SHOPIFY,13,4310,981,2,0,0,"Wave 3 — needs reorder, new range"
1198,1023863046099,4-1062 Gift clothes box,Clothing,ACTIVE_UNPUBLISHED,305,5000,1323,2,0,0,"Wave 4 — needs reorder, older range"
1199,4000169586099,434 Stick 2*1,Clothing,NOT_IN_SHOPIFY,76,450,245,6,1,25,"Wave 1 — in stock, new arrival"
1200,4000157023099,C642-كيس استك ابيض,School,NOT_IN_SHOPIFY,36,1695,977,34,0,0,"Wave 3 — needs reorder, new range"
1201,1004450461099,Helium L,Services,NOT_IN_SHOPIFY,751,600,330,4,353,17353,"Wave 2 — in stock, existing range"
1202,1043672707099,N240 boys sunglasses,Clothing,NOT_IN_SHOPIFY,127,740,329,4,36,2880,"Wave 2 — in stock, existing range"
1203,1003937077011,6601 UnderShirt,Clothing,NOT_IN_SHOPIFY,502,1760,329,9,85,11475,"Wave 2 — in stock, existing range"
1204,1063674917099,A11 Trolley bag + pencil case+ Lunch Bag,School,ACTIVE_UNPUBLISHED,45,7950,974,3,0,0,"Wave 3 — needs reorder, new range"
1205,4001583974099,83-45 استك الوان ,Clothing,NOT_IN_SHOPIFY,134,620,327,18,38,456,"Wave 2 — in stock, existing range"
1206,540022804991,[540022804991] RH31 Rocking Horse - Red,Toys,NOT_IN_SHOPIFY,751,1400,327,1,10,9010,"Wave 2 — in stock, existing range"
1207,1052883582099,2992-16.5-inch Trolley bag - Red/Navy - Sonic,School,ACTIVE_UNPUBLISHED,20,6336,968,3,0,0,"Wave 3 — needs reorder, new range"
1208,1052883588099,2992-16.5-inch Trolley bag - Navy/Yellow - Speed-Of Hero,School,ACTIVE_UNPUBLISHED,20,6336,968,3,0,0,"Wave 3 — needs reorder, new range"
1209,1050434598099,"[10504-203] Kids Hoverboard 6.5"" - Neon Red",Toys,ACTIVE_UNPUBLISHED,203,6048,1305,1,0,0,"Wave 4 — needs reorder, older range"
1210,4000175947099,299 Hair Clip,Clothing,NOT_IN_SHOPIFY,183,595,326,7,13,364,"Wave 2 — in stock, existing range"
1211,1043635524099,A175 Steak white,School,NOT_IN_SHOPIFY,48,1918,962,30,0,0,"Wave 3 — needs reorder, new range"
1212,2056697029004,23887 Girls Dress,Clothing,ACTIVE_UNPUBLISHED,92,2565,240,3,6,4020,"Wave 1 — in stock, new arrival"
1213,1060154291099,1106-Pencil Case,School,ACTIVE_UNPUBLISHED,109,2802,958,6,0,0,"Wave 3 — needs reorder, new range"
1214,1064386575099,200 Poncho Ariel,Clothing,ACTIVE_UNPUBLISHED,97,2460,957,4,0,0,"Wave 3 — needs reorder, new range"
1215,8364217982808,2026/31 زحافه 3331 موجه3*1,Toys (Consignment),NOT_IN_SHOPIFY,102,1490,239,1,9,9610,"Wave 1 — in stock, new arrival"
1216,0194735266784,Mattel Hot Wheels The Hot Ones Series (8 Asst.) JBY68,Toys,NOT_IN_SHOPIFY,152,1050,322,3,21,4191,"Wave 2 — in stock, existing range"
1217,4000113179099,709-Lemon waist bag,Various,NOT_IN_SHOPIFY,69,500,239,2,5,500,"Wave 1 — in stock, new arrival"
1218,4000886952099,1-144 Summer Crossbody bag - navy,School,NOT_IN_SHOPIFY,98,500,239,1,2,400,"Wave 1 — in stock, new arrival"
1219,4001590677099,300 Bow clip - jeans,Clothing,NOT_IN_SHOPIFY,117,442,238,6,7,175,"Wave 1 — in stock, new arrival"
1220,9328577003547,[10331-507] T-G Gift Wrapping Paper 2026,Various (Consignment),NOT_IN_SHOPIFY,197,868,321,22,45,900,"Wave 2 — in stock, existing range"
1221,261119842118960,B98421 Short,Clothing (Consignment),ACTIVE_UNPUBLISHED,111,1047,238,3,16,3630,"Wave 1 — in stock, new arrival"
1222,1017082648099,جردل بحر ديزني  5  اشكال S-P اورانج,Summer,ACTIVE_UNPUBLISHED,110,2484,949,11,0,0,"Wave 3 — needs reorder, new range"
1223,4000882329099,106 Crossbody bag - Fuchsia,School,NOT_IN_SHOPIFY,103,470,237,1,1,175,"Wave 1 — in stock, new arrival"
1224,4000882328099,106 Crossbody bag - pink,School,NOT_IN_SHOPIFY,103,470,237,1,3,525,"Wave 1 — in stock, new arrival"
1225,2025010104850,SW6-1 4PCS WATER BALLS,Toys (Consignment),NOT_IN_SHOPIFY,64,1125,237,5,37,5550,"Wave 1 — in stock, new arrival"
1226,1052885665099,993 18-inch Backpack - Navy - Sonic,School,ACTIVE_UNPUBLISHED,45,5355,947,3,0,0,"Wave 3 — needs reorder, new range"
1227,1052885671099,993 18-inch Backpack - Green/Black - Midoriya,School,ACTIVE_UNPUBLISHED,45,5355,947,3,0,0,"Wave 3 — needs reorder, new range"
1228,1066648609099,107348 Backpack Gabbys Dollhouse Design 17 Inch,School,ACTIVE_UNPUBLISHED,49,4150,940,2,0,0,"Wave 3 — needs reorder, new range"
1229,1066648635099,109947 Backpack Hello Kitty Design 17 Inch,School,ACTIVE_UNPUBLISHED,49,4150,940,2,0,0,"Wave 3 — needs reorder, new range"
1230,4000157036099,C629-مشبك ابيض,School,NOT_IN_SHOPIFY,36,436,235,7,29,609,"Wave 1 — in stock, new arrival"
1231,6223018170228,Tank insulated plastic water bottle mini super cool 650ml football,Various,ACTIVE_UNPUBLISHED,357,5900,1268,24,0,0,"Wave 4 — needs reorder, older range"
1232,1062496804018,Q2509 Outfit Set,Clothing,ACTIVE_UNPUBLISHED,520,361,316,1,1,0,"Wave 2 — in stock, existing range"
1233,1050415488099,"[10504-6.5-20] Kids Hoverboard 6.5"" - Neon Blue",Toys,NOT_IN_SHOPIFY,165,6142,1263,1,0,0,"Wave 4 — needs reorder, older range"
1234,6955265611253,1728 Block missile car 409PCS,Toys (Consignment),NOT_IN_SHOPIFY,627,1137,315,1,1,682,"Wave 2 — in stock, existing range"
1235,6971537303411,HT-375 CAR TOYS,Toys (Consignment),NOT_IN_SHOPIFY,503,1191,315,5,63,9193,"Wave 2 — in stock, existing range"
1236,000217020108,21702 Tights,Clothing (Consignment),NOT_IN_SHOPIFY,39,1155,233,8,49,4778,"Wave 1 — in stock, new arrival"
1237,1054490842099,9018 Romper,Clothing,NOT_IN_SHOPIFY,98,1046,233,2,7,2394,"Wave 1 — in stock, new arrival"
1238,1043672700099,N237 Girls Sunglasses,Clothing,NOT_IN_SHOPIFY,127,700,314,5,40,2400,"Wave 2 — in stock, existing range"
1239,1043672698099,N238 Girls Sunglasses,Clothing,NOT_IN_SHOPIFY,127,700,314,5,31,1860,"Wave 2 — in stock, existing range"
1240,2073932144099,اسكوتر سبور HD6,Toys (Consignment),ACTIVE_UNPUBLISHED,69,5250,930,1,0,0,"Wave 3 — needs reorder, new range"
1241,1044836975099,1013102 New Slider Stroller Red,Baby Essentials,NOT_IN_SHOPIFY,307,5145,1255,1,0,0,"Wave 4 — needs reorder, older range"
1242,1060150402099,2921 Michael Shaped Correction Tape / Stand,School,NOT_IN_SHOPIFY,463,916,314,10,51,2499,"Wave 2 — in stock, existing range"
1243,1043615623099,1587 Qafash,Various,NOT_IN_SHOPIFY,113,455,231,7,10,240,"Wave 1 — in stock, new arrival"
1244,6920882570054,HT-372 CAR TOYS,Toys (Consignment),NOT_IN_SHOPIFY,470,1125,312,15,143,6435,"Wave 2 — in stock, existing range"
1245,1067858812099,[1067858812099] Boby Baba S666 Baby Stroller - Black,Baby Essentials,ACTIVE_UNPUBLISHED,587,5925,1247,1,0,0,"Wave 4 — needs reorder, older range"
1246,1001135806099,07-608 Market Cart,Toys,NOT_IN_SHOPIFY,398,935,311,1,2,1018,"Wave 2 — in stock, existing range"
1247,1071725482099,Maltose - Slow Rising - Rebound Sugar Ice Pyramids Bubble Shining Mixed color CDU 12PCS,Toys,NOT_IN_SHOPIFY,43,750,230,5,2,171,"Wave 1 — in stock, new arrival"
1248,1071725483099,Maltose - Slow Rising - Rebound Sugar Ice Pyramids Bubble Shining Mixed color CDU 12PCS,Toys,NOT_IN_SHOPIFY,43,750,230,5,3,257,"Wave 1 — in stock, new arrival"
1249,1013646785012, 7419 Pajama,Clothing,NOT_IN_SHOPIFY,95,870,230,1,1,534,"Wave 1 — in stock, new arrival"
1250,2024110108799,HH3003 FRICTION CAR WITH SOUND AND LIGHT,Toys (Consignment),NOT_IN_SHOPIFY,64,1090,229,2,1,363,"Wave 1 — in stock, new arrival"
1251,1003985150004,1662 Pajama,Clothing,ACTIVE_UNPUBLISHED,22,808,229,2,22,5273,"Wave 1 — in stock, new arrival"
1252,4001556108099,[40015-332] Girls Checkered Snap Clips,Clothing,NOT_IN_SHOPIFY,225,570,308,6,39,1248,"Wave 2 — in stock, existing range"
1253,4001583948099,202 كلبس دهبي ,Clothing,NOT_IN_SHOPIFY,134,590,308,6,24,840,"Wave 2 — in stock, existing range"
1254,1051739638019, 99138 Laklok,Clothing,NOT_IN_SHOPIFY,134,1015,307,7,24,1999,"Wave 2 — in stock, existing range"
1255,4000169578099,420 buckle,Clothing,NOT_IN_SHOPIFY,76,420,227,6,8,188,"Wave 1 — in stock, new arrival"
1256,6921407725805,5420 Fire Truck Blocks 2 Trucks 32 Pcs Large Size with Sound & Light,Toys (Consignment),NOT_IN_SHOPIFY,574,1350,307,1,3,2632,"Wave 2 — in stock, existing range"
1257,2056697239008,09422 Girls Short,Clothing,ACTIVE_UNPUBLISHED,57,2550,227,3,8,5360,"Wave 1 — in stock, new arrival"
1258,4000113167099,688-Aqua Crossbody Bag,Various,NOT_IN_SHOPIFY,69,475,227,1,2,380,"Wave 1 — in stock, new arrival"
1259,4000113165099,688-White crossbody bag,Various,NOT_IN_SHOPIFY,69,475,227,1,1,190,"Wave 1 — in stock, new arrival"
1260,4000113168099,688-Simone crossbody bag,Various,NOT_IN_SHOPIFY,69,475,227,1,3,570,"Wave 1 — in stock, new arrival"
1261,0194735107971,HKT66-Mattel Barbie Makeup Artist Doll With Teal Hair And Career-Themed Accessories Like Palette And Brush,Toys,NOT_IN_SHOPIFY,429,995,305,1,2,1135,"Wave 2 — in stock, existing range"
1262,0194735177097,HRH50-Mattel Barbie luxury bag with outfit and accessories for Barbie Doll Assortment HRH50 (HJT42),Toys,NOT_IN_SHOPIFY,429,995,305,1,2,1135,"Wave 2 — in stock, existing range"
1263,0194735183623,"HRR13-Mattel Barbie Unicorn Doll With Pink Hair, Ombre Outfit And Unicorn Accessories",Toys,ACTIVE_UNPUBLISHED,429,995,305,1,1,567,"Wave 2 — in stock, existing range"
1264,1003910301012,110200 Boxer,Clothing,NOT_IN_SHOPIFY,691,1374,305,7,17,2157,"Wave 2 — in stock, existing range"
1265,4000134285099,540 Fur Chrome Backpack - White,Various,NOT_IN_SHOPIFY,386,600,305,1,2,442,"Wave 2 — in stock, existing range"
1266,4000134280099,502-2 Dance Backpack - Purple,Various,NOT_IN_SHOPIFY,386,600,305,1,1,221,"Wave 2 — in stock, existing range"
1267,1043615666099,1515 Hair stick,Various,NOT_IN_SHOPIFY,113,440,226,8,2,40,"Wave 1 — in stock, new arrival"
1268,4001272982099,MQ-01 استاند كورة 12*1 stitchsurprise,Toys,NOT_IN_SHOPIFY,104,719,226,9,3,135,"Wave 1 — in stock, new arrival"
1269,1044885678099,1012114 Imported Crib Premium Allure - Black,Baby Essentials,NOT_IN_SHOPIFY,187,5280,1212,1,0,0,"Wave 4 — needs reorder, older range"
1270,6020240618050,8054WB/Doctor table 27pcs,Toys (Consignment),NOT_IN_SHOPIFY,687,1093,303,1,1,656,"Wave 2 — in stock, existing range"
1271,1066648665099,642922  Lunch Bag Cars  Design,School,ACTIVE_UNPUBLISHED,49,3930,897,3,0,0,"Wave 3 — needs reorder, new range"
1272,1071851883014,2774 Unisex Oversize T-Shirt,Clothing,NOT_IN_SHOPIFY,517,698,302,2,46,7130,"Wave 2 — in stock, existing range"
1273,4001269295099,3333-4 طقم 2عروسة بالبوسيت والادوات 5*1,Toys,ACTIVE_UNPUBLISHED,33,2400,895,2,0,0,"Wave 3 — needs reorder, new range"
1274,5702017816524,72035 MARIO KART™ – TOAD'S GARAGE V2,Toys,NOT_IN_SHOPIFY,95,3399,894,1,0,0,"Wave 3 — needs reorder, new range"
1275,2070585624099,Lunch bag with 1 small pack,School (Consignment),NOT_IN_SHOPIFY,341,1700,301,2,2,1190,"Wave 2 — in stock, existing range"
1276,1014178953029,027 Shiny White Ballerina,Clothing,NOT_IN_SHOPIFY,96,540,223,1,4,1003,"Wave 1 — in stock, new arrival"
1277,1014178959035,027 Shiny White Ballerina,Clothing,NOT_IN_SHOPIFY,96,540,223,1,4,1003,"Wave 1 — in stock, new arrival"
1278,4000886984099,1-152 Summer shoulder bag - mauve   black,School,NOT_IN_SHOPIFY,98,465,223,1,1,185,"Wave 1 — in stock, new arrival"
1279,4894680033481,ZUR-SMASH-74124 Zuru Smashers - Large Horror House 35+ Surprises - Series 1,Toys,ACTIVE_UNPUBLISHED,488,3900,1197,2,0,0,"Wave 4 — needs reorder, older range"
1280,2882562000005,618-160 لعبه حلاقات 7 دور+3  كور  للطفل,Toys (Consignment),ACTIVE_UNPUBLISHED,96,3900,886,6,0,0,"Wave 3 — needs reorder, new range"
1281,1053872566099,305 Bracelet Leather Stone,Clothing,NOT_IN_SHOPIFY,166,750,298,2,63,11340,"Wave 2 — in stock, existing range"
1282,681070105026,[681070105026] Jumbo Silver Letter Foil Balloon - P,Party,NOT_IN_SHOPIFY,751,396,297,1,4,200,"Wave 2 — in stock, existing range"
1283,681070104975,[681070104975] Jumbo Silver Letter Foil Balloon - K,Party,NOT_IN_SHOPIFY,751,396,297,1,5,250,"Wave 2 — in stock, existing range"
1284,4001590683099,568 Mirror stand - Stitch,Clothing,NOT_IN_SHOPIFY,117,405,220,3,3,135,"Wave 1 — in stock, new arrival"
1285,6971537303435,HT-374 CAR TOYS,Toys (Consignment),NOT_IN_SHOPIFY,470,825,297,5,41,3496,"Wave 2 — in stock, existing range"
1286,1066648607099,573373 Backpack Hogwarts Harry Potter Design 17 Inch,School,ACTIVE_UNPUBLISHED,49,4082,881,2,0,0,"Wave 3 — needs reorder, new range"
1287,4000175978099,355 Characters Hair Clip,Clothing,NOT_IN_SHOPIFY,183,553,297,8,24,564,"Wave 2 — in stock, existing range"
1288,4000157035099,C650-كيس قفاش *استك,School,NOT_IN_SHOPIFY,36,394,220,9,3,42,"Wave 1 — in stock, new arrival"
1289,4717385947863,[4717385947863] Ultra Alkaline AA Batteries 2pcs on Card,Toys,NOT_IN_SHOPIFY,578,848,297,10,36,1611,"Wave 2 — in stock, existing range"
1290,4000886942099,1-154-1 Backpack - Tiger Grey,School,NOT_IN_SHOPIFY,98,450,220,1,6,1050,"Wave 1 — in stock, new arrival"
1291,4000886944099,1-154-1 Backpack - Tiger Off White,School,NOT_IN_SHOPIFY,98,450,220,1,5,875,"Wave 1 — in stock, new arrival"
1292,1052898303099,992- 16.5-inch Backpack - Turquoise/Navy - Astronaut,School,ACTIVE_UNPUBLISHED,34,4935,879,3,0,0,"Wave 3 — needs reorder, new range"
1293,1053837651099,Butterfly Necklace Set 275,Various,NOT_IN_SHOPIFY,420,748,297,3,11,1320,"Wave 2 — in stock, existing range"
1294,6223003247751,Tank BTL Quencher 1200ml Cream,School,ACTIVE_UNPUBLISHED,369,4270,1186,4,0,0,"Wave 4 — needs reorder, older range"
1295,1067975218099,D K Cover Navy,Baby Essentials,ACTIVE_UNPUBLISHED,477,4800,1184,3,0,0,"Wave 4 — needs reorder, older range"
1296,1023295241021,26130 Sneakers,Clothing,NOT_IN_SHOPIFY,95,665,219,1,30,10921,"Wave 1 — in stock, new arrival"
1297,5702017419497,76991 Tails' Workshop and Tornado.. V29,Toys,NOT_IN_SHOPIFY,751,4499,1184,1,0,0,"Wave 4 — needs reorder, older range"
1298,4002148521099,نيم كارت بالحبل po,Various,ACTIVE_UNPUBLISHED,52,499,218,10,1,22,"Wave 1 — in stock, new arrival"
1299,2024030204175,[10331-869-1] 869-1 Metal Meccano Building Set,Toys (Consignment),NOT_IN_SHOPIFY,330,1398,294,2,2,932,"Wave 2 — in stock, existing range"
1300,2024060102847,[2024060102847] Disney Doll L-85-3,Toys (Consignment),NOT_IN_SHOPIFY,575,1398,294,2,5,2330,"Wave 2 — in stock, existing range"
1301,4000169636099,433 Stick,Clothing,NOT_IN_SHOPIFY,76,408,218,5,13,364,"Wave 1 — in stock, new arrival"
1302,1050885167099,[10508-22476A-1] La Frutta Baby Silicone Spoon - Green & Pink,Baby Essentials (Consignment),NOT_IN_SHOPIFY,258,1924,294,15,25,2275,"Wave 2 — in stock, existing range"
1303,1066247445099,GB5628 SCHOOL BAG,School,ACTIVE_UNPUBLISHED,47,3300,868,1,0,0,"Wave 3 — needs reorder, new range"
1304,6937620251250,25125 شفاط ثدي كهرباء  تريوجو قابل للارتداء فردى زجى شفاط انف 210مل*2  285MMHG,Baby Essentials (Consignment),ACTIVE_UNPUBLISHED,103,5520,868,1,0,0,"Wave 3 — needs reorder, new range"
1305,2041002768099,C001LA La Frutta Baby Carrier,Baby Essentials (Consignment),ACTIVE_UNPUBLISHED,174,6600,1169,2,0,0,"Wave 4 — needs reorder, older range"
1306,4895038553347,[240102] Jungle Pals Play Musical Gym,Toys,ACTIVE_UNPUBLISHED,104,2990,866,1,0,0,"Wave 3 — needs reorder, new range"
1307,2056697251012,19423-1 BOYS  Short,Clothing,ACTIVE_UNPUBLISHED,57,1500,216,2,6,3300,"Wave 1 — in stock, new arrival"
1308,1001139996099,07-608 Market Cart,Toys,NOT_IN_SHOPIFY,398,938,291,1,3,1597,"Wave 2 — in stock, existing range"
1309,1066648679099,642930  Lunch Bag Unicorn Design,School,ACTIVE_UNPUBLISHED,49,3888,861,3,0,0,"Wave 3 — needs reorder, new range"
1310,4001556127099,[40015-135] Girls Medium & Small Hair Clip,Clothing,NOT_IN_SHOPIFY,225,536,290,6,4,120,"Wave 2 — in stock, existing range"
1311,1071798264099,"Cube-169-2 Bingo Squishy Chocolate snack pack PU Mixed style, with mesh bags 12 pieces",Toys,ACTIVE_UNPUBLISHED,36,2800,860,28,0,0,"Wave 3 — needs reorder, new range"
1312,4000113184099,687-Simone crossbody bag,Various,NOT_IN_SHOPIFY,69,450,215,1,2,360,"Wave 1 — in stock, new arrival"
1313,1014156046036,079 Sandal,Clothing,NOT_IN_SHOPIFY,550,330,289,1,7,0,"Wave 2 — in stock, existing range"
1314,1014156036036,079 Sandal,Clothing,NOT_IN_SHOPIFY,550,330,289,1,7,0,"Wave 2 — in stock, existing range"
1315,1014156035035,079 Sandal,Clothing,NOT_IN_SHOPIFY,550,330,289,1,9,0,"Wave 2 — in stock, existing range"
1316,1014156045035,079 Sandal,Clothing,NOT_IN_SHOPIFY,550,330,289,1,9,0,"Wave 2 — in stock, existing range"
1317,1014156044034,079 Sandal,Clothing,NOT_IN_SHOPIFY,550,330,289,1,7,0,"Wave 2 — in stock, existing range"
1318,1014156032032,079 Sandal,Clothing,NOT_IN_SHOPIFY,550,330,289,1,7,0,"Wave 2 — in stock, existing range"
1319,1003995750002,104 UnderShirt,Clothing,NOT_IN_SHOPIFY,750,910,289,5,117,11916,"Wave 2 — in stock, existing range"
1320,1071495846099,124 استاند اسكوشي دامبلبنج اشكال 12*1,Toys,ACTIVE_UNPUBLISHED,57,700,214,2,1,200,"Wave 1 — in stock, new arrival"
1321,4000169598099,54 Disney stick,Clothing,NOT_IN_SHOPIFY,76,392,214,10,24,312,"Wave 1 — in stock, new arrival"
1322,4000175953099,562 Acrylic Sortit,Clothing,NOT_IN_SHOPIFY,183,534,288,9,6,120,"Wave 2 — in stock, existing range"
1323,1071854795012,8010 Girls' Checkered Print Short-Sleeve Pajama Set - Babyblue,Clothing,NOT_IN_SHOPIFY,102,575,212,1,21,6132,"Wave 1 — in stock, new arrival"
1324,1043635512099,A284 Tic Tac white,School,NOT_IN_SHOPIFY,48,1584,850,54,0,0,"Wave 3 — needs reorder, new range"
1325,1074197254014, 4404 Pants,Clothing,NOT_IN_SHOPIFY,95,1425,212,2,10,5190,"Wave 1 — in stock, new arrival"
1326,1043672699099,N236 Girls Sunglasses,Clothing,NOT_IN_SHOPIFY,127,668,286,5,33,1980,"Wave 2 — in stock, existing range"
1327,4000113159099,689-Pink crossbody bag,Various,NOT_IN_SHOPIFY,69,1760,844,4,0,0,"Wave 3 — needs reorder, new range"
1328,4000113160099,689-Mauve crossbody bag,Various,NOT_IN_SHOPIFY,69,440,211,1,2,350,"Wave 1 — in stock, new arrival"
1329,4000836101099,12-5025 Cap,Clothing,ACTIVE_UNPUBLISHED,111,400,211,2,17,1190,"Wave 1 — in stock, new arrival"
1330,1071798273099,"Cube-169-3 Bingo Squishy Large soda cans PU Mixed style, with mesh bags 12 pieces",Toys,ACTIVE_UNPUBLISHED,36,2764,842,37,-2,-86,"Wave 3 — needs reorder, new range"
1331,4000169626099,419 Tic tac,Clothing,NOT_IN_SHOPIFY,76,384,210,6,10,210,"Wave 1 — in stock, new arrival"
1332,0090159323334,323331:12 H-D Motorcycles - 2015 H-D Street 750,Toys (Consignment),NOT_IN_SHOPIFY,237,1250,284,1,1,812,"Wave 2 — in stock, existing range"
1333,0090159323266,323261:12 H-D Motorcycles - 2014 Sportster Iron 883,Toys (Consignment),NOT_IN_SHOPIFY,237,1250,284,1,1,812,"Wave 2 — in stock, existing range"
1334,4001272992099,129-1 عروسة موسيقى ونور M-M,Toys,NOT_IN_SHOPIFY,104,650,210,2,3,540,"Wave 1 — in stock, new arrival"
1335,4001091030099,14007 Wakuku one,Toys,NOT_IN_SHOPIFY,293,950,283,2,5,1375,"Wave 2 — in stock, existing range"
1336,6958886766326,[10331-128A-38] RC Bee,Toys (Consignment),ACTIVE_UNPUBLISHED,197,1345,283,1,1,897,"Wave 2 — in stock, existing range"
1337,1070280237099,13771 Poncho,Clothing,ACTIVE_UNPUBLISHED,103,2310,838,6,0,0,"Wave 3 — needs reorder, new range"
1338,1043615629099,1538 Tic tac,Various,NOT_IN_SHOPIFY,113,414,209,7,2,44,"Wave 1 — in stock, new arrival"
1339,4000169620099,410 Stick,Clothing,NOT_IN_SHOPIFY,76,350,209,7,44,616,"Wave 1 — in stock, new arrival"
1340,4000169590099,410 Girls' hair elastic,Clothing,NOT_IN_SHOPIFY,76,350,209,7,18,252,"Wave 1 — in stock, new arrival"
1341,4000191298099,178 Hair Accessories - Bear,Various,NOT_IN_SHOPIFY,253,526,282,4,7,315,"Wave 2 — in stock, existing range"
1342,1060154284099,3515-Pencil Case,School,ACTIVE_UNPUBLISHED,109,2376,834,10,0,0,"Wave 3 — needs reorder, new range"
1343,1060154179099,MD-6314-Stainless Steel Water Bottle,School,ACTIVE_UNPUBLISHED,109,2375,833,5,0,0,"Wave 3 — needs reorder, new range"
1344,1003980926006,188 Onesie,Clothing,ACTIVE_UNPUBLISHED,21,770,208,1,23,10756,"Wave 1 — in stock, new arrival"
1345,1014178928034,028 Matte White Ballerina,Clothing,NOT_IN_SHOPIFY,96,523,208,1,4,1003,"Wave 1 — in stock, new arrival"
1346,1068317882029,2426 Sneakers,Clothing,NOT_IN_SHOPIFY,646,799,280,1,3,1262,"Wave 2 — in stock, existing range"
1347,1068317886033,2426 Sneakers,Clothing,NOT_IN_SHOPIFY,646,799,280,1,3,1262,"Wave 2 — in stock, existing range"
1348,1068317888035,2426 Sneakers,Clothing,NOT_IN_SHOPIFY,646,799,280,1,2,841,"Wave 2 — in stock, existing range"
1349,1071437614099,[1071437614099] Gift Box Bag Assorted Wide - Jumbo,Various,NOT_IN_SHOPIFY,425,650,280,10,15,435,"Wave 2 — in stock, existing range"
1350,30422105,OurKids Gift Wrapping Paper - Yellow,Various,NOT_IN_SHOPIFY,376,1116,279,56,2206,27575,"Wave 2 — in stock, existing range"
1351,2071919039099,[2071919039099] DA4-146 Belago Baby Stroller 311 - Black,Baby Essentials (Consignment),NOT_IN_SHOPIFY,489,4910,1115,1,0,0,"Wave 4 — needs reorder, older range"
1352,4000169624099,431 buckle,Clothing,NOT_IN_SHOPIFY,76,375,206,5,13,318,"Wave 1 — in stock, new arrival"
1353,0602835182557,Wipes Warmer,Baby Essentials,ACTIVE_UNPUBLISHED,104,2350,824,1,0,0,"Wave 3 — needs reorder, new range"
1354,205669741712M,3001 Boys Swimsuit,Clothing,NOT_IN_SHOPIFY,13,1580,206,2,13,7670,"Wave 1 — in stock, new arrival"
1355,1054485699006,9028 Dress,Clothing,ACTIVE_UNPUBLISHED,91,635,206,1,2,703,"Wave 1 — in stock, new arrival"
1356,1054485698009,9028 Dress,Clothing,NOT_IN_SHOPIFY,91,635,206,1,5,1758,"Wave 1 — in stock, new arrival"
1357,2073995872099,مشاية اطفال 017,Baby Essentials (Consignment),NOT_IN_SHOPIFY,33,5365,821,3,0,0,"Wave 3 — needs reorder, new range"
1358,1066648645099,638447-1 Trolley Bag Game on Design 18 Inch,School,ACTIVE_UNPUBLISHED,49,3615,821,1,0,0,"Wave 3 — needs reorder, new range"
1359,1066648641099,316835-2 Trolley Bag Moana Design 18 Inch,School,ACTIVE_UNPUBLISHED,49,3615,821,1,0,0,"Wave 3 — needs reorder, new range"
1360,1066648640099,376168 Trolley Bag Mermaid Design 18 Inch,School,ACTIVE_UNPUBLISHED,49,3615,821,1,0,0,"Wave 3 — needs reorder, new range"
1361,1074197259004,4410 Short,Clothing,NOT_IN_SHOPIFY,95,620,205,1,2,678,"Wave 1 — in stock, new arrival"
1362,1071496598099,189-7 stitchماسك جيتار وسط,Toys,ACTIVE_UNPUBLISHED,63,2949,817,6,0,0,"Wave 3 — needs reorder, new range"
1363,1060150452099,MD-350 MICHAEL 6pcs 6 Fluorescent Colors Set / Stand,Toys,NOT_IN_SHOPIFY,463,786,275,6,3,207,"Wave 2 — in stock, existing range"
1364,4000169612099,451 buckle,Clothing,NOT_IN_SHOPIFY,76,375,204,5,60,1500,"Wave 1 — in stock, new arrival"
1365,4000175952099,266 Girls Hair Elastic,Clothing,NOT_IN_SHOPIFY,183,518,274,15,71,852,"Wave 2 — in stock, existing range"
1366,6955265607911,[10148-1724] Qman Blocks Aircraft Carrier 1007 Pieces,Toys (Consignment),NOT_IN_SHOPIFY,433,3945,1093,1,0,0,"Wave 4 — needs reorder, older range"
1367,4001513132099,[4001513132099] Kids Girls Hair Clip,Various,NOT_IN_SHOPIFY,215,495,272,9,7,126,"Wave 2 — in stock, existing range"
1368,6959994073634,6653-45 جردل مكعبات بوبي اصفر,Toys (Consignment),ACTIVE_UNPUBLISHED,55,3825,805,5,0,0,"Wave 3 — needs reorder, new range"
1369,1071034921099,Crib Bumper - Roses of white,Clothing,ACTIVE_UNPUBLISHED,105,2240,805,4,0,0,"Wave 3 — needs reorder, new range"
1370,4895038543683,000803 Walker Ride-on Learning Train,Toys,ACTIVE_UNPUBLISHED,756,3750,1086,1,0,0,"Wave 4 — needs reorder, older range"
1371,6955265608055,1134  BUILDING BLOCK SIGNTSEEING TAXI 322PCS,Toys (Consignment),NOT_IN_SHOPIFY,627,979,271,1,3,1762,"Wave 2 — in stock, existing range"
1372,4000568143099,68143 كرسى بيبى أولادى 18ك أكو,Baby Essentials,ACTIVE_UNPUBLISHED,95,1900,804,1,0,0,"Wave 3 — needs reorder, new range"
1373,1071798263099,"Cube-169-2 Bingo Squishy Chocolate snack pack PU Mixed style, with mesh bags 12 pieces",Toys,ACTIVE_UNPUBLISHED,36,2670,803,27,0,0,"Wave 3 — needs reorder, new range"
1374,9345265598673,[9345265598673] Disney Foam Kids Play Mat 122x122cm,Toys (Consignment),NOT_IN_SHOPIFY,572,980,271,1,2,1178,"Wave 2 — in stock, existing range"
1375,1064365885099,202 Beach Towel S-P,Clothing,NOT_IN_SHOPIFY,78,515,200,1,4,1007,"Wave 1 — in stock, new arrival"
1376,4000169603099,440 Sortit Stan,Clothing,NOT_IN_SHOPIFY,76,356,200,8,13,182,"Wave 1 — in stock, new arrival"
1377,4000134989099,Girls Hair Elastic Hair Accessory - 948,Various,NOT_IN_SHOPIFY,463,440,269,11,61,648,"Wave 2 — in stock, existing range"
1378,1052898286099,991 -15-inch Backpack - Fuchsia/Purple - Unicorn,School,ACTIVE_UNPUBLISHED,34,4500,797,3,0,0,"Wave 3 — needs reorder, new range"
1379,1052898279099,991 -15-inch Backpack - Orange/Black - Basketball,School,ACTIVE_UNPUBLISHED,34,4500,797,3,0,0,"Wave 3 — needs reorder, new range"
1380,1062492175027,26116 Half Boot,Clothing,NOT_IN_SHOPIFY,250,745,269,1,10,3850,"Wave 2 — in stock, existing range"
1381,6222360883966,966 بيبي ووكر 6 *1,Baby Essentials (Consignment),ACTIVE_UNPUBLISHED,43,3500,795,1,0,0,"Wave 3 — needs reorder, new range"
1382,1068525828099,zx2211 Umbrella Walker & Piano Play Mat,Baby Essentials,ACTIVE_UNPUBLISHED,144,4710,1072,3,0,0,"Wave 4 — needs reorder, older range"
1383,6920251126998,[10148-B118] B118 Girls Projector Toy,Toys (Consignment),ACTIVE_UNPUBLISHED,172,3855,1071,3,0,0,"Wave 4 — needs reorder, older range"
1384,1052885676099,993 18-inch Backpack - Red/Black - Astronaut,School,ACTIVE_UNPUBLISHED,45,5176,791,3,0,0,"Wave 3 — needs reorder, new range"
1385,1073705654003,992 Pajama,Clothing,NOT_IN_SHOPIFY,92,750,197,3,5,768,"Wave 1 — in stock, new arrival"
1386,1034089604099,ساده cards,Party,NOT_IN_SHOPIFY,54,504,197,14,55,962,"Wave 1 — in stock, new arrival"
1387,1060154224099,YY-574-Water Bottle,School,ACTIVE_UNPUBLISHED,109,2250,786,6,0,0,"Wave 3 — needs reorder, new range"
1388,4000175951099,309 Kids Hair Elastic & Small Scrunchie,Clothing,NOT_IN_SHOPIFY,183,480,265,6,3,78,"Wave 2 — in stock, existing range"
1389,2066980267040,416  Socks (Pack Of 3),Clothing (Consignment),NOT_IN_SHOPIFY,468,1068,265,7,33,3168,"Wave 2 — in stock, existing range"
1390,1071425742099,D-Nشنطة هدايا بوكس /FU-10,Toys,NOT_IN_SHOPIFY,109,594,196,10,15,488,"Wave 1 — in stock, new arrival"
1391,4000157045099,C593-قفاش اسود,School,NOT_IN_SHOPIFY,36,360,196,6,29,580,"Wave 1 — in stock, new arrival"
1392,4000175938099,361 Alo Hair Clip,Clothing,NOT_IN_SHOPIFY,183,500,264,5,3,105,"Wave 2 — in stock, existing range"
1393,4000113139099,665-Mauve shoulder bag,Various,NOT_IN_SHOPIFY,69,428,195,2,2,180,"Wave 1 — in stock, new arrival"
1394,10721200,MAINTENANCE -SPIKE,Services,NOT_IN_SHOPIFY,166,1200,1053,5,0,0,"Wave 4 — needs reorder, older range"
1395,5060624773433,بوستر ماكس Iron,Baby Essentials,ACTIVE_UNPUBLISHED,365,3999,1052,1,0,0,"Wave 4 — needs reorder, older range"
1396,1060154207099,95519-Plastic Water Bottle,School,ACTIVE_UNPUBLISHED,109,2220,777,6,0,0,"Wave 3 — needs reorder, new range"
1397,2025070106221,5588-D513 ريموت ميني,Toys (Consignment),ACTIVE_UNPUBLISHED,55,3690,777,2,0,0,"Wave 3 — needs reorder, new range"
1398,4894692083023,[4894692083023] Girls Jewelry Accessories Set,Toys (Consignment),NOT_IN_SHOPIFY,753,1245,262,1,4,3320,"Wave 2 — in stock, existing range"
1399,1052557490008,100101474 One-Piece Swimsuit,Clothing,ACTIVE_UNPUBLISHED,69,495,194,1,22,5288,"Wave 1 — in stock, new arrival"
1400,1052557489006,100101474 One-Piece Swimsuit,Clothing,ACTIVE_UNPUBLISHED,69,495,194,1,22,5288,"Wave 1 — in stock, new arrival"
1401,4000785682099,YB-308-8-5 قاعدة تواليت بتطبق P-O,Baby Essentials,ACTIVE_UNPUBLISHED,60,2000,774,4,0,0,"Wave 3 — needs reorder, new range"
1402,1052883577099,2992-16.5-inch Trolley bag - Maroon/Navy - S-P,School,ACTIVE_UNPUBLISHED,20,4370,773,2,0,0,"Wave 3 — needs reorder, new range"
1403,1052883587099,2992-16.5-inch Trolley bag - Fuchsia/Purple - M-M,School,ACTIVE_UNPUBLISHED,20,4370,773,2,0,0,"Wave 3 — needs reorder, new range"
1404,1052898345099,2992-16.5-inch Trolley bag  - Fuchsia/Purple - Unicorn,School,ACTIVE_UNPUBLISHED,34,4370,773,2,0,0,"Wave 3 — needs reorder, new range"
1405,1052883576099,2992-16.5-inch Trolley bag - Orange/Navy - B-M,School,ACTIVE_UNPUBLISHED,20,4370,773,2,0,0,"Wave 3 — needs reorder, new range"
1406,1072654746099,جوندول تيستي مجموعة ادوات مائدة شوكة ملعقة وسكين,School,ACTIVE_UNPUBLISHED,36,2938,773,26,0,0,"Wave 3 — needs reorder, new range"
1407,1014882767099,[10148-BR1991884-1] BR1991884 RC Toy Car Charger Watch + Remote - Blue,Toys (Consignment),NOT_IN_SHOPIFY,172,1233,260,1,3,2465,"Wave 2 — in stock, existing range"
1408,1043615645099,33 Sortit,Various,NOT_IN_SHOPIFY,113,384,192,6,23,552,"Wave 1 — in stock, new arrival"
1409,1073091248012,309421-1 Girls Dark Denim Boyfriend Shorts with Rolled Cuffs,Clothing,NOT_IN_SHOPIFY,77,584,192,1,41,13120,"Wave 1 — in stock, new arrival"
1410,1073091246008,309421-1 Girls Dark Denim Boyfriend Shorts with Rolled Cuffs,Clothing,NOT_IN_SHOPIFY,77,584,192,1,41,13120,"Wave 1 — in stock, new arrival"
1411,1003973811010,104 UnderShirt,Clothing,NOT_IN_SHOPIFY,564,848,259,4,69,8355,"Wave 2 — in stock, existing range"
1412,4002148534099,نيم كارت بالحبل KB,Various,ACTIVE_UNPUBLISHED,52,444,192,9,1,22,"Wave 1 — in stock, new arrival"
1413,1003973813012,104 UnderShirt,Clothing,NOT_IN_SHOPIFY,564,888,259,4,44,5716,"Wave 2 — in stock, existing range"
1414,6958812744367,LD6096-1-BEAUTY SET,Toys,NOT_IN_SHOPIFY,433,739,259,1,1,389,"Wave 2 — in stock, existing range"
1415,4894680021730,XS-36534-A X-Shot Skins Flux 2pk,Toys,NOT_IN_SHOPIFY,656,2212,259,2,2,1682,"Wave 2 — in stock, existing range"
1416,4000150390099,1065 Hair Strand Elastic,Clothing,NOT_IN_SHOPIFY,456,441,258,5,6,155,"Wave 2 — in stock, existing range"
1417,4000113195099,684-Off-white crossbody bag,Various,NOT_IN_SHOPIFY,69,400,191,1,5,800,"Wave 1 — in stock, new arrival"
1418,4000113198099,684-Gold crossbody bag,Various,NOT_IN_SHOPIFY,69,400,191,1,5,800,"Wave 1 — in stock, new arrival"
1419,4000113156099,685-White crossbody bag,Various,NOT_IN_SHOPIFY,69,400,191,1,1,160,"Wave 1 — in stock, new arrival"
1420,4000113171099,684-White crossbody bag,Various,NOT_IN_SHOPIFY,69,400,191,1,5,800,"Wave 1 — in stock, new arrival"
1421,4000113197099,684-Black crossbody bag,Various,NOT_IN_SHOPIFY,69,400,191,1,5,800,"Wave 1 — in stock, new arrival"
1422,1052883603099,301 Lunch Bag + Pencil Case - Navy/Yellow - Speed-Of Hero,School,ACTIVE_UNPUBLISHED,20,4901,759,6,0,0,"Wave 3 — needs reorder, new range"
1423,4000169628099,398 buckle,Clothing,NOT_IN_SHOPIFY,76,350,190,5,14,329,"Wave 1 — in stock, new arrival"
1424,6222360890263,LH-C026-3-عربية بهلوانية بريموت ساعة,Toys (Consignment),ACTIVE_UNPUBLISHED,126,4500,1022,2,0,0,"Wave 4 — needs reorder, older range"
1425,1069765912099,[1069765912099] Kids Teddy Bear Cross Bag - Black & Off White,Various,ACTIVE_UNPUBLISHED,623,518,255,1,1,199,"Wave 2 — in stock, existing range"
1426,1053815673099,276 Shapes Necklace Set,Various,NOT_IN_SHOPIFY,333,610,255,2,24,3360,"Wave 2 — in stock, existing range"
1427,1053815674099,277 Shell Rose Necklace Set,Various,NOT_IN_SHOPIFY,333,610,255,2,19,2660,"Wave 2 — in stock, existing range"
1428,1060154217099,95520-Plastic Water Bottle,School,ACTIVE_UNPUBLISHED,109,2212,753,6,0,0,"Wave 3 — needs reorder, new range"
1429,6925162740806,5116 Racing Track Blocks 57 Pieces,Toys (Consignment),NOT_IN_SHOPIFY,574,1115,253,1,1,725,"Wave 2 — in stock, existing range"
1430,1060150403099,2922 Michael Shaped Correction Tape / Stand,School,NOT_IN_SHOPIFY,463,735,252,8,49,2401,"Wave 2 — in stock, existing range"
1431,4000191211099,C246 Metal Hair Claw Medium,Various,NOT_IN_SHOPIFY,253,470,252,10,13,208,"Wave 2 — in stock, existing range"
1432,202512115754,22005 انسان الي بالريموت,Toys (Consignment),ACTIVE_UNPUBLISHED,99,3290,747,1,0,0,"Wave 3 — needs reorder, new range"
1433,4000182672099,604 تيك تاك جليتر,Clothing,NOT_IN_SHOPIFY,33,340,186,4,32,896,"Wave 1 — in stock, new arrival"
1434,1034021358099,Baby Girl Cards,Party,NOT_IN_SHOPIFY,751,665,251,19,142,2485,"Wave 2 — in stock, existing range"
1435,4000175987099,375-1 Metal Clamps Gold 2,Clothing,NOT_IN_SHOPIFY,183,468,251,4,71,2840,"Wave 2 — in stock, existing range"
1436,1003973161006,188 Onesie,Clothing,NOT_IN_SHOPIFY,230,770,250,1,1,425,"Wave 2 — in stock, existing range"
1437,1003973167006,188 Onesie,Clothing,ACTIVE_UNPUBLISHED,230,770,250,1,1,425,"Wave 2 — in stock, existing range"
1438,4000882305099,105 Crossbody bag - Pink heart,School,NOT_IN_SHOPIFY,103,365,185,1,1,135,"Wave 1 — in stock, new arrival"
1439,0194735178377,"HRJ76 Mattel B-R Getaway House, Doll House Playset With 4 Play Areas And 11 Decor Accessories",Toys,NOT_IN_SHOPIFY,340,3250,998,1,0,0,"Wave 4 — needs reorder, older range"
1440,6223003247836,Tank BTL Magnet 1000ml Black,School,ACTIVE_UNPUBLISHED,369,1095,249,1,3,2134,"Wave 2 — in stock, existing range"
1441,1071725479099,Maltose - Slow Rising - Rebound Sugar Ice Cube Bubbles Shining Mixed color CDU 12PCS,Toys,NOT_IN_SHOPIFY,43,600,184,4,1,86,"Wave 1 — in stock, new arrival"
1442,4001170631099,4661 غيار بابلز ص 250 مللى,Baby Essentials,ACTIVE_UNPUBLISHED,21,520,184,15,1,18,"Wave 1 — in stock, new arrival"
1443,1003935520099,147 Bib,Clothing,NOT_IN_SHOPIFY,159,916,248,12,7,324,"Wave 2 — in stock, existing range"
1444,1062454794099,A020 Baby Bib (Pack Of 3),Clothing,ACTIVE_UNPUBLISHED,587,710,248,3,7,875,"Wave 2 — in stock, existing range"
1445,4000191491099,Hair Accessories - Nour Characters,Various,NOT_IN_SHOPIFY,169,488,248,4,19,855,"Wave 2 — in stock, existing range"
1446,8075400104490,DHTRC10449 Wrc 1:20 R/C Car Ds 3(Without Battery),Toys (Consignment),NOT_IN_SHOPIFY,567,1175,247,1,2,1567,"Wave 2 — in stock, existing range"
1447,6223003249304,Tank Everyday 480ml Midnight Blue,Various,NOT_IN_SHOPIFY,298,770,247,1,1,429,"Wave 2 — in stock, existing range"
1448,1052513260008,100100996  Sunsuit One-Piece,Clothing,ACTIVE_UNPUBLISHED,130,635,246,1,2,621,"Wave 2 — in stock, existing range"
1449,1052513262012,100100996  Sunsuit One-Piece,Clothing,ACTIVE_UNPUBLISHED,130,635,246,1,7,2175,"Wave 2 — in stock, existing range"
1450,1071798268099,"Cube-169-2 Bingo Squishy Chocolate snack pack PU Mixed style, with mesh bags 12 pieces",Toys,ACTIVE_UNPUBLISHED,36,2390,728,24,0,0,"Wave 3 — needs reorder, new range"
1451,1014838803099,[1014838803099] Remote Control Transforming Robot 2 Colors HT9936-1-1 - Purple,Toys (Consignment),NOT_IN_SHOPIFY,589,962,246,1,1,599,"Wave 2 — in stock, existing range"
1452,681070103619,1511836-Baby Boy Stroller,Toys,NOT_IN_SHOPIFY,616,425,246,1,8,1018,"Wave 2 — in stock, existing range"
1453,1052898339099,2991-15-inch Trolley bag - Red/Navy - Sonic,School,ACTIVE_UNPUBLISHED,34,4090,728,2,0,0,"Wave 3 — needs reorder, new range"
1454,8412497744978,Minnie Mouse Premium Bottle 620 ml,School,ACTIVE_UNPUBLISHED,734,799,245,1,1,456,"Wave 2 — in stock, existing range"
1455,1006657145099,[1006657145099] Kids Coloring Apron - Pink & Red,Various,NOT_IN_SHOPIFY,742,798,245,2,1,228,"Wave 2 — in stock, existing range"
1456,1006657143099,[1006657143099] Kids Coloring Apron - LOL,Various,NOT_IN_SHOPIFY,742,798,245,2,5,1138,"Wave 2 — in stock, existing range"
1457,4000169609099,459 Kids ring,Clothing,NOT_IN_SHOPIFY,76,352,180,4,18,576,"Wave 1 — in stock, new arrival"
1458,4000169619099,411 Stick,Clothing,NOT_IN_SHOPIFY,76,325,180,5,11,231,"Wave 1 — in stock, new arrival"
1459,4001583959099,97 قفاش   مشبك,Clothing,NOT_IN_SHOPIFY,134,440,242,8,36,648,"Wave 2 — in stock, existing range"
1460,4001556118099,[40015-60-5] Kids Hair Elastic,Clothing,NOT_IN_SHOPIFY,225,440,242,8,25,450,"Wave 2 — in stock, existing range"
1461,4000175999099,296-1 Kitty Hair Clip & Snap Clip,Clothing,NOT_IN_SHOPIFY,183,455,242,7,36,810,"Wave 2 — in stock, existing range"
1462,2071591269099,QS527A قطار توماس سبراى صوت ونور,Toys (Consignment),NOT_IN_SHOPIFY,126,1360,241,1,6,5712,"Wave 2 — in stock, existing range"
1463,1065975566099,CPS2FT642 Banana Cup Set 2-Piece 300ml - Fuchsia & Turquoise,Various,ACTIVE_UNPUBLISHED,286,1053,241,8,120,10264,"Wave 2 — in stock, existing range"
1464,4000169585099,401 Butterfly clip,Clothing,NOT_IN_SHOPIFY,76,315,178,7,14,196,"Wave 1 — in stock, new arrival"
1465,8364217982507,[8364217982507] Philips Boys 20-inch Bicycle with Alloy Wheels P302/20,Toys (Consignment),NOT_IN_SHOPIFY,728,5990,962,1,0,0,"Wave 4 — needs reorder, older range"
1466,1071854786003,8004  Girls' Flowers Print Short-Sleeve Pajama Set -Olive Green,Clothing,NOT_IN_SHOPIFY,102,1123,178,3,29,7801,"Wave 1 — in stock, new arrival"
1467,1053125145099,00510-Stainless Steel Bottle 280ml - Turquoise,School,NOT_IN_SHOPIFY,756,940,240,1,1,585,"Wave 2 — in stock, existing range"
1468,5900511165050,[10331-16505] Puzzle 100 Pieces,Toys (Consignment),NOT_IN_SHOPIFY,330,1140,240,4,1,190,"Wave 2 — in stock, existing range"
1469,1043635540099,A97 Steak white,School,NOT_IN_SHOPIFY,48,1402,710,26,0,0,"Wave 3 — needs reorder, new range"
1470,2071996930099,G301 INFANT SAFETY SEAT,Baby Essentials (Consignment),ACTIVE_UNPUBLISHED,123,4210,957,1,0,0,"Wave 4 — needs reorder, older range"
1471,2073683647099,ZT-SL305 Children's tricycle four in one stroller,Toys (Consignment),ACTIVE_UNPUBLISHED,18,4000,709,2,0,0,"Wave 3 — needs reorder, new range"
1472,4895038522732,002273 Tiny Tots Learning Pad,Toys,ACTIVE_UNPUBLISHED,756,3300,955,3,0,0,"Wave 4 — needs reorder, older range"
1473,4000169627099,465 bandana,Clothing,NOT_IN_SHOPIFY,76,320,177,4,7,182,"Wave 1 — in stock, new arrival"
1474,1285554886761,[20695-4172] 4172 Kids Fire Truck Building Blocks 260 Pieces,Toys (Consignment),NOT_IN_SHOPIFY,335,855,238,1,1,512,"Wave 2 — in stock, existing range"
1475,4000169608099,498 A box of sticks,Clothing,NOT_IN_SHOPIFY,76,320,176,5,2,42,"Wave 1 — in stock, new arrival"
1476,4000190264099,6 Girls Hair Elastic - Charm,Clothing,NOT_IN_SHOPIFY,377,416,237,5,6,154,"Wave 2 — in stock, existing range"
1477,1003963059007,110200 Boxer,Clothing,NOT_IN_SHOPIFY,679,1065,236,6,4,499,"Wave 2 — in stock, existing range"
1478,1003995752004,104 UnderShirt,Clothing,NOT_IN_SHOPIFY,751,749,232,4,31,3289,"Wave 2 — in stock, existing range"
1479,4000785677099,6657A سجاده بيبي بيانو ك ANIMAL,Toys,ACTIVE_UNPUBLISHED,60,2380,688,2,0,0,"Wave 3 — needs reorder, new range"
1480,1043686939099,Bandana 1400,Clothing,NOT_IN_SHOPIFY,190,510,231,6,5,180,"Wave 2 — in stock, existing range"
1481,1006686959099,2559 لانش بوكس مقسم ضد التسريب ستانلس 710 مللى 3 COLORS,Various,ACTIVE_UNPUBLISHED,19,2466,683,4,0,0,"Wave 3 — needs reorder, new range"
1482,1066203175099,GB5238TB-Baby  Backpack + Lunch Bag + Pencil Case  18,School,ACTIVE_UNPUBLISHED,413,3500,921,1,0,0,"Wave 4 — needs reorder, older range"
1483,4000715748099,[4000715748099] YT603 Baby Piano Play Mat Giraffe - Pink,Toys,ACTIVE_UNPUBLISHED,403,2600,920,4,0,0,"Wave 4 — needs reorder, older range"
1484,4000785695099,MKL-D12 اسكوتر كرسي موسيقى ونور معدن اورانج*رمادي,Toys,ACTIVE_UNPUBLISHED,60,2350,681,1,0,0,"Wave 3 — needs reorder, new range"
1485,6956661674033,3128B اورج مع مكروفون مع شاحن USB,Toys (Consignment),ACTIVE_UNPUBLISHED,75,615,170,1,1,369,"Wave 1 — in stock, new arrival"
1486,4000764233099,145\شنطة ألوان معدن ك يونى كورن بينك,Various,ACTIVE_UNPUBLISHED,46,2400,680,3,0,0,"Wave 3 — needs reorder, new range"
1487,6942046021530,7276M 3D+GOLDGIFTBAG(32X26X10CM),Various (Consignment),NOT_IN_SHOPIFY,64,448,170,7,5,160,"Wave 1 — in stock, new arrival"
1488,681070197618,1957518-Get Well Monkey,Toys,NOT_IN_SHOPIFY,616,354,229,2,6,243,"Wave 2 — in stock, existing range"
1489,4001562849099,[4001562849099] Girls Shaped Hair Clamps,Various,NOT_IN_SHOPIFY,274,405,229,9,38,532,"Wave 2 — in stock, existing range"
1490,4000134270099,90 Hair Strand Clip Mermaid,Various,NOT_IN_SHOPIFY,386,413,229,6,3,67,"Wave 2 — in stock, existing range"
1491,1014817591099,[10148-SY002B-1] SY002B Baby Musical Play Mat,Toys (Consignment),NOT_IN_SHOPIFY,376,830,229,1,2,999,"Wave 2 — in stock, existing range"
1492,1067992158099,Shoulder Bag,Various,ACTIVE_UNPUBLISHED,75,2570,675,2,0,0,"Wave 3 — needs reorder, new range"
1493,4000169584099,444 Stick,Clothing,NOT_IN_SHOPIFY,76,319,169,6,3,56,"Wave 1 — in stock, new arrival"
1494,1023844784008,0563 Pantie,Clothing,NOT_IN_SHOPIFY,725,898,227,5,32,3587,"Wave 2 — in stock, existing range"
1495,0090159393603,393601:18 H-D Series 41 1928 JDH Twin Cam ,Toys (Consignment),NOT_IN_SHOPIFY,237,1000,227,1,55,35747,"Wave 2 — in stock, existing range"
1496,2024110107044,818-332 FURNITURE SET,Toys (Consignment),ACTIVE_UNPUBLISHED,64,3190,672,2,0,0,"Wave 3 — needs reorder, new range"
1497,205669711209M,23920 Girls T-Shirt,Clothing,ACTIVE_UNPUBLISHED,75,590,168,1,8,2800,"Wave 1 — in stock, new arrival"
1498,1023810759004,0664 Boxer Shorts Pack Of 2,Clothing,NOT_IN_SHOPIFY,756,930,226,6,4,405,"Wave 2 — in stock, existing range"
1499,1060154180099,MD-6314-Stainless Steel Water Bottle,School,ACTIVE_UNPUBLISHED,109,1900,667,4,0,0,"Wave 3 — needs reorder, new range"
1500,1060154165099,063-2042-Plastic Water Bottle,School,ACTIVE_UNPUBLISHED,109,1900,667,4,0,0,"Wave 3 — needs reorder, new range"
1501,6942046029079,2242L GOLDSTAMPGIFTBAG(40X30X12CM),Various (Consignment),NOT_IN_SHOPIFY,64,1760,666,22,0,0,"Wave 3 — needs reorder, new range"
1502,1052898284099,991 -15-inch Backpack - Fuchsia/Purple - B-R A Fairy,School,ACTIVE_UNPUBLISHED,34,4350,666,3,0,0,"Wave 3 — needs reorder, new range"
1503,4246100536,424610 Sneakers,Clothing,NOT_IN_SHOPIFY,452,2380,898,2,0,0,"Wave 4 — needs reorder, older range"
1504,1060154323099,016-Pencil Case,School,ACTIVE_UNPUBLISHED,109,1920,664,12,0,0,"Wave 3 — needs reorder, new range"
1505,1072654745099,جوندول تيستي مجموعة ادوات مائدة شوكة ملعقة وسكين,School,ACTIVE_UNPUBLISHED,36,2576,664,23,0,0,"Wave 3 — needs reorder, new range"
1506,1060154285099,3515-Pencil Case,School,ACTIVE_UNPUBLISHED,109,1896,663,8,-1,-125,"Wave 3 — needs reorder, new range"
1507,1066203163099,GB5043TB-Trolley Bag + Pencil Case  17,School,ACTIVE_UNPUBLISHED,413,3400,895,1,0,0,"Wave 4 — needs reorder, older range"
1508,1043615624099,1586 Qafash,Various,NOT_IN_SHOPIFY,113,325,165,5,9,216,"Wave 1 — in stock, new arrival"
1509,6222360955024,995-5024A خيمه ميكى + 100 كرة,Toys (Consignment),ACTIVE_UNPUBLISHED,99,2900,659,2,0,0,"Wave 3 — needs reorder, new range"
1510,1072654744099,جوندول تيستي مجموعة ادوات مائدة شوكة ملعقة وسكين,School,ACTIVE_UNPUBLISHED,36,2486,654,22,0,0,"Wave 3 — needs reorder, new range"
1511,1053837645099,Shell Crescent Necklace 269,Various,NOT_IN_SHOPIFY,420,525,221,3,30,2400,"Wave 2 — in stock, existing range"
1512,4001069854099,XQ308-5 Baby Rattle Lion,Toys,ACTIVE_UNPUBLISHED,616,2488,882,20,0,0,"Wave 4 — needs reorder, older range"
1513,4000134269099,89 Hair Strand Clip Butterfly,Various,NOT_IN_SHOPIFY,386,385,220,7,8,135,"Wave 2 — in stock, existing range"
1514,1067947867099,D e (black),Various,ACTIVE_UNPUBLISHED,559,3300,877,2,0,0,"Wave 4 — needs reorder, older range"
1515,1023226499036,26118 Sneakers,Clothing,NOT_IN_SHOPIFY,186,665,219,1,4,1456,"Wave 2 — in stock, existing range"
1516,1023226494031,26118 Sneakers,Clothing,NOT_IN_SHOPIFY,186,665,219,1,3,1092,"Wave 2 — in stock, existing range"
1517,1023226496033,26118 Sneakers,Clothing,NOT_IN_SHOPIFY,186,665,219,1,1,364,"Wave 2 — in stock, existing range"
1518,1053815676099,279 Bow Chain,Various,NOT_IN_SHOPIFY,333,557,219,3,13,1170,"Wave 2 — in stock, existing range"
1519,1043635543099,A301 Steak white,School,NOT_IN_SHOPIFY,48,1206,648,41,0,0,"Wave 3 — needs reorder, new range"
1520,4001590703099,3903 Sortit,Clothing,NOT_IN_SHOPIFY,117,280,162,14,23,138,"Wave 1 — in stock, new arrival"
1521,1073091250002,309421-2 Girls Light Denim Boyfriend Shorts with Rolled Cuffs,Clothing,NOT_IN_SHOPIFY,77,549,162,1,35,11200,"Wave 1 — in stock, new arrival"
1522,4000191279099,562 Scrunchie Acrylic,Various,NOT_IN_SHOPIFY,253,408,218,7,9,180,"Wave 2 — in stock, existing range"
1523,4000191490099,Hair Accessories - FIFA,Various,NOT_IN_SHOPIFY,169,425,218,5,1,31,"Wave 2 — in stock, existing range"
1524,4000176011099,271 Girls Hair Elastic,Clothing,NOT_IN_SHOPIFY,183,396,217,10,26,338,"Wave 2 — in stock, existing range"
1525,1023295245025,26130 Sneakers,Clothing,NOT_IN_SHOPIFY,95,598,161,1,29,10557,"Wave 1 — in stock, new arrival"
1526,1071490402099,لوحه خشبيه تعليميه حروف انجليزي,Toys,ACTIVE_UNPUBLISHED,4,480,161,4,26,1690,"Wave 1 — in stock, new arrival"
1527,1014883514099,[10148-9020-5F-1] 9020-5F Kids RC Charger Car 1:8 High Speed 12km/h - Black,Toys (Consignment),ACTIVE_UNPUBLISHED,172,3115,865,1,0,0,"Wave 4 — needs reorder, older range"
1528,1014896947099,55860/6'Solid body joint barbie with fittings,Toys (Consignment),NOT_IN_SHOPIFY,687,770,216,2,14,3216,"Wave 2 — in stock, existing range"
1529,4002081264099,[40020-K8686A] K8686A Makeup Tools Trolley Bag Set 2-in-1 - Baby Blue,Toys,ACTIVE_UNPUBLISHED,228,2437,864,4,0,0,"Wave 4 — needs reorder, older range"
1530,6223018170631,"Tank Tritan - Printed, 525ml Animals  Grey",Various,ACTIVE_UNPUBLISHED,54,2756,639,15,0,0,"Wave 3 — needs reorder, new range"
1531,703588019692,[L1969] 27CM TALL EXT LIBERTY - WHITE,Baby Essentials,ACTIVE_UNPUBLISHED,608,2490,862,1,0,0,"Wave 4 — needs reorder, older range"
1532,1072152741099,بطاريه هوفر بورد,Various,NOT_IN_SHOPIFY,130,1690,215,1,1,1267,"Wave 2 — in stock, existing range"
1533,1023274612033,1005 Sneakers,Clothing,NOT_IN_SHOPIFY,580,605,214,1,2,633,"Wave 2 — in stock, existing range"
1534,261119842109960,B98421 Short,Clothing (Consignment),ACTIVE_UNPUBLISHED,111,698,159,2,3,681,"Wave 1 — in stock, new arrival"
1535,261119842106960,B98421 Short,Clothing (Consignment),ACTIVE_UNPUBLISHED,111,698,159,2,2,454,"Wave 1 — in stock, new arrival"
1536,4000113161099,689-Fuschia crossbody bag,Various,NOT_IN_SHOPIFY,69,1320,633,3,0,0,"Wave 3 — needs reorder, new range"
1537,1023274615036,1005 Sneakers,Clothing,NOT_IN_SHOPIFY,580,605,214,1,1,317,"Wave 2 — in stock, existing range"
1538,1066648682099,642924  Lunch Bag Unicorn Design,School,ACTIVE_UNPUBLISHED,49,2658,632,2,0,0,"Wave 3 — needs reorder, new range"
1539,1052885673099,993 18-inch Backpack - Orange/Black - Basketball,School,ACTIVE_UNPUBLISHED,45,3570,632,2,0,0,"Wave 3 — needs reorder, new range"
1540,4000169596099,550 Tic Tac   Stick,Clothing,NOT_IN_SHOPIFY,76,294,158,5,8,160,"Wave 1 — in stock, new arrival"
1541,4000182658099,609 استك فيونكه,Clothing,NOT_IN_SHOPIFY,33,294,158,5,31,620,"Wave 1 — in stock, new arrival"
1542,1003935519099,147 Bib,Clothing,NOT_IN_SHOPIFY,159,762,213,10,4,182,"Wave 2 — in stock, existing range"
1543,4000182679099,547 قفاش وسط,Clothing,NOT_IN_SHOPIFY,33,280,158,8,28,308,"Wave 1 — in stock, new arrival"
1544,4000764243099,Q105\بوتى أورانج*بترولى C-R,Various,ACTIVE_UNPUBLISHED,46,2200,630,2,0,0,"Wave 3 — needs reorder, new range"
1545,4000764242099,Q105\بوتى أخضر C-R,Various,ACTIVE_UNPUBLISHED,46,2200,630,2,0,0,"Wave 3 — needs reorder, new range"
1546,2073339460009,CD031-B-PEB Romper ,Clothing (Consignment),ACTIVE_UNPUBLISHED,134,1199,212,1,2,1679,"Wave 2 — in stock, existing range"
1547,1060134699099,تيكت مدارس اشكال  4X1,School,ACTIVE_UNPUBLISHED,83,448,157,16,5,74,"Wave 1 — in stock, new arrival"
1548,1071495245099,Labubu the monsters energy,Various,ACTIVE_UNPUBLISHED,448,1900,847,1,0,0,"Wave 4 — needs reorder, older range"
1549,4001537162099,77 مشبك فيونكه ,Various,NOT_IN_SHOPIFY,131,385,212,7,18,324,"Wave 2 — in stock, existing range"
1550,5060630044343,Tangle Teezer Lilac Naturally Curly,Clothing,ACTIVE_UNPUBLISHED,751,4059,845,6,0,0,"Wave 4 — needs reorder, older range"
1551,20704071099,Bedding Fitted Sheet Stars - Yellow,Baby Essentials,NOT_IN_SHOPIFY,693,560,211,2,1,140,"Wave 2 — in stock, existing range"
1552,65515,Wedding Cards,Party,NOT_IN_SHOPIFY,751,560,211,16,118,2065,"Wave 2 — in stock, existing range"
1553,1043615641099,1575 Hair Clip,Various,NOT_IN_SHOPIFY,113,315,156,3,1,40,"Wave 1 — in stock, new arrival"
1554,1072654747099,جوندول تيستي مجموعة ادوات مائدة شوكة ملعقة وسكين,School,ACTIVE_UNPUBLISHED,36,2452,624,22,0,0,"Wave 3 — needs reorder, new range"
1555,0195969869406,Boys' Sneakers,Clothing,NOT_IN_SHOPIFY,756,2399,842,1,0,0,"Wave 4 — needs reorder, older range"
1556,6954445130942,[6954445130942] KF689 Toy Gym Bowling Set,Toys (Consignment),NOT_IN_SHOPIFY,753,999,210,1,1,666,"Wave 2 — in stock, existing range"
1557,9646364808015,[9646364808015] Doll,Toys (Consignment),NOT_IN_SHOPIFY,678,999,210,1,2,1332,"Wave 2 — in stock, existing range"
1558,0842817091907,[842817091907] 407RB Ice Cream Shape Water Bottle - Red/Blue,Toys (Consignment),NOT_IN_SHOPIFY,239,999,210,1,1,666,"Wave 2 — in stock, existing range"
1559,1060154210099,95518-Plastic Water Bottle,School,ACTIVE_UNPUBLISHED,109,1838,622,5,-1,-198,"Wave 3 — needs reorder, new range"
1560,1071798275099,"Cube-169-3 Bingo Squishy Large soda cans PU Mixed style, with mesh bags 12 pieces",Toys,ACTIVE_UNPUBLISHED,36,2025,622,27,0,0,"Wave 3 — needs reorder, new range"
1561,1070295127012,13315 Kaftan,Clothing,ACTIVE_UNPUBLISHED,187,648,210,1,1,359,"Wave 2 — in stock, existing range"
1562,1073091234009,209421-1 Girls Dark Denim Boyfriend Shorts with Rolled Cuffs,Clothing,NOT_IN_SHOPIFY,77,519,155,1,67,20100,"Wave 1 — in stock, new arrival"
1563,1073091235012,209421-1 Girls Dark Denim Boyfriend Shorts with Rolled Cuffs,Clothing,NOT_IN_SHOPIFY,77,519,155,1,67,20100,"Wave 1 — in stock, new arrival"
1564,1073091236018,209421-1 Girls Dark Denim Boyfriend Shorts with Rolled Cuffs,Clothing,NOT_IN_SHOPIFY,77,519,155,1,69,20700,"Wave 1 — in stock, new arrival"
1565,1073091241012,209421-3 Girls Medium Denim Boyfriend Shorts with Rolled Cuffs,Clothing,NOT_IN_SHOPIFY,77,519,155,1,71,21300,"Wave 1 — in stock, new arrival"
1566,2072069839099,78016  1X TRNR SIPPEE 300ML,Baby Essentials (Consignment),ACTIVE_UNPUBLISHED,83,3500,620,5,0,0,"Wave 3 — needs reorder, new range"
1567,8364217982716,عجله 12 م فروزين بحامل عروسة 12/202,Toys (Consignment),NOT_IN_SHOPIFY,112,3850,618,1,0,0,"Wave 3 — needs reorder, new range"
1568,2066980270040,353  Socks (Pack Of 3),Clothing (Consignment),NOT_IN_SHOPIFY,468,750,208,5,51,4590,"Wave 2 — in stock, existing range"
1569,2066980264040,359  Socks (Pack Of 3),Clothing (Consignment),NOT_IN_SHOPIFY,468,750,208,5,78,7020,"Wave 2 — in stock, existing range"
1570,6930751316423,95500-RC 1:12 BMW 18 Roadstar,Toys,ACTIVE_UNPUBLISHED,741,2999,831,1,0,0,"Wave 4 — needs reorder, older range"
1571,6930751304000,R/C BMW Z4 1/12,Toys,ACTIVE_UNPUBLISHED,741,2999,831,1,0,0,"Wave 4 — needs reorder, older range"
1572,9328577008726,[9328577008726] F-Z&O-L Gift Wrapping Paper,Various (Consignment),NOT_IN_SHOPIFY,753,556,208,14,42,840,"Wave 2 — in stock, existing range"
1573,1043686927099,Sortit Hair Accessories 678,Clothing,NOT_IN_SHOPIFY,190,458,208,8,5,121,"Wave 2 — in stock, existing range"
1574,1055812372034,P-250237 Sneakers,Clothing,NOT_IN_SHOPIFY,347,630,208,1,3,1035,"Wave 2 — in stock, existing range"
1575,1055812367029,P-250237 Sneakers,Clothing,NOT_IN_SHOPIFY,347,630,208,1,1,345,"Wave 2 — in stock, existing range"
1576,4000182685099,556 كلبس كبير,Clothing,NOT_IN_SHOPIFY,33,275,154,5,31,542,"Wave 1 — in stock, new arrival"
1577,4000169639099,453 buckle,Clothing,NOT_IN_SHOPIFY,76,275,154,5,62,1085,"Wave 1 — in stock, new arrival"
1578,2023010103231,[2023010103231] 1707 Loader Model 1:50,Toys (Consignment),NOT_IN_SHOPIFY,753,985,207,1,1,657,"Wave 2 — in stock, existing range"
1579,20250700,MAINTENANCE-k,All,NOT_IN_SHOPIFY,13,700,614,1,-1,0,"Wave 3 — needs reorder, new range"
1580,4001269258099,HX-606 سيف مضىء بمقبض مزدوج 2شفرة أسود,Toys,ACTIVE_UNPUBLISHED,33,1600,614,2,0,0,"Wave 3 — needs reorder, new range"
1581,4002125489099,2650 لانش بوكس 2 دور M-M مينت*موف+علبة صوص وشوكة وملعقه,School,ACTIVE_UNPUBLISHED,50,1800,614,5,0,0,"Wave 3 — needs reorder, new range"
1582,2056697002008,23882 Girls Dress,Clothing,ACTIVE_UNPUBLISHED,98,3230,153,4,6,4020,"Wave 1 — in stock, new arrival"
1583,1003963062010,110200 Boxer,Clothing,NOT_IN_SHOPIFY,679,915,207,5,12,1579,"Wave 2 — in stock, existing range"
1584,4000882314099,7 Shoulder bag - Mint,School,NOT_IN_SHOPIFY,103,300,153,1,2,220,"Wave 1 — in stock, new arrival"
1585,4000882315099,7 Shoulder bag - grey,School,NOT_IN_SHOPIFY,103,300,153,1,5,550,"Wave 1 — in stock, new arrival"
1586,4000882316099,7 Shoulder bag - Mauve,School,NOT_IN_SHOPIFY,103,300,153,1,1,110,"Wave 1 — in stock, new arrival"
1587,4000358723099,8016 نظارة سباحة sainteve بينك,Summer,ACTIVE_UNPUBLISHED,22,1974,612,8,0,0,"Wave 3 — needs reorder, new range"
1588,4000740100099,[4000740100099] 99164 Girls Craft Beads Set - Large,Toys,NOT_IN_SHOPIFY,425,600,206,2,2,320,"Wave 2 — in stock, existing range"
1589,6930519000991,[6930519000991] 211010 Plaster Cup & Saucer Making Science Kit,Toys (Consignment),NOT_IN_SHOPIFY,610,975,205,1,1,650,"Wave 2 — in stock, existing range"
1590,1014175301024,145 Shiny White Ballerina,Clothing,NOT_IN_SHOPIFY,124,500,205,1,1,234,"Wave 2 — in stock, existing range"
1591,1066648628099,638358 Backpack Butterfly Design 17 Inch,School,ACTIVE_UNPUBLISHED,49,2230,606,1,0,0,"Wave 3 — needs reorder, new range"
1592,1014896874099,32334H/Pull Back alloy car（Open the door）16assorted,Toys (Consignment),NOT_IN_SHOPIFY,687,737,204,1,2,884,"Wave 2 — in stock, existing range"
1593,4000113193099,707-Orange waist bag,Various,NOT_IN_SHOPIFY,69,315,151,1,7,875,"Wave 1 — in stock, new arrival"
1594,4000113192099,707-Lemon waist bag,Various,NOT_IN_SHOPIFY,69,315,151,1,7,875,"Wave 1 — in stock, new arrival"
1595,5900511230192,[10331-23019] Puzzle 300 pcs,Toys (Consignment),NOT_IN_SHOPIFY,330,970,204,2,2,647,"Wave 2 — in stock, existing range"
1596,1052883616099,301 Lunch Bag + Pencil Case - Red/Navy - C-R,School,ACTIVE_UNPUBLISHED,20,845,151,1,1,590,"Wave 1 — in stock, new arrival"
1597,1052883601099,301 Lunch Bag + Pencil Case - Purple - Lol,School,ACTIVE_UNPUBLISHED,20,845,151,1,1,590,"Wave 1 — in stock, new arrival"
1598,2056697240010,09422 Girls Short,Clothing,ACTIVE_UNPUBLISHED,57,1700,151,2,7,4690,"Wave 1 — in stock, new arrival"
1599,2056697237004,09422 Girls Short,Clothing,ACTIVE_UNPUBLISHED,57,1700,151,2,6,4020,"Wave 1 — in stock, new arrival"
1600,2073891498099,[20738-HH4-3] HH4-3 Kids Twister Characters Rechargeable RC Stunt Car,Toys (Consignment),ACTIVE_UNPUBLISHED,272,3592,816,8,0,0,"Wave 4 — needs reorder, older range"
1601,4000169592099,414 Girls' hair elastic,Clothing,NOT_IN_SHOPIFY,76,276,151,7,1,13,"Wave 1 — in stock, new arrival"
1602,9781837953875,My First Colours,Various (Consignment),ACTIVE_UNPUBLISHED,82,850,151,2,1,298,"Wave 1 — in stock, new arrival"
1603,9583481000154,[9583481000154] Cars Foam Kids Play Mat 122x122cm,Toys (Consignment),ACTIVE_UNPUBLISHED,572,2940,812,3,0,0,"Wave 4 — needs reorder, older range"
1604,1043652475099,1528 Large Rose Hair Clip,Various,NOT_IN_SHOPIFY,163,432,203,11,33,528,"Wave 2 — in stock, existing range"
1605,4000191245099,c158 Mickey Hair Elastic Crochet,Various,NOT_IN_SHOPIFY,253,375,203,3,38,1596,"Wave 2 — in stock, existing range"
1606,2056697005004,23886 Girls Short,Clothing,ACTIVE_UNPUBLISHED,98,650,150,1,7,2940,"Wave 1 — in stock, new arrival"
1607,1064365881099,202 Beach Towel W-O,Clothing,ACTIVE_UNPUBLISHED,78,1545,600,3,0,0,"Wave 3 — needs reorder, new range"
1608,000228170004,22817- Socks ,Clothing (Consignment),NOT_IN_SHOPIFY,391,891,202,9,23,1480,"Wave 2 — in stock, existing range"
1609,1014155237038,Ballarina 303,Clothing,NOT_IN_SHOPIFY,727,584,202,1,1,310,"Wave 2 — in stock, existing range"
1610,4001537164099,219 تيك تاك,Various,NOT_IN_SHOPIFY,131,350,202,7,6,90,"Wave 2 — in stock, existing range"
1611,1066648655099,212032  Lunch Bag Logo Design,School,ACTIVE_UNPUBLISHED,49,2620,598,2,0,0,"Wave 3 — needs reorder, new range"
1612,8051708029420,Fifa World Cup 2026 Dream Box TCG,Toys,ACTIVE_UNPUBLISHED,39,2245,598,1,0,0,"Wave 3 — needs reorder, new range"
1613,1023225138036,25110 Half Boot,Clothing,ACTIVE_UNPUBLISHED,322,615,202,1,1,338,"Wave 2 — in stock, existing range"
1614,4000182660099,608 استك نجمه,Clothing,NOT_IN_SHOPIFY,33,290,149,3,33,1155,"Wave 1 — in stock, new arrival"
1615,3123384000002,RJ6829 Kids Basketball Cart,Toys (Consignment),ACTIVE_UNPUBLISHED,161,3550,807,2,0,0,"Wave 4 — needs reorder, older range"
1616,4000732874099,518B-11-سجادة بيبى بيانو بينك,Toys,ACTIVE_UNPUBLISHED,126,2400,805,4,0,0,"Wave 4 — needs reorder, older range"
1617,1815653000005,HSY-089 Police Loudspeaker with Sounds,Toys (Consignment),ACTIVE_UNPUBLISHED,161,3692,804,7,0,0,"Wave 4 — needs reorder, older range"
1618,6223003247843,Tank BTL Magnet 1000ml Cream,School,ACTIVE_UNPUBLISHED,369,4159,803,4,0,0,"Wave 4 — needs reorder, older range"
1619,1023274545026,1001 Sneakers,Clothing,NOT_IN_SHOPIFY,580,605,201,1,2,660,"Wave 2 — in stock, existing range"
1620,5364217982407,[20036-2150] Guided Bicycle Btenda Infinity,Toys (Consignment),NOT_IN_SHOPIFY,179,5000,803,2,0,0,"Wave 4 — needs reorder, older range"
1621,1003910278005,110200 Boxer,Clothing,NOT_IN_SHOPIFY,691,830,200,5,3,354,"Wave 2 — in stock, existing range"
1622,1055812397029,P-250358 Sneakers,Clothing,NOT_IN_SHOPIFY,347,610,200,1,5,1675,"Wave 2 — in stock, existing range"
1623,1055812399031,P-250358 Sneakers,Clothing,NOT_IN_SHOPIFY,347,610,200,1,9,3015,"Wave 2 — in stock, existing range"
1624,1013646784010, 7419 Pajama,Clothing,NOT_IN_SHOPIFY,95,1333,148,2,3,1532,"Wave 1 — in stock, new arrival"
1625,2051320491099,Nursing Pillow,Baby Essentials (Consignment),ACTIVE_UNPUBLISHED,5,650,148,1,1,422,"Wave 1 — in stock, new arrival"
1626,1044830725099,1009104 Premium Car Seat Maroon,Baby Essentials,ACTIVE_UNPUBLISHED,700,3830,796,1,0,0,"Wave 4 — needs reorder, older range"
1627,4000182674099,613 استك فيونكه جينز,Clothing,NOT_IN_SHOPIFY,33,270,147,3,33,990,"Wave 1 — in stock, new arrival"
1628,1052898305099,992- 16.5-inch Backpack - Maroon/Navy - S-P,School,ACTIVE_UNPUBLISHED,34,3290,586,2,0,0,"Wave 3 — needs reorder, new range"
1629,1052898320099,992- 16.5-inch Backpack - Fuchsia/Purple - Unicorn,School,ACTIVE_UNPUBLISHED,34,3290,586,2,0,0,"Wave 3 — needs reorder, new range"
1630,1052898308099,992- 16.5-inch Backpack - Orange/Black - Basketball,School,ACTIVE_UNPUBLISHED,34,3290,586,2,0,0,"Wave 3 — needs reorder, new range"
1631,1052898304099,992- 16.5-inch Backpack - Red/Navy - Paw Patrol,School,ACTIVE_UNPUBLISHED,34,3290,586,2,0,0,"Wave 3 — needs reorder, new range"
1632,1023835812012,2470 Short-Sleeved Undershirt,Clothing,NOT_IN_SHOPIFY,364,270,197,3,76,1008,"Wave 2 — in stock, existing range"
1633,4000175988099,375-2 Metal Hair Clip Gold,Clothing,NOT_IN_SHOPIFY,183,360,196,3,21,840,"Wave 2 — in stock, existing range"
1634,2025090106102,8862 4 IN 1 BABY STANDING BATH RACK,Toys (Consignment),ACTIVE_UNPUBLISHED,231,3450,782,1,0,0,"Wave 4 — needs reorder, older range"
1635,4000785685099,8808 MY CARRY POTTY PINK,Baby Essentials,NOT_IN_SHOPIFY,60,450,145,1,1,250,"Wave 1 — in stock, new arrival"
1636,8364217982907,عجلة صغيرة 3 لابوبو الاي 999/2026,Toys (Consignment),NOT_IN_SHOPIFY,32,3600,578,2,0,0,"Wave 3 — needs reorder, new range"
1637,6938242959388,M38-B1078-981PCS GIRLS DREAM-A TEA HOUSE,Toys (Consignment),ACTIVE_UNPUBLISHED,321,3695,778,1,0,0,"Wave 4 — needs reorder, older range"
1638,1071496601099,189-13 stitchايس كريم وسط,Toys,ACTIVE_UNPUBLISHED,63,2000,574,4,0,0,"Wave 3 — needs reorder, new range"
1639,4000113152099,711-Fuchsia waist bag,Various,NOT_IN_SHOPIFY,69,300,143,1,2,240,"Wave 1 — in stock, new arrival"
1640,4000113178099,713-light denim waist bag,Various,NOT_IN_SHOPIFY,69,300,143,1,22,2640,"Wave 1 — in stock, new arrival"
1641,6937645545150,4515 Kogo Seaside Villa Blocks 423 Pieces,Toys (Consignment),ACTIVE_UNPUBLISHED,335,4360,773,4,0,0,"Wave 4 — needs reorder, older range"
1642,4717385947948,[10668-12] Philips Premium Alkaline AAA Batteries 2pcs on Card,Various,NOT_IN_SHOPIFY,340,550,193,5,7,405,"Wave 2 — in stock, existing range"
1643,1067931603099,Set LQ Grey,Various,ACTIVE_UNPUBLISHED,348,2780,772,1,0,0,"Wave 4 — needs reorder, older range"
1644,1014156030030,079 Sandal,Clothing,NOT_IN_SHOPIFY,550,220,193,1,1,0,"Wave 2 — in stock, existing range"
1645,1023291215029,26104 Sneakers,Clothing,NOT_IN_SHOPIFY,239,590,193,1,3,974,"Wave 2 — in stock, existing range"
1646,1023212862031,26112 Sneakers,Clothing,NOT_IN_SHOPIFY,223,590,193,1,7,2272,"Wave 2 — in stock, existing range"
1647,1023295164035,26116 Sneakers,Clothing,NOT_IN_SHOPIFY,208,590,193,1,5,1623,"Wave 2 — in stock, existing range"
1648,1023295137036,26114 Sneakers,Clothing,NOT_IN_SHOPIFY,208,590,193,1,8,2596,"Wave 2 — in stock, existing range"
1649,1023210240032,26113 Sneakers,Clothing,NOT_IN_SHOPIFY,217,590,193,1,8,2596,"Wave 2 — in stock, existing range"
1650,1023281397035,26107 Sneakers,Clothing,NOT_IN_SHOPIFY,230,590,193,1,2,649,"Wave 2 — in stock, existing range"
1651,1003910294005,110200 Boxer,Clothing,NOT_IN_SHOPIFY,691,845,193,5,1,118,"Wave 2 — in stock, existing range"
1652,6921539560800,F6-4  طقم لانش حرب + بيتش باجى,Toys (Consignment),ACTIVE_UNPUBLISHED,96,2784,570,3,0,0,"Wave 3 — needs reorder, new range"
1653,2026011155292,FD28S GOLDSTAMPGIFTBAG(23X18X10CM),Various (Consignment),NOT_IN_SHOPIFY,64,360,142,8,9,195,"Wave 1 — in stock, new arrival"
1654,035051120179,MGA-120179 Rainbow High Classic Fashion Doll Ruby (Red),Toys,ACTIVE_UNPUBLISHED,483,2500,768,1,0,0,"Wave 4 — needs reorder, older range"
1655,8710103701330,BREAST MILK STORAGE CUPS 180ML,Baby Essentials,NOT_IN_SHOPIFY,680,2185,767,1,0,0,"Wave 4 — needs reorder, older range"
1656,1067912493099,set LQ tag caro gold,Various,ACTIVE_UNPUBLISHED,252,2774,767,1,0,0,"Wave 4 — needs reorder, older range"
1657,8364217982901,عجلة صغيرة 3 لابوبو 92/2026,Toys (Consignment),NOT_IN_SHOPIFY,32,1755,142,1,3,4192,"Wave 1 — in stock, new arrival"
1658,6941607329276,91043 Bestway Â® swimming ring P-R Ã˜ 56 cm,Summer,ACTIVE_UNPUBLISHED,756,769,192,7,1,69,"Wave 2 — in stock, existing range"
1659,4000764235099,BC1037L\بوتى سلم 2*1 أخضر,Various,NOT_IN_SHOPIFY,46,1900,567,2,0,0,"Wave 3 — needs reorder, new range"
1660,4001068161099,6653 سجادة بيبي بيانو موسيقى اسد بينك,Baby Essentials,ACTIVE_UNPUBLISHED,25,1900,566,2,0,0,"Wave 3 — needs reorder, new range"
1661,1066203171099,GB5231-Backpack + lunch bag + pencil case   17,School,ACTIVE_UNPUBLISHED,413,2900,763,1,0,0,"Wave 4 — needs reorder, older range"
1662,1014035125099,47900 R/C  range rover evoque 1/14,Toys,ACTIVE_UNPUBLISHED,203,2750,762,1,0,0,"Wave 4 — needs reorder, older range"
1663,1003985154008,1662 Pajama,Clothing,ACTIVE_UNPUBLISHED,22,450,141,1,23,5837,"Wave 1 — in stock, new arrival"
1664,1003985181008,1662 Pajama,Clothing,ACTIVE_UNPUBLISHED,22,450,141,1,23,5837,"Wave 1 — in stock, new arrival"
1665,1003985152006,1662 Pajama,Clothing,ACTIVE_UNPUBLISHED,22,450,141,1,23,5837,"Wave 1 — in stock, new arrival"
1666,1071086525099,100 Elastic Bed Sheets,Baby Essentials,ACTIVE_UNPUBLISHED,75,1280,563,4,0,0,"Wave 3 — needs reorder, new range"
1667,1071086527099,Bed Sheets,Baby Essentials,ACTIVE_UNPUBLISHED,75,1280,563,4,0,0,"Wave 3 — needs reorder, new range"
1668,2056697058008,19451 Boys Shirt,Clothing,ACTIVE_UNPUBLISHED,92,5290,140,5,8,7200,"Wave 1 — in stock, new arrival"
1669,2024110107525,MH-155 CONTAINER EJECTOR TRUCK,Toys (Consignment),ACTIVE_UNPUBLISHED,64,2655,559,3,0,0,"Wave 3 — needs reorder, new range"
1670,1071054545099,Bed Sheets,Clothing,ACTIVE_UNPUBLISHED,37,1275,559,4,0,0,"Wave 3 — needs reorder, new range"
1671,4000789230099,[4000789230099] 283-38 Hero Action Figures Set of 7,Toys,NOT_IN_SHOPIFY,551,500,189,1,1,250,"Wave 2 — in stock, existing range"
1672,2025121158896,648-409 B/O GUN TOYS WITH BATTERY,Toys (Consignment),ACTIVE_UNPUBLISHED,64,2650,558,2,0,0,"Wave 3 — needs reorder, new range"
1673,2024110103947,LC2105-CATCH STICK GAME,Toys (Consignment),ACTIVE_UNPUBLISHED,321,3575,753,1,0,0,"Wave 4 — needs reorder, older range"
1674,6920241281423,QS811-205/2-IN-1 (  water gun  ),Toys (Consignment),NOT_IN_SHOPIFY,528,678,188,1,1,407,"Wave 2 — in stock, existing range"
1675,4000169579099,423 buckle 3*1,Clothing,NOT_IN_SHOPIFY,76,250,139,5,30,480,"Wave 1 — in stock, new arrival"
1676,3072126000001,099-6A مدينه بوليس مكعبات للطفل 13 ق,Toys (Consignment),ACTIVE_UNPUBLISHED,96,2445,555,3,0,0,"Wave 3 — needs reorder, new range"
1677,2073072773099,[20730-QY-19L] QY-19L Remote Control Airplane 3 Shapes - Labubu,Toys (Consignment),ACTIVE_UNPUBLISHED,211,3300,750,2,0,0,"Wave 4 — needs reorder, older range"
1678,2073072772099,[20730-QY-19B] QY-19B Remote Control Airplane 3 Shapes - Stitch,Toys (Consignment),ACTIVE_UNPUBLISHED,211,3300,750,2,0,0,"Wave 4 — needs reorder, older range"
1679,1067892547099,YM-205 بانيو سيلكون طقم 5*1,Baby Essentials,ACTIVE_UNPUBLISHED,102,2000,554,1,0,0,"Wave 3 — needs reorder, new range"
1680,2178799000001,DH-155 مكعبات اطفال منزل 155 ق,Toys (Consignment),ACTIVE_UNPUBLISHED,96,2440,554,2,0,0,"Wave 3 — needs reorder, new range"
1681,1003910296007,110200 Boxer,Clothing,NOT_IN_SHOPIFY,691,878,186,5,7,874,"Wave 2 — in stock, existing range"
1682,2987218000009,35847 لعبه ايباد تاتش اصوات  و نور حيونات للطفل,Toys (Consignment),ACTIVE_UNPUBLISHED,96,2430,552,3,0,0,"Wave 3 — needs reorder, new range"
1683,1053837646099,Stone Bracelet 270,Various,NOT_IN_SHOPIFY,420,440,186,4,37,1850,"Wave 2 — in stock, existing range"
1684,1053837650099,Thread Bracelets Set 274,Various,NOT_IN_SHOPIFY,420,440,186,4,25,1250,"Wave 2 — in stock, existing range"
1685,1003995751003,104 UnderShirt,Clothing,NOT_IN_SHOPIFY,750,576,186,3,104,11072,"Wave 2 — in stock, existing range"
1686,2069593497099,[2069593497099] 8380 Diva Doll with Baby Carrier and Stroller - Pink,Toys (Consignment),ACTIVE_UNPUBLISHED,669,2678,740,3,0,0,"Wave 4 — needs reorder, older range"
1687,1052898334099,2991-15-inch Trolley bag - Purple/Purple - Unicorn,School,ACTIVE_UNPUBLISHED,34,3886,548,2,0,0,"Wave 3 — needs reorder, new range"
1688,1073785680004,30 Pajama,Clothing,NOT_IN_SHOPIFY,92,729,137,2,1,251,"Wave 1 — in stock, new arrival"
1689,1004821502099,[1004841213099] S561 Baby Silicone Toothbrush - Fuchsia,Baby Essentials,ACTIVE_UNPUBLISHED,756,839,185,7,21,1655,"Wave 2 — in stock, existing range"
1690,4001195847099,266-184 استاند بابلز animals 24*1,Toys,ACTIVE_UNPUBLISHED,49,315,137,21,5,33,"Wave 1 — in stock, new arrival"
1691,1034021363099,Congratulation Cards,Party,NOT_IN_SHOPIFY,751,490,185,14,102,1785,"Wave 2 — in stock, existing range"
1692,6941607368404,54479 ?66  x H21 /?1.68m x H53cm Bohemian Blue Inflatable Pool,Summer,ACTIVE_UNPUBLISHED,119,1975,547,1,0,0,"Wave 3 — needs reorder, new range"
1693,4000882318099,8 Shoulder bag - grey,School,NOT_IN_SHOPIFY,103,270,137,1,3,300,"Wave 1 — in stock, new arrival"
1694,4000882319099,8 Shoulder bag - white,School,NOT_IN_SHOPIFY,103,270,137,1,4,400,"Wave 1 — in stock, new arrival"
1695,1051145760099,[1051145760099] Baby Padded Leather High Chair Multi-Level DC01 - Pink,Baby Essentials,NOT_IN_SHOPIFY,751,4262,739,1,0,0,"Wave 4 — needs reorder, older range"
1696,4893156062338,[4893156062338] Toy Make Your Spider-Man Alarm Device,Toys (Consignment),NOT_IN_SHOPIFY,678,875,184,1,5,2917,"Wave 2 — in stock, existing range"
1697,4894680032392,X-Shot Skins Menace Sonic Blue (8 Darts),Toys,NOT_IN_SHOPIFY,751,600,184,1,1,342,"Wave 2 — in stock, existing range"
1698,1071410599099,686B شنطة هدايا كرافت مستطيله ك,Various,NOT_IN_SHOPIFY,117,429,136,8,19,570,"Wave 1 — in stock, new arrival"
1699,4000254846099,Helium Balloon It's a Boy,Party,NOT_IN_SHOPIFY,683,220,184,1,1,9,"Wave 2 — in stock, existing range"
1700,4001583963099,203 سورتيت,Clothing,NOT_IN_SHOPIFY,134,346,184,10,32,384,"Wave 2 — in stock, existing range"
1701,4000785688099,283-76B طقم شخصيات 5 شخصيه+3 ماسك صوت ونور A-V,Toys,ACTIVE_UNPUBLISHED,60,1600,543,2,0,0,"Wave 3 — needs reorder, new range"
1702,4895038506695,[000669] Learn With Me Puppy Pal,Toys,ACTIVE_UNPUBLISHED,168,2831,732,2,0,0,"Wave 4 — needs reorder, older range"
1703,4000175976099,308 Clamps,Clothing,NOT_IN_SHOPIFY,183,336,183,8,36,504,"Wave 2 — in stock, existing range"
1704,071444825436,ID82552-Love You M(HEART)M Dots,Toys,NOT_IN_SHOPIFY,616,302,182,1,23,1899,"Wave 2 — in stock, existing range"
1705,1014850247099,55860 Little DOLL,Toys (Consignment),NOT_IN_SHOPIFY,494,732,182,2,1,230,"Wave 2 — in stock, existing range"
1706,1062486057035,L107-5 CRO,Clothing,NOT_IN_SHOPIFY,754,430,182,1,1,195,"Wave 2 — in stock, existing range"
1707,2073085651099,608A148 اكسسوارات بنات + عصا بالنور,Toys (Consignment),ACTIVE_UNPUBLISHED,43,2375,540,5,0,0,"Wave 3 — needs reorder, new range"
1708,6920251126424,[10148-333-22] Baby Train Toy,Toys (Consignment),NOT_IN_SHOPIFY,172,2813,727,3,0,0,"Wave 4 — needs reorder, older range"
1709,1004415889099,Helium S,Services,NOT_IN_SHOPIFY,751,255,182,3,167,2348,"Wave 2 — in stock, existing range"
1710,4000113157099,685-Mauve crossbody bag,Various,NOT_IN_SHOPIFY,69,1160,538,3,0,0,"Wave 3 — needs reorder, new range"
1711,4000785684099,YB-308-8-8 قاعدة تواليت بتطبق H-K,Baby Essentials,ACTIVE_UNPUBLISHED,60,1450,537,3,0,0,"Wave 3 — needs reorder, new range"
1712,06250047010,88-5/55 Blue Perfume,Various (Consignment),NOT_IN_SHOPIFY,438,1156,181,7,9,1071,"Wave 2 — in stock, existing range"
1713,1014858471099,[1014858471099] Baby Battery-Operated Dog Musical Toy R11 - Green,Toys (Consignment),NOT_IN_SHOPIFY,528,651,181,1,4,1561,"Wave 2 — in stock, existing range"
1714,1071070569099,100 Elastic Bed Sheets,Baby Essentials,ACTIVE_UNPUBLISHED,118,1248,535,4,0,0,"Wave 3 — needs reorder, new range"
1715,4001289287099,527E-1 Foam & Gel Cannon with Character & Mask S-P,Toys,ACTIVE_UNPUBLISHED,348,2100,721,3,0,0,"Wave 4 — needs reorder, older range"
1716,4000191227099,C129 Hair Clip,Various,ACTIVE_UNPUBLISHED,253,325,180,5,23,483,"Wave 2 — in stock, existing range"
1717,1003985169005,1662 Pajama,Clothing,ACTIVE_UNPUBLISHED,22,425,133,1,20,4793,"Wave 1 — in stock, new arrival"
1718,1003985149003,1662 Pajama,Clothing,ACTIVE_UNPUBLISHED,22,425,133,1,23,5512,"Wave 1 — in stock, new arrival"
1719,1003985178005,1662 Pajama,Clothing,ACTIVE_UNPUBLISHED,22,425,133,1,26,6231,"Wave 1 — in stock, new arrival"
1720,1003985151005,1662 Pajama,Clothing,ACTIVE_UNPUBLISHED,22,425,133,1,18,4314,"Wave 1 — in stock, new arrival"
1721,1052898294099,991 -15-inch Backpack - Fuchsia/Purple - F-Z,School,ACTIVE_UNPUBLISHED,34,3000,532,2,0,0,"Wave 3 — needs reorder, new range"
1722,1052898298099,991 -15-inch Backpack - Fuchsia/Purple - M-M,School,ACTIVE_UNPUBLISHED,34,3000,532,2,0,0,"Wave 3 — needs reorder, new range"
1723,1052898293099,991 -15-inch Backpack - Pink/Purple - F-Z,School,ACTIVE_UNPUBLISHED,34,3000,532,2,0,0,"Wave 3 — needs reorder, new range"
1724,1052898285099,991 -15-inch Backpack - Purple/Purple - Unicorn,School,ACTIVE_UNPUBLISHED,34,3000,532,2,0,0,"Wave 3 — needs reorder, new range"
1725,2073683652099,ZT-ZD603 Children's scooter flash silent big wheel with seat light music stroller,Toys (Consignment),ACTIVE_UNPUBLISHED,18,3000,532,2,0,0,"Wave 3 — needs reorder, new range"
1726,4000748735099,956-BaBY waLker Lighting&Music blue,Toys,ACTIVE_UNPUBLISHED,558,2300,717,2,0,0,"Wave 4 — needs reorder, older range"
1727,2000001620533,[2000001620533] Medium Makeup Playset 2601B,Toys (Consignment),NOT_IN_SHOPIFY,572,650,179,1,2,782,"Wave 2 — in stock, existing range"
1728,6223003249311,Tank Everyday 480ml Mint,Various,NOT_IN_SHOPIFY,298,693,179,1,4,1715,"Wave 2 — in stock, existing range"
1729,6920251125649,[10148-WS5917] WS5917 Dinosaur Toy,Toys (Consignment),ACTIVE_UNPUBLISHED,172,2580,715,1,0,0,"Wave 4 — needs reorder, older range"
1730,1043615655099,1595 Earring,Various,NOT_IN_SHOPIFY,113,260,132,2,1,48,"Wave 1 — in stock, new arrival"
1731,4000175985099,267 Girls Hair Elastic,Clothing,NOT_IN_SHOPIFY,183,328,178,10,23,253,"Wave 2 — in stock, existing range"
1732,2058064901009,650164 BLOCK MAXI HEAD SPINNER BUCKET WITH 20PCS BRICKS(4 ASSORTMENTS),Toys (Consignment),NOT_IN_SHOPIFY,595,845,178,1,1,563,"Wave 2 — in stock, existing range"
1733,1071424198099,[1071424198099] Kids Large Gift Bag - Multicolor,Various,NOT_IN_SHOPIFY,447,544,178,10,13,390,"Wave 2 — in stock, existing range"
1734,4002125513099,IP-2 زمزميه معدن 800ML M-K,School,ACTIVE_UNPUBLISHED,50,1500,526,3,0,0,"Wave 3 — needs reorder, new range"
1735,6922322596039,J603 Egg Beater Set,Toys (Consignment),NOT_IN_SHOPIFY,530,906,177,1,2,1235,"Wave 2 — in stock, existing range"
1736,4000113147099,706-Unicorn waist bag blue,Various,NOT_IN_SHOPIFY,69,275,131,1,5,550,"Wave 1 — in stock, new arrival"
1737,1060154222099,YY-574-Water Bottle,School,ACTIVE_UNPUBLISHED,109,1500,524,4,0,0,"Wave 3 — needs reorder, new range"
1738,1060154189099,621-1-Plastic Water Bottle,School,ACTIVE_UNPUBLISHED,109,375,131,1,1,198,"Wave 1 — in stock, new arrival"
1739,4001556106099,[40015-117-1] Girls Denim Hair Elastic,Clothing,NOT_IN_SHOPIFY,225,324,177,6,26,468,"Wave 2 — in stock, existing range"
1740,4000169632099,459 Klips,Clothing,NOT_IN_SHOPIFY,76,240,131,8,31,310,"Wave 1 — in stock, new arrival"
1741,4000182687099,592 قفاش صغير,Clothing,NOT_IN_SHOPIFY,33,240,131,4,32,640,"Wave 1 — in stock, new arrival"
1742,1071851865006,2780 Unisex Regular T-Shirt,Clothing,NOT_IN_SHOPIFY,517,349,176,1,5,650,"Wave 2 — in stock, existing range"
1743,1051739637019, 99138 Laklok,Clothing,NOT_IN_SHOPIFY,134,580,176,4,17,1416,"Wave 2 — in stock, existing range"
1744,4000732900099,1887-علبة شخصيات ك 3*1 A-V,Toys,NOT_IN_SHOPIFY,126,570,175,1,4,1300,"Wave 2 — in stock, existing range"
1745,20701925099,Helium Balloon Barbie 3D Figure,Party,NOT_IN_SHOPIFY,751,245,175,1,2,80,"Wave 2 — in stock, existing range"
1746,1060154206099,95519-Plastic Water Bottle,School,ACTIVE_UNPUBLISHED,109,1480,518,4,0,0,"Wave 3 — needs reorder, new range"
1747,1003910280014,110200 Boxer,Clothing,NOT_IN_SHOPIFY,691,805,175,4,6,830,"Wave 2 — in stock, existing range"
1748,2025121159039,6001 26CM MARIO,Toys (Consignment),ACTIVE_UNPUBLISHED,64,2672,517,4,0,0,"Wave 3 — needs reorder, new range"
1749,4000191479099,Hair Extension - Braid,Various,NOT_IN_SHOPIFY,169,318,174,5,13,273,"Wave 2 — in stock, existing range"
1750,1066615352099,GBJS4-Trolley bag + lunch bag + pencil case,School,NOT_IN_SHOPIFY,375,3930,697,1,0,0,"Wave 4 — needs reorder, older range"
1751,4000191486099,Hair Accessories - Donut,Various,NOT_IN_SHOPIFY,169,364,174,3,2,97,"Wave 2 — in stock, existing range"
1752,6937645528054,2805   BLOCKS/570PCS  COGO,Toys (Consignment),NOT_IN_SHOPIFY,655,980,174,1,1,686,"Wave 2 — in stock, existing range"
1753,205669711312M,23920 Girls T-Shirt,Clothing,ACTIVE_UNPUBLISHED,75,944,128,2,8,2800,"Wave 1 — in stock, new arrival"
1754,4000836040099,14-100 Cap,Clothing,NOT_IN_SHOPIFY,111,260,128,1,3,300,"Wave 1 — in stock, new arrival"
1755,261119842112960,B98421 Short,Clothing (Consignment),ACTIVE_UNPUBLISHED,111,663,128,2,6,1361,"Wave 1 — in stock, new arrival"
1756,4001594535099,[40015-3917] Girls Metallic Hair Elastic,Various,NOT_IN_SHOPIFY,270,325,173,5,7,158,"Wave 2 — in stock, existing range"
1757,1003935521099,147 Bib,Clothing,NOT_IN_SHOPIFY,159,616,173,8,3,138,"Wave 2 — in stock, existing range"
1758,2073812125099,6910-مجموعة مكعبات بناء ناعمة، ٢٠ قطعة,Toys (Consignment),ACTIVE_UNPUBLISHED,27,2250,511,6,0,0,"Wave 3 — needs reorder, new range"
1759,1052883580099,2992-16.5-inch Trolley bag - Orange/Navy - S-P,School,ACTIVE_UNPUBLISHED,20,4070,511,2,0,0,"Wave 3 — needs reorder, new range"
1760,6020240618586,55819/6'Solid body joint barbie with fittings,Toys (Consignment),NOT_IN_SHOPIFY,687,621,172,1,1,373,"Wave 2 — in stock, existing range"
1761,1014886206099,[1014886206099] Toy Doll with Horse - Grey,Toys (Consignment),NOT_IN_SHOPIFY,536,621,172,1,2,745,"Wave 2 — in stock, existing range"
1762,1043672697099,N212 Girls Sunglasses,Clothing,NOT_IN_SHOPIFY,127,390,172,2,25,2125,"Wave 2 — in stock, existing range"
1763,1013646775004, 7419 Pajama,Clothing,NOT_IN_SHOPIFY,95,1152,127,2,3,1325,"Wave 1 — in stock, new arrival"
1764,1068249526031,519 Sandal,Clothing,NOT_IN_SHOPIFY,754,680,171,1,1,425,"Wave 2 — in stock, existing range"
1765,4000191242099,c214 Girls Hair Elastic,Various,NOT_IN_SHOPIFY,253,315,171,7,13,195,"Wave 2 — in stock, existing range"
1766,000228170010,22817- Socks ,Clothing (Consignment),NOT_IN_SHOPIFY,391,782,171,8,56,3604,"Wave 2 — in stock, existing range"
1767,2072514608099,806-bike,Toys (Consignment),ACTIVE_UNPUBLISHED,99,1830,507,1,0,0,"Wave 3 — needs reorder, new range"
1768,2073891597099,[20738-MG-03M-9] MG Kids Scooter Micro Characters 3 Levels - Spiderman Blue,Toys (Consignment),ACTIVE_UNPUBLISHED,272,2998,681,2,0,0,"Wave 4 — needs reorder, older range"
1769,1069790601099,[1069790601099] Toddler Girls Loli Bow Hat - Off White,Clothing,NOT_IN_SHOPIFY,491,295,170,1,2,177,"Wave 2 — in stock, existing range"
1770,4000190347099,9 Hair Elastic Cherry Pendant,Clothing,NOT_IN_SHOPIFY,377,300,170,3,8,248,"Wave 2 — in stock, existing range"
1771,2069518277099,[20695-D15F-2] D15F Remote Control Airplane - Red,Toys (Consignment),ACTIVE_UNPUBLISHED,425,2460,680,1,0,0,"Wave 4 — needs reorder, older range"
1772,4000186516099,387-1 Waist Bag D-D,School,NOT_IN_SHOPIFY,557,325,170,1,1,115,"Wave 2 — in stock, existing range"
1773,2073812184099,BW333-181-سيارة تحكم عن بعد بمقياس 1:16 للتحكم في الباب وحركة السيارة - قابلة لإعادة الشحن,Toys (Consignment),ACTIVE_UNPUBLISHED,27,2217,504,3,0,0,"Wave 3 — needs reorder, new range"
1774,1071496605099,6198 stitchجالس بينك جامبو,Toys,ACTIVE_UNPUBLISHED,63,1600,503,2,0,0,"Wave 3 — needs reorder, new range"
1775,1071496606099,6198 stitchجالس لبنى جامبو,Toys,ACTIVE_UNPUBLISHED,63,1600,503,2,0,0,"Wave 3 — needs reorder, new range"
1776,2024110103411,6801-35 CLEANING SET,Toys (Consignment),ACTIVE_UNPUBLISHED,64,2390,503,2,0,0,"Wave 3 — needs reorder, new range"
1777,1003963064013,110200 Boxer,Clothing,NOT_IN_SHOPIFY,679,790,169,4,7,968,"Wave 2 — in stock, existing range"
1778,1003985173012,1662 Pajama,Clothing,ACTIVE_UNPUBLISHED,22,400,125,1,23,5187,"Wave 1 — in stock, new arrival"
1779,1003985174018,1662 Pajama,Clothing,ACTIVE_UNPUBLISHED,22,400,125,1,23,5187,"Wave 1 — in stock, new arrival"
1780,1003985156018,1662 Pajama,Clothing,ACTIVE_UNPUBLISHED,22,400,125,1,23,5187,"Wave 1 — in stock, new arrival"
1781,1003985147018,1662 Pajama,Clothing,ACTIVE_UNPUBLISHED,22,400,125,1,23,5187,"Wave 1 — in stock, new arrival"
1782,1003985157002,1662 Pajama,Clothing,ACTIVE_UNPUBLISHED,22,400,125,1,30,6766,"Wave 1 — in stock, new arrival"
1783,1003985166002,1662 Pajama,Clothing,ACTIVE_UNPUBLISHED,22,400,125,1,23,5187,"Wave 1 — in stock, new arrival"
1784,1003935525099,147 Bib,Clothing,NOT_IN_SHOPIFY,159,608,169,8,8,364,"Wave 2 — in stock, existing range"
1785,1053815678099,281 Fruits Chain,Various,NOT_IN_SHOPIFY,333,398,169,2,72,6480,"Wave 2 — in stock, existing range"
1786,2071996848099,QX-91159E BABY WALKING CAR,Baby Essentials (Consignment),ACTIVE_UNPUBLISHED,123,2980,676,1,0,0,"Wave 4 — needs reorder, older range"
1787,1014738530099,[10147-BY15] Baby Manual Breast Pump BY15,Baby Essentials,ACTIVE_UNPUBLISHED,343,2200,675,1,0,0,"Wave 4 — needs reorder, older range"
1788,2024110107747,7887D كافيه مطعم باص,Toys (Consignment),ACTIVE_UNPUBLISHED,43,2200,500,2,0,0,"Wave 3 — needs reorder, new range"
1789,4894692083368,[4894692083368] Girls Hair Accessories Set,Toys (Consignment),NOT_IN_SHOPIFY,753,799,168,1,1,533,"Wave 2 — in stock, existing range"
1790,4650184614089,61408-Animals Gouache Color Set 6 Colors (20ml),Various (Consignment),NOT_IN_SHOPIFY,532,609,168,3,11,1342,"Wave 2 — in stock, existing range"
1791,6901907811697,[6901907811697] 128 Pokemon Metal Box,Toys (Consignment),NOT_IN_SHOPIFY,281,798,168,2,4,1064,"Wave 2 — in stock, existing range"
1792,1070369367032,9034 Sneakers,Clothing,NOT_IN_SHOPIFY,648,525,168,1,1,293,"Wave 2 — in stock, existing range"
1793,2056696111004, 23883 Girls Shirt,Clothing,ACTIVE_UNPUBLISHED,166,1445,168,2,7,3850,"Wave 2 — in stock, existing range"
1794,4000169581099,430 buckle,Clothing,NOT_IN_SHOPIFY,76,225,124,3,7,172,"Wave 1 — in stock, new arrival"
1795,2025070101530,ST008-935A-STITCH DOCTOR SET BAG,Toys (Consignment),ACTIVE_UNPUBLISHED,166,3452,668,4,0,0,"Wave 4 — needs reorder, older range"
1796,4001537165099,52 سورتيت,Various,NOT_IN_SHOPIFY,131,300,166,5,7,135,"Wave 2 — in stock, existing range"
1797,2066278542099,[2066278542099] Space Toon Coloring Book Special Offer,Various (Consignment),NOT_IN_SHOPIFY,473,600,166,2,7,1260,"Wave 2 — in stock, existing range"
1798,1053175315099,[1053175315099] Stainless Steel Insulated Bottle 600ml - Burgundy,School,ACTIVE_UNPUBLISHED,401,2640,665,2,0,0,"Wave 4 — needs reorder, older range"
1799,1071851868012,2780 Unisex Regular T-Shirt,Clothing,NOT_IN_SHOPIFY,517,349,166,1,9,1260,"Wave 2 — in stock, existing range"
1800,1014896941099,55808/6'Solid body joint barbie with fittings,Toys (Consignment),NOT_IN_SHOPIFY,687,599,166,1,6,2156,"Wave 2 — in stock, existing range"
1801,6952224785482,P-T Train,Toys (Consignment),NOT_IN_SHOPIFY,523,599,166,1,1,359,"Wave 2 — in stock, existing range"
1802,1069094791034,119 Sneakers,Clothing,NOT_IN_SHOPIFY,750,440,166,1,1,220,"Wave 2 — in stock, existing range"
1803,4000134984099,Girls Hair Elastic Hair Accessory - 1006,Various,NOT_IN_SHOPIFY,463,280,166,8,41,408,"Wave 2 — in stock, existing range"
1804,1014888295099,[1014888295099] Toy Remote Control Car,Toys (Consignment),NOT_IN_SHOPIFY,751,598,166,1,2,718,"Wave 2 — in stock, existing range"
1805,1003995139004,26204627 Pajama,Clothing,NOT_IN_SHOPIFY,96,390,122,1,4,880,"Wave 1 — in stock, new arrival"
1806,1003995136012,26204627 Pajama,Clothing,NOT_IN_SHOPIFY,96,390,122,1,3,660,"Wave 1 — in stock, new arrival"
1807,1003971483001,26204627 Pajama,Clothing,NOT_IN_SHOPIFY,120,390,122,1,2,440,"Wave 1 — in stock, new arrival"
1808,1054485712009,8992 Dress,Clothing,ACTIVE_UNPUBLISHED,91,1510,489,2,0,0,"Wave 3 — needs reorder, new range"
1809,2071963750099,[2071963750099] Baby Car Seat DJ7-95 - Grey,Various (Consignment),NOT_IN_SHOPIFY,280,2895,658,1,0,0,"Wave 4 — needs reorder, older range"
1810,2071963749099,[2071963749099] Baby Car Seat DJ7-95 - Brown,Various (Consignment),NOT_IN_SHOPIFY,280,2895,658,1,0,0,"Wave 4 — needs reorder, older range"
1811,2073995829099,HD5 عجله 3 عجلات بطه,Toys (Consignment),ACTIVE_UNPUBLISHED,33,2750,487,1,0,0,"Wave 3 — needs reorder, new range"
1812,2073995823099,HD2 عجله سبورت 1 الوان,Toys (Consignment),ACTIVE_UNPUBLISHED,33,2750,487,1,0,0,"Wave 3 — needs reorder, new range"
1813,2073995825099,HD3 عجله سبورت 2 الوان,Toys (Consignment),ACTIVE_UNPUBLISHED,33,2750,487,1,0,0,"Wave 3 — needs reorder, new range"
1814,2073995828099,HD4 عجله 3 عجلات فيل,Toys (Consignment),NOT_IN_SHOPIFY,33,2750,487,1,0,0,"Wave 3 — needs reorder, new range"
1815,2073995824099,HD2 عجله سبورت 1 الوان,Toys (Consignment),ACTIVE_UNPUBLISHED,33,2750,487,1,0,0,"Wave 3 — needs reorder, new range"
1816,5702017583242,10414 Daily Routines: Eating & Bedtime V29,Toys,ACTIVE_UNPUBLISHED,187,2499,658,1,0,0,"Wave 4 — needs reorder, older range"
1817,5702017822440,31169 TYPEWRITER WITH FLOWERS V29,Toys,ACTIVE_UNPUBLISHED,340,2499,658,1,0,0,"Wave 4 — needs reorder, older range"
1818,5060926680613,ألتميت ديتانجلر روز 180104091,Clothing,ACTIVE_UNPUBLISHED,62,3651,487,6,0,0,"Wave 3 — needs reorder, new range"
1819,8690797101961,[8690797101961] WEE Baby Bottle 250ml & 150ml,Baby Essentials (Consignment),NOT_IN_SHOPIFY,751,850,164,1,7,4070,"Wave 2 — in stock, existing range"
1820,1014150710030,029 Ballarina,Clothing,NOT_IN_SHOPIFY,526,472,163,1,1,251,"Wave 2 — in stock, existing range"
1821,1014156136036,027 Ballarina,Clothing,NOT_IN_SHOPIFY,550,472,163,1,2,502,"Wave 2 — in stock, existing range"
1822,4001513126099,[4001513126099] Toddler Girls Large Hair Clip,Various,NOT_IN_SHOPIFY,215,300,163,4,2,50,"Wave 2 — in stock, existing range"
1823,4001556982099,[40015-234] Toddler Girls Acrylic Hair Clip,Clothing,NOT_IN_SHOPIFY,341,300,163,5,12,240,"Wave 2 — in stock, existing range"
1824,4000191256099,c248 Metal Hair Clamp,Various,NOT_IN_SHOPIFY,253,300,163,5,6,120,"Wave 2 — in stock, existing range"
1825,1060150456099,9213 MICHAEL Shapes Eraser,School,NOT_IN_SHOPIFY,463,465,163,5,22,1078,"Wave 2 — in stock, existing range"
1826,5012471327543,Balls & Sticks Box,Toys (Consignment),NOT_IN_SHOPIFY,523,663,163,2,2,419,"Wave 2 — in stock, existing range"
1827,1014052470099,43040 Bestway 74  x 28 /1.88m x 71cm Fashion Lounge,Summer,ACTIVE_UNPUBLISHED,119,1740,482,4,0,0,"Wave 3 — needs reorder, new range"
1828,4002125516099,IP-2 زمزميه معدن 800ML Stitch,School,ACTIVE_UNPUBLISHED,50,1450,482,3,0,0,"Wave 3 — needs reorder, new range"
1829,1071490411099,لوحه خشبيه تعليميه اجزاء جسم الانسان انجليزي,Toys,ACTIVE_UNPUBLISHED,4,360,121,3,27,1755,"Wave 1 — in stock, new arrival"
1830,1043615642099,1478 Sortit,Various,NOT_IN_SHOPIFY,113,240,121,3,4,120,"Wave 1 — in stock, new arrival"
1831,1071490403099,لوحه خشبيه تعليميه حروف عربي,Toys,ACTIVE_UNPUBLISHED,4,360,121,3,17,1105,"Wave 1 — in stock, new arrival"
1832,6955557831444,LD6501-JEWELRY SET stand(24pcs),Various,NOT_IN_SHOPIFY,487,493,162,6,27,1215,"Wave 2 — in stock, existing range"
1833,2073870596099,K-103-2 سكوتر بطوط للأطفال بثلاثة مستويات عجلات مضيئة موسيقى + إضاءة,Toys (Consignment),ACTIVE_UNPUBLISHED,272,3407,650,2,0,0,"Wave 4 — needs reorder, older range"
1834,4000175954099,353 Characters Necklace,Clothing,NOT_IN_SHOPIFY,183,304,162,3,7,245,"Wave 2 — in stock, existing range"
1835,2041091050099,LA:820LA Stroller Bassinet,Baby Essentials (Consignment),ACTIVE_UNPUBLISHED,232,3800,647,1,0,0,"Wave 4 — needs reorder, older range"
1836,4000191275099,c213 Hair Elastic Plain,Various,ACTIVE_UNPUBLISHED,253,280,162,7,11,132,"Wave 2 — in stock, existing range"
1837,1064348573099, 200 Poncho Smile,Clothing,ACTIVE_UNPUBLISHED,111,1230,479,2,0,0,"Wave 3 — needs reorder, new range"
1838,4000113181099,709-green waist bag,Various,NOT_IN_SHOPIFY,69,250,119,1,8,800,"Wave 1 — in stock, new arrival"
1839,4000113180099,709-Fuchsia waist bag,Various,NOT_IN_SHOPIFY,69,250,119,1,1,100,"Wave 1 — in stock, new arrival"
1840,4000113182099,709-Orange waist bag,Various,NOT_IN_SHOPIFY,69,250,119,1,7,700,"Wave 1 — in stock, new arrival"
1841,6940176616671,[10331-S21667] S21667 Girls Makeup Box,Various (Consignment),NOT_IN_SHOPIFY,323,765,161,1,1,510,"Wave 2 — in stock, existing range"
1842,1023226491028,26118 Sneakers,Clothing,NOT_IN_SHOPIFY,186,598,161,1,2,728,"Wave 2 — in stock, existing range"
1843,4001592541099,[40015-720-1] Girls Sunglasses,Clothing,NOT_IN_SHOPIFY,405,320,161,2,5,300,"Wave 2 — in stock, existing range"
1844,1052885667099,993 18-inch Backpack - Red/Navy - Sonic,School,ACTIVE_UNPUBLISHED,45,3392,475,2,0,0,"Wave 3 — needs reorder, new range"
1845,1052885669099,993 18-inch Backpack - Red/Black - Spider,School,ACTIVE_UNPUBLISHED,45,3392,475,2,0,0,"Wave 3 — needs reorder, new range"
1846,2069585951099,6992A/Mini Appliance set,Toys (Consignment),NOT_IN_SHOPIFY,751,575,160,1,5,1723,"Wave 2 — in stock, existing range"
1847,205669748002Y,2002Girls  Poncho,Clothing,NOT_IN_SHOPIFY,11,990,118,1,18,13500,"Wave 1 — in stock, new arrival"
1848,2023252675169,HT-96-LEARN BOARD,Toys (Consignment),NOT_IN_SHOPIFY,537,702,160,1,1,456,"Wave 2 — in stock, existing range"
1849,5702017818757,71826 DRAGON SPINJITZU BATTLE PACK V29,Toys,ACTIVE_UNPUBLISHED,35,1799,473,1,0,0,"Wave 3 — needs reorder, new range"
1850,5702018031971,71851 KAI'S DRAGON MECH BATTLE PACK V29,Toys,ACTIVE_UNPUBLISHED,35,1798,473,2,0,0,"Wave 3 — needs reorder, new range"
1851,6942138968125,[6942138968125] Baby Swimming Pool 1.65m x 1.44m x 69cm - Yellow,Summer,NOT_IN_SHOPIFY,751,1049,638,1,0,0,"Wave 4 — needs reorder, older range"
1852,4002182661099,830 مريله تلوين بكم فراوله احمر,Various,NOT_IN_SHOPIFY,19,300,118,3,5,241,"Wave 1 — in stock, new arrival"
1853,1053114750099,00524-زجاجة ستانلس ألوان بشاليموه 700 مل,Various,ACTIVE_UNPUBLISHED,51,3360,472,3,0,0,"Wave 3 — needs reorder, new range"
1854,6936798307790,12027 Fire & Rescue Helicopter Building Block 388pcs,Toys (Consignment),NOT_IN_SHOPIFY,627,2592,637,2,0,0,"Wave 4 — needs reorder, older range"
1855,4892401240965,[4892401240965] Playgo Kids Squishy Toys Set,Toys (Consignment),NOT_IN_SHOPIFY,580,2800,636,1,0,0,"Wave 4 — needs reorder, older range"
1856,2056693419008, 972 Unisex Swim Robe,Clothing,ACTIVE_UNPUBLISHED,461,1150,159,1,1,850,"Wave 2 — in stock, existing range"
1857,1073712354003,733 Pajama,Clothing,ACTIVE_UNPUBLISHED,202,986,159,4,2,353,"Wave 2 — in stock, existing range"
1858,1069775990099,168 Wicker bag - off-white - women's,School,NOT_IN_SHOPIFY,116,990,470,1,0,0,"Wave 3 — needs reorder, new range"
1859,1066648627099,675893 Backpack bear Design 17 Inch,School,ACTIVE_UNPUBLISHED,49,2075,470,1,0,0,"Wave 3 — needs reorder, new range"
1860,1066648626099,719702 Backpack Smile Design 17 Inch,School,ACTIVE_UNPUBLISHED,49,2075,470,1,0,0,"Wave 3 — needs reorder, new range"
1861,1050495744099,xd604 اسکوتر  ارنوب بينك,Toys,ACTIVE_UNPUBLISHED,15,1790,470,1,0,0,"Wave 3 — needs reorder, new range"
1862,0794866036128,Stephen Joseph Backpack 16-inch (Transportation),School,ACTIVE_UNPUBLISHED,742,2190,634,1,0,0,"Wave 4 — needs reorder, older range"
1863,2067036426099,1001 Car Seat - Baby Blue,Various (Consignment),ACTIVE_UNPUBLISHED,731,2790,634,1,0,0,"Wave 4 — needs reorder, older range"
1864,1043615638099,1330 Sortit,Various,NOT_IN_SHOPIFY,113,225,117,5,4,64,"Wave 1 — in stock, new arrival"
1865,6951118068472,[6951118068472] Remote Control Airplane,Toys (Consignment),ACTIVE_UNPUBLISHED,425,2383,633,1,0,0,"Wave 4 — needs reorder, older range"
1866,4001537163099,2 مشبك فيونكه ,Various,NOT_IN_SHOPIFY,131,294,158,5,3,60,"Wave 2 — in stock, existing range"
1867,6957774939002,[6957774939002] SLW9937 Musical Activity Mat,Toys (Consignment),ACTIVE_UNPUBLISHED,753,2999,631,1,0,0,"Wave 4 — needs reorder, older range"
1868,2024030203383,[2024030203383] H158 Remote Control Launch Toy,Toys (Consignment),NOT_IN_SHOPIFY,575,2999,631,1,0,0,"Wave 4 — needs reorder, older range"
1869,1053178381099,[1053178381099] Bottle 1L - Purple,Various,NOT_IN_SHOPIFY,573,1138,158,2,2,841,"Wave 2 — in stock, existing range"
1870,4001590678099,108 Bow clip - Off-white,Clothing,NOT_IN_SHOPIFY,117,210,117,3,1,22,"Wave 1 — in stock, new arrival"
1871,1071413708099,88001 مسدس مياه شاحن أخضر USB,Toys,ACTIVE_UNPUBLISHED,131,550,157,1,1,325,"Wave 2 — in stock, existing range"
1872,000228200010,22820- Socks ,Clothing (Consignment),NOT_IN_SHOPIFY,391,693,157,7,65,4183,"Wave 2 — in stock, existing range"
1873,000228200006,22820- Socks ,Clothing (Consignment),NOT_IN_SHOPIFY,391,693,157,7,51,3282,"Wave 2 — in stock, existing range"
1874,2072362116099,35187 بوتي محمولة أشكال فواكهة Fruit Portable Baby Potty**,Baby Essentials (Consignment),ACTIVE_UNPUBLISHED,96,1898,466,2,0,0,"Wave 3 — needs reorder, new range"
1875,1043615663099,1468 Sortit,Various,NOT_IN_SHOPIFY,113,225,116,3,2,54,"Wave 1 — in stock, new arrival"
1876,6940176634750,[10331-S22940] S22940 Girls Makeup Box,Various (Consignment),NOT_IN_SHOPIFY,323,745,157,1,2,993,"Wave 2 — in stock, existing range"
1877,1068525816099,69869A Umbrella Bouncer with Feeding Tray,Baby Essentials,ACTIVE_UNPUBLISHED,144,2030,623,1,0,0,"Wave 4 — needs reorder, older range"
1878,20702581099,Get Well Soon Helium Balloon,Party,NOT_IN_SHOPIFY,751,200,155,1,1,20,"Wave 2 — in stock, existing range"
1879,1066648663099,28993  Lunch Bag Rabbit  Design,School,ACTIVE_UNPUBLISHED,49,131,115,0,1,850,"Wave 1 — in stock, new arrival"
1880,6223018170624,"Tank Tritan - Printed, 525ml Fashion Pink",Various,ACTIVE_UNPUBLISHED,54,536,115,3,2,237,"Wave 1 — in stock, new arrival"
1881,1043679376099,1475 Flower Hair Band - Large,Clothing,NOT_IN_SHOPIFY,173,336,155,2,15,1050,"Wave 2 — in stock, existing range"
1882,4000169631099,426 Tic tac,Clothing,NOT_IN_SHOPIFY,76,206,115,6,10,111,"Wave 1 — in stock, new arrival"
1883,4000175967099,282 Hair Clip Jeans with Charm,Clothing,NOT_IN_SHOPIFY,183,279,155,4,13,292,"Wave 2 — in stock, existing range"
1884,2025070105521,T102-66A B/O RAIL TRACK,Toys (Consignment),NOT_IN_SHOPIFY,64,2175,458,1,0,0,"Wave 3 — needs reorder, new range"
1885,2056697063008,19452 Boys Shirt,Clothing,ACTIVE_UNPUBLISHED,92,1840,114,2,6,4500,"Wave 1 — in stock, new arrival"
1886,1071798258099,"Cube-169-1 Bingo Squishy Six snack packs with PU Mixed style, with mesh bags 12 pieces",Toys,ACTIVE_UNPUBLISHED,36,1495,456,30,-1,-29,"Wave 3 — needs reorder, new range"
1887,4001273004099,1903 Magic sand art 750G,Toys,ACTIVE_UNPUBLISHED,104,1500,456,4,0,0,"Wave 3 — needs reorder, new range"
1888,20033250,MAINTENANCE,Services,NOT_IN_SHOPIFY,711,700,614,2,0,0,"Wave 4 — needs reorder, older range"
1889,4000169602099,436 buckle,Clothing,NOT_IN_SHOPIFY,76,210,114,3,19,446,"Wave 1 — in stock, new arrival"
1890,4000169600099,435 Girls' hair elastic,Clothing,NOT_IN_SHOPIFY,76,210,114,3,8,188,"Wave 1 — in stock, new arrival"
1891,2025010080006,[20730-621-9] Wool Painting & Frame Art Kit - Super Mario,Toys (Consignment),NOT_IN_SHOPIFY,407,675,153,3,2,292,"Wave 2 — in stock, existing range"
1892,2069527122099,N6038 مشاية تعليمية و لهاية موسيقي و ضوء,Toys (Consignment),ACTIVE_UNPUBLISHED,130,2215,613,1,0,0,"Wave 4 — needs reorder, older range"
1893,2073812116099,266-سكوتر الطيارة للأطفال بثلاثة مستويات وعجلات مضيئة وموسيقى وإضاءة,Toys (Consignment),NOT_IN_SHOPIFY,27,1999,454,1,0,0,"Wave 3 — needs reorder, new range"
1894,2073812115099,266-سكوتر الطيارة للأطفال بثلاثة مستويات وعجلات مضيئة وموسيقى وإضاءة,Toys (Consignment),NOT_IN_SHOPIFY,27,1999,454,1,0,0,"Wave 3 — needs reorder, new range"
1895,2073812131099,0855-251-سيارة تسلا بمقياس ١:١٤ ​​تعمل بجهاز تحكم عن بعد مزودة بوظائف الرجوع للخلف الانعطاف يسارًا الانعطاف يمينًا التوقف والإضاءة - قابلة لإعادة الشحن,Toys (Consignment),ACTIVE_UNPUBLISHED,27,1998,454,2,0,0,"Wave 3 — needs reorder, new range"
1896,1073091244004,309421-1 Girls Dark Denim Boyfriend Shorts with Rolled Cuffs,Clothing,NOT_IN_SHOPIFY,77,494,113,1,41,13120,"Wave 1 — in stock, new arrival"
1897,4001562847099,[4001562847099] Girls Shaped Hair Clips,Various,NOT_IN_SHOPIFY,274,270,153,6,55,770,"Wave 2 — in stock, existing range"
1898,2025070103459,8801 TRANSFORMER BLOCKS WITH LIGHT,Toys (Consignment),ACTIVE_UNPUBLISHED,64,2145,452,3,0,0,"Wave 3 — needs reorder, new range"
1899,1051721270009, 31820 Romper,Clothing,NOT_IN_SHOPIFY,113,385,113,1,7,1575,"Wave 1 — in stock, new arrival"
1900,1060085491010,Plain Black Short-Sleeved T-Shirt,Clothing (Consignment),NOT_IN_SHOPIFY,756,350,152,1,10,1550,"Wave 2 — in stock, existing range"
1901,6224002423481,Swim & Sport Purifying Shampoo & Wash,Various (Consignment),ACTIVE_UNPUBLISHED,285,1404,152,4,1,270,"Wave 2 — in stock, existing range"
1902,1003935522099,147 Bib,Clothing,NOT_IN_SHOPIFY,159,539,151,7,5,230,"Wave 2 — in stock, existing range"
1903,1043615615099,1332 Hair stick,Various,NOT_IN_SHOPIFY,113,316,112,5,12,396,"Wave 1 — in stock, new arrival"
1904,1071851880008,2774 Unisex Oversize T-Shirt,Clothing,NOT_IN_SHOPIFY,517,349,151,1,1,155,"Wave 2 — in stock, existing range"
1905,2058075187099,3127-MY FIRST SMARTPHONE (3 COLOR MIXED),Toys (Consignment),ACTIVE_UNPUBLISHED,166,3162,604,7,0,0,"Wave 4 — needs reorder, older range"
1906,6625000471015,85-5/55 CAR  Perfume,Various (Consignment),NOT_IN_SHOPIFY,438,986,151,6,7,833,"Wave 2 — in stock, existing range"
1907,6222025704631,[6222025704631] Princess Gift Wrapping Paper 2023,Various (Consignment),NOT_IN_SHOPIFY,751,400,151,10,30,600,"Wave 2 — in stock, existing range"
1908,030625141192,Party Birthday Ribbons & Bows,Toys,NOT_IN_SHOPIFY,561,259,151,1,2,153,"Wave 2 — in stock, existing range"
1909,2070514334099,Breastmilk cooler bag with 2 gel pouches,Baby Essentials (Consignment),NOT_IN_SHOPIFY,663,850,151,1,1,595,"Wave 2 — in stock, existing range"
1910,1071417397099,[10714-492] Birthday Cake Candle 15cm,Various,NOT_IN_SHOPIFY,347,264,150,11,68,505,"Wave 2 — in stock, existing range"
1911,1023810754006,0664 Boxer Shorts Pack Of 2,Clothing,NOT_IN_SHOPIFY,756,620,150,4,4,396,"Wave 2 — in stock, existing range"
1912,1060154352099,8813-Pencil Case,School,ACTIVE_UNPUBLISHED,109,1275,443,5,0,0,"Wave 3 — needs reorder, new range"
1913,6942138973693,51121 Bestway  60  x H20 / 1.52m x H51cm Play Pool,Summer,ACTIVE_UNPUBLISHED,119,1599,443,1,0,0,"Wave 3 — needs reorder, new range"
1914,8690089050960,[5096] SHAPE SORTER SWEET HOUSE,Toys,ACTIVE_UNPUBLISHED,243,2067,598,3,0,0,"Wave 4 — needs reorder, older range"
1915,1073616052099,15999 Gift clothes box,Clothing,ACTIVE_UNPUBLISHED,92,1900,443,4,0,0,"Wave 3 — needs reorder, new range"
1916,2072576831099,JT-6699 SCOOTER,Toys (Consignment),NOT_IN_SHOPIFY,195,2835,597,1,0,0,"Wave 4 — needs reorder, older range"
1917,4000169613099,448 Tic tac,Clothing,NOT_IN_SHOPIFY,76,200,110,5,28,364,"Wave 1 — in stock, new arrival"
1918,6224002198051,XTREME_2oolawE3mel,Toys (Consignment),NOT_IN_SHOPIFY,751,840,149,2,24,7056,"Wave 2 — in stock, existing range"
1919,4001594551099,[40015-75] Girls Accessories Bag,Various,NOT_IN_SHOPIFY,270,340,148,2,3,225,"Wave 2 — in stock, existing range"
1920,8555421886761,LKE16A6/delicious cake diy - candle light - song,Toys (Consignment),ACTIVE_UNPUBLISHED,751,2145,592,3,0,0,"Wave 4 — needs reorder, older range"
1921,0780201382893,Color Me 50,Toys (Consignment),ACTIVE_UNPUBLISHED,181,650,148,1,1,422,"Wave 2 — in stock, existing range"
1922,2073891272099,[20738-H326A] H326A Human Body Anatomy Model for Kids,Toys (Consignment),NOT_IN_SHOPIFY,272,650,148,1,1,422,"Wave 2 — in stock, existing range"
1923,4002065818099,HE0801 بيبى ووكر بيانو ماجيك بورد أبيض,Baby Essentials,ACTIVE_UNPUBLISHED,55,1200,438,1,0,0,"Wave 3 — needs reorder, new range"
1924,1052885698099,3993 18-inch Trolley bag - Red/Navy - Cars,School,ACTIVE_UNPUBLISHED,45,2470,437,1,0,0,"Wave 3 — needs reorder, new range"
1925,1052885694099,3993 18-inch Trolley bag - Maroon/Navy - Spider,School,ACTIVE_UNPUBLISHED,45,2470,437,1,0,0,"Wave 3 — needs reorder, new range"
1926,1052885702099,3993 18-inch Trolley bag - Red/Black - Astronaut,School,ACTIVE_UNPUBLISHED,45,2470,437,1,0,0,"Wave 3 — needs reorder, new range"
1927,1052885697099,3993 18-inch Trolley bag - Green/Black - Deku,School,ACTIVE_UNPUBLISHED,45,2470,437,1,0,0,"Wave 3 — needs reorder, new range"
1928,1052885677099,3993 18-inch Trolley bag - Purple/Purple - Frozen,School,ACTIVE_UNPUBLISHED,45,2470,437,1,0,0,"Wave 3 — needs reorder, new range"
1929,1052885686099,3993 18-inch Trolley bag - Pink/Purple - Lol,School,ACTIVE_UNPUBLISHED,45,2470,437,1,0,0,"Wave 3 — needs reorder, new range"
1930,1052885680099,3993 18-inch Trolley bag - Fuchsia/Purple - Barbie A Fairy,School,ACTIVE_UNPUBLISHED,45,2470,437,1,0,0,"Wave 3 — needs reorder, new range"
1931,6940176623488,[6940176623488] Girls Makeup Toy Set,Toys (Consignment),NOT_IN_SHOPIFY,678,699,147,1,4,1864,"Wave 2 — in stock, existing range"
1932,6974625300125,[6974625300125] HW012 Marine Life Dig & Explore Kit,Toys (Consignment),NOT_IN_SHOPIFY,753,699,147,1,1,466,"Wave 2 — in stock, existing range"
1933,1053837649099,Colorful Shell Necklace 273,Various,NOT_IN_SHOPIFY,420,350,147,2,30,2400,"Wave 2 — in stock, existing range"
1934,1067912483099,New Cover Caro Brown Gold,Various,ACTIVE_UNPUBLISHED,252,2120,588,1,0,0,"Wave 4 — needs reorder, older range"
1935,1067912480099,LQ Tag Caro Gold,Various,ACTIVE_UNPUBLISHED,252,2120,588,1,0,0,"Wave 4 — needs reorder, older range"
1936,1067912476099,Caro Brown Gold,Various,ACTIVE_UNPUBLISHED,252,2120,588,1,0,0,"Wave 4 — needs reorder, older range"
1937,4000175989099,312 Characters Hair Clip,Clothing,NOT_IN_SHOPIFY,183,267,147,5,19,332,"Wave 2 — in stock, existing range"
1938,4000191280099,747 Hair Clip Pearl,Various,NOT_IN_SHOPIFY,253,270,147,3,1,30,"Wave 2 — in stock, existing range"
1939,4001583951099,204 مشبك دهبي وردة ,Clothing,NOT_IN_SHOPIFY,134,270,147,3,4,120,"Wave 2 — in stock, existing range"
1940,4001583967099,122 مشبك لولي كريز,Clothing,NOT_IN_SHOPIFY,134,270,147,3,7,210,"Wave 2 — in stock, existing range"
1941,2056697059010,19451 Boys Shirt,Clothing,ACTIVE_UNPUBLISHED,92,1150,109,1,6,5400,"Wave 1 — in stock, new arrival"
1942,4001583952099,191 كلبس وسط,Clothing,NOT_IN_SHOPIFY,134,270,147,6,52,780,"Wave 2 — in stock, existing range"
1943,6222049758894,Ice-Cream and Flamingos Double Face Tote Bag 19 L,Summer (Consignment),ACTIVE_UNPUBLISHED,138,3300,585,2,0,0,"Wave 4 — needs reorder, older range"
1944,6222049724776,Deep Purple Roses Large DuffelTwo Pockets,Summer (Consignment),ACTIVE_UNPUBLISHED,138,3300,585,2,0,0,"Wave 4 — needs reorder, older range"
1945,2041002766099,C001LA La Frutta Baby Carrier,Baby Essentials (Consignment),ACTIVE_UNPUBLISHED,174,3300,585,1,0,0,"Wave 4 — needs reorder, older range"
1946,2041002767099,C001LA La Frutta Baby Carrier,Baby Essentials (Consignment),ACTIVE_UNPUBLISHED,174,3300,585,1,0,0,"Wave 4 — needs reorder, older range"
1947,1060150405099,XP-3054 Michael Shaped Sharpener,School,NOT_IN_SHOPIFY,463,428,146,7,42,1376,"Wave 2 — in stock, existing range"
1948,1023835816010,3470 Long-Sleeved Undershirt,Clothing,NOT_IN_SHOPIFY,364,200,146,2,60,885,"Wave 2 — in stock, existing range"
1949,4000358728099,4600 نظارة سباحة sainteve أورانج*أصفر,Summer,NOT_IN_SHOPIFY,22,340,108,2,11,1045,"Wave 1 — in stock, new arrival"
1950,4000169611099,450 Tic tac,Clothing,NOT_IN_SHOPIFY,76,195,108,3,20,420,"Wave 1 — in stock, new arrival"
1951,2073812225099,TJ013A-2-سيارة RC ، 8 اتجاهات ، سيارة مستشعر الإيماءات ، سيارة ملتوية للطرق الوعرة ، سيارة حيلة قابلة للطي مزدوجة الجوانب مستشعر للإيماءات بزاوية 360 درجة مع دفع رباعي قابلة لإعادة الشحن ,Toys (Consignment),ACTIVE_UNPUBLISHED,27,1899,431,1,0,0,"Wave 3 — needs reorder, new range"
1952,2056619363009,Watermelon Tankini,Clothing,NOT_IN_SHOPIFY,756,450,145,1,1,249,"Wave 2 — in stock, existing range"
1953,4000748733099,6017-BaBY waLker Green 4*1,Toys,ACTIVE_UNPUBLISHED,558,2000,581,1,0,0,"Wave 4 — needs reorder, older range"
1954,4000113142099,665-Cafe shoulder bag,Various,NOT_IN_SHOPIFY,69,225,107,1,2,180,"Wave 1 — in stock, new arrival"
1955,4000113141099,665-Blue shoulder bag,Various,NOT_IN_SHOPIFY,69,225,107,1,3,270,"Wave 1 — in stock, new arrival"
1956,3084353000006,V82863B طقم مكياج كامل + مراية,Toys (Consignment),ACTIVE_UNPUBLISHED,96,1890,429,2,0,0,"Wave 3 — needs reorder, new range"
1957,205669369718M,23617 Girls Skirt,Clothing,NOT_IN_SHOPIFY,413,449,145,1,2,498,"Wave 2 — in stock, existing range"
1958,1053185925099,[10531-5857/31651-42] Lunch Plus Sky Blue BTS24 Lunch Box 1.2L - Blue,Various,NOT_IN_SHOPIFY,364,825,145,3,13,2509,"Wave 2 — in stock, existing range"
1959,1061754747099,1004301 Uni Baby Mini Bouncer Plain - Fuchsia & Grey,Baby Essentials,NOT_IN_SHOPIFY,750,3172,578,1,0,0,"Wave 4 — needs reorder, older range"
1960,1071471047099,W-9 بوكس هدايا اسطوانى,Toys,NOT_IN_SHOPIFY,60,350,107,2,2,200,"Wave 1 — in stock, new arrival"
1961,1054485695006,9034 Dress,Clothing,ACTIVE_UNPUBLISHED,91,576,106,1,6,2394,"Wave 1 — in stock, new arrival"
1962,1017082647099,جردل بحر ديزني  5  اشكال Sonicاخضر,Summer,ACTIVE_UNPUBLISHED,110,1150,424,5,0,0,"Wave 3 — needs reorder, new range"
1963,2072514598099,703-BABY WALKER,Toys (Consignment),NOT_IN_SHOPIFY,99,1530,424,1,0,0,"Wave 3 — needs reorder, new range"
1964,2072514596099,703-BABY WALKER,Toys (Consignment),NOT_IN_SHOPIFY,99,1530,424,1,0,0,"Wave 3 — needs reorder, new range"
1965,1074197251008, 4404 Pants,Clothing,NOT_IN_SHOPIFY,95,712,106,1,10,5190,"Wave 1 — in stock, new arrival"
1966,6942046018417,7276L 3D+GOLDGIFTBAG(40X30X12CM),Various (Consignment),NOT_IN_SHOPIFY,64,1120,424,14,0,0,"Wave 3 — needs reorder, new range"
1967,1071086529099,Bed Sheets,Baby Essentials,ACTIVE_UNPUBLISHED,75,960,422,3,0,0,"Wave 3 — needs reorder, new range"
1968,4000714887099,WD-815B مطبخ استاند 46ق أخضر,Toys,ACTIVE_UNPUBLISHED,97,1450,422,1,0,0,"Wave 3 — needs reorder, new range"
1969,4000836085099,14-75 Cap,Clothing,ACTIVE_UNPUBLISHED,111,200,105,1,3,210,"Wave 1 — in stock, new arrival"
1970,4000182659099,605 استك بابل,Clothing,NOT_IN_SHOPIFY,33,200,105,2,34,1190,"Wave 1 — in stock, new arrival"
1971,4000836097099,12-5025 Cap,Clothing,ACTIVE_UNPUBLISHED,111,200,105,1,16,1120,"Wave 1 — in stock, new arrival"
1972,4000836098099,12-5025 Cap,Clothing,ACTIVE_UNPUBLISHED,111,200,105,1,40,2800,"Wave 1 — in stock, new arrival"
1973,1070095148099,[10700-360] Scooter 1009 Battery,Toys,NOT_IN_SHOPIFY,182,1815,142,1,3,4350,"Wave 2 — in stock, existing range"
1974,1033135847099,808-29 أورج موسيقي,Toys (Consignment),ACTIVE_UNPUBLISHED,106,1998,421,2,0,0,"Wave 3 — needs reorder, new range"
1975,2024110107730,TN-1300 CATAPULT CARGO SHIP WITH LIGHT/MUSIC,Toys (Consignment),ACTIVE_UNPUBLISHED,64,1995,420,1,0,0,"Wave 3 — needs reorder, new range"
1976,1003963061009,110200 Boxer,Clothing,NOT_IN_SHOPIFY,679,746,142,4,23,3027,"Wave 2 — in stock, existing range"
1977,1070280234099,13771 Poncho,Clothing,ACTIVE_UNPUBLISHED,103,1155,419,3,0,0,"Wave 3 — needs reorder, new range"
1978,4000169587099,336 Stick kitty,Clothing,NOT_IN_SHOPIFY,76,175,105,7,3,21,"Wave 1 — in stock, new arrival"
1979,6223003247850,Tank BTL Magnet 1000ml Electric Blue,School,ACTIVE_UNPUBLISHED,369,3075,564,3,-1,-711,"Wave 4 — needs reorder, older range"
1980,1043615631099,1567 Sortit,Various,NOT_IN_SHOPIFY,113,210,104,2,1,40,"Wave 1 — in stock, new arrival"
1981,2041025490099,LA:608ALA La Frutta Stroller,Baby Essentials (Consignment),NOT_IN_SHOPIFY,147,3300,562,1,0,0,"Wave 4 — needs reorder, older range"
1982,1071480374099,75-1 كوره هاند انديه,Toys,NOT_IN_SHOPIFY,68,375,104,3,6,450,"Wave 1 — in stock, new arrival"
1983,6920240618343,88801/velour puzzle 300pcs,Toys (Consignment),NOT_IN_SHOPIFY,687,506,140,2,1,152,"Wave 2 — in stock, existing range"
1984,1061285642099,SKT-8 Kids Helmet + Skating Protective Gear Set,Toys,NOT_IN_SHOPIFY,461,399,140,1,2,420,"Wave 2 — in stock, existing range"
1985,1003972070099,147 Bib,Baby Essentials,NOT_IN_SHOPIFY,95,385,104,5,1,47,"Wave 1 — in stock, new arrival"
1986,4002148560099,2020-مسطره بلاستيك 20سم موف labubu,Various,ACTIVE_UNPUBLISHED,52,226,104,23,57,234,"Wave 1 — in stock, new arrival"
1987,4000190346099,92-94-93 Scrunchie,Clothing,ACTIVE_UNPUBLISHED,377,240,140,4,12,212,"Wave 2 — in stock, existing range"
1988,1043615632099,1366 Sortit,Various,NOT_IN_SHOPIFY,113,200,103,2,1,36,"Wave 1 — in stock, new arrival"
1989,1073784145099,223 Gift clothes box,Clothing,ACTIVE_UNPUBLISHED,60,1565,413,1,0,0,"Wave 3 — needs reorder, new range"
1990,1073784146003,224 Gift clothes box,Clothing,ACTIVE_UNPUBLISHED,60,1565,413,1,0,0,"Wave 3 — needs reorder, new range"
1991,1043615620099,1338 Hair stick,Various,NOT_IN_SHOPIFY,113,209,103,4,6,120,"Wave 1 — in stock, new arrival"
1992,4001591768099,[40015-13-87] Girls Bobby Pin,Various,NOT_IN_SHOPIFY,337,250,139,5,31,496,"Wave 2 — in stock, existing range"
1993,1014883499099,"[10148-DF-75218C-2] DF-75218C Stand Toy Gun with Sound, Light, Flash & Smoke 2 Colors 8pcs - Blue",Toys (Consignment),NOT_IN_SHOPIFY,172,495,139,1,4,1180,"Wave 2 — in stock, existing range"
1994,205669742003Y,3001 Boys Swimsuit,Clothing,NOT_IN_SHOPIFY,13,790,103,1,14,8260,"Wave 1 — in stock, new arrival"
1995,205669741818M,3001 Boys Swimsuit,Clothing,NOT_IN_SHOPIFY,13,790,103,1,14,8260,"Wave 1 — in stock, new arrival"
1996,205669741902Y,3001 Boys Swimsuit,Clothing,NOT_IN_SHOPIFY,13,790,103,1,14,8260,"Wave 1 — in stock, new arrival"
1997,2024121300595,HT-78-CARTOON BALL,Toys (Consignment),NOT_IN_SHOPIFY,537,495,139,1,2,591,"Wave 2 — in stock, existing range"
1998,33172000111201,HC1 Tights,Clothing (Consignment),NOT_IN_SHOPIFY,756,540,139,2,58,9709,"Wave 2 — in stock, existing range"
1999,4000169583099,422 Stick,Clothing,NOT_IN_SHOPIFY,76,190,103,4,2,32,"Wave 1 — in stock, new arrival"
2000,1071415854099,[1071415854099] NICI Puppet Show Plush,Various,NOT_IN_SHOPIFY,470,500,139,2,4,600,"Wave 2 — in stock, existing range"
2001,1014050373099,[1014050373099] Aqua Bones Inflatable 1.52m x 15cm - Turquoise,Summer,NOT_IN_SHOPIFY,498,499,138,1,4,1198,"Wave 2 — in stock, existing range"
2002,1008867493099,Pokeomon 10 Figuers,Toys,NOT_IN_SHOPIFY,751,450,138,1,3,770,"Wave 2 — in stock, existing range"
2003,2073085633099,ELT-626/518 اسكوتر سونيك 4 لون بالصوت و النور,Toys (Consignment),ACTIVE_UNPUBLISHED,43,1800,409,1,0,0,"Wave 3 — needs reorder, new range"
2004,1017082646099,جردل بحر ديزني  5  اشكال P-Wاخضر,Summer,ACTIVE_UNPUBLISHED,110,1150,409,5,0,0,"Wave 3 — needs reorder, new range"
2005,2073812154099,368-48-ترابيزة ألعاب بيبى اكتيفتى بعجلة قيادة,Toys (Consignment),ACTIVE_UNPUBLISHED,27,1798,408,2,0,0,"Wave 3 — needs reorder, new range"
2006,4002125490099,2650 لانش بوكس 2 دور Space +علبة صوص وشوكة وملعقه,School,ACTIVE_UNPUBLISHED,50,1125,408,3,0,0,"Wave 3 — needs reorder, new range"
2007,4002125491099,2650 لانش بوكس 2 دور Cat's Secret +علبة صوص وشوكة وملعقه,School,ACTIVE_UNPUBLISHED,50,1125,408,3,0,0,"Wave 3 — needs reorder, new range"
2008,1060085380012,Watermelon Pantacourt Leggings,Clothing (Consignment),NOT_IN_SHOPIFY,756,280,138,1,4,432,"Wave 2 — in stock, existing range"
2009,202512115664,1888-3A خيمة ولادي + 50 كرة,Toys (Consignment),ACTIVE_UNPUBLISHED,99,1790,407,1,0,0,"Wave 3 — needs reorder, new range"
2010,1003985163008,1662 Pajama,Clothing,ACTIVE_UNPUBLISHED,22,405,101,1,23,5837,"Wave 1 — in stock, new arrival"
2011,4000169635099,455 buckle,Clothing,NOT_IN_SHOPIFY,76,180,101,3,33,627,"Wave 1 — in stock, new arrival"
2012,1071490264099,3-HK-124 خروف ميداليه Shaun the sheep,Various,ACTIVE_UNPUBLISHED,118,400,101,2,1,125,"Wave 1 — in stock, new arrival"
2013,6223007171385,MG-03M-4 Micro Characters Scooter 3 Levels,Toys,NOT_IN_SHOPIFY,641,1550,544,1,-1,-816,"Wave 4 — needs reorder, older range"
2014,1014156113023,040 Sandal,Clothing,NOT_IN_SHOPIFY,550,392,136,1,3,625,"Wave 2 — in stock, existing range"
2015,1014156093023,019 Sandal,Clothing,NOT_IN_SHOPIFY,550,392,136,1,1,208,"Wave 2 — in stock, existing range"
2016,4000882331099,87 Shoulder bag - pink,School,NOT_IN_SHOPIFY,103,800,402,2,0,0,"Wave 3 — needs reorder, new range"
2017,1071419278099,DZ-1600 نظارة سباحة جراب أزرق antifog,Summer,NOT_IN_SHOPIFY,102,353,100,6,32,1120,"Wave 1 — in stock, new arrival"
2018,1003930604006,110200 Boxer,Clothing,NOT_IN_SHOPIFY,6,370,100,2,25,2808,"Wave 1 — in stock, new arrival"
2019,2025010104966,SM09F 10CH R/C CAT WITH INFRARED RAY(WITH 3.7V BATTERY+USB),Toys (Consignment),ACTIVE_UNPUBLISHED,64,1895,399,1,0,0,"Wave 3 — needs reorder, new range"
2020,2024110105453,HG-9049 KITCHEN SET,Toys (Consignment),NOT_IN_SHOPIFY,64,1895,399,1,0,0,"Wave 3 — needs reorder, new range"
2021,1060154307099,BCT-1-Pencil Case,School,ACTIVE_UNPUBLISHED,109,1173,399,7,0,0,"Wave 3 — needs reorder, new range"
2022,1043652472099,1032 Bow Hair Clip - Multicolor,Various,NOT_IN_SHOPIFY,163,290,134,5,23,552,"Wave 2 — in stock, existing range"
2023,4002148562099,2020-مسطره بلاستيك 20سم لبنى labubu,Various,ACTIVE_UNPUBLISHED,52,216,99,22,60,246,"Wave 1 — in stock, new arrival"
2024,1067992148099,D uni-gray,Various,ACTIVE_UNPUBLISHED,75,1600,395,1,0,0,"Wave 3 — needs reorder, new range"
2025,4002081273099,[40020-898-6096] 898-6096 Baby Piano Lion Touch - Red,Toys,NOT_IN_SHOPIFY,228,550,133,1,1,350,"Wave 2 — in stock, existing range"
2026,1043686942099,Bandana 1327,Clothing,NOT_IN_SHOPIFY,190,288,133,6,19,380,"Wave 2 — in stock, existing range"
2027,6925196314622,HT-129 MAGNETIC TOYS,Toys (Consignment),NOT_IN_SHOPIFY,470,630,133,1,4,1680,"Wave 2 — in stock, existing range"
2028,1060154225099,YY-574-Water Bottle,School,ACTIVE_UNPUBLISHED,109,1125,393,3,0,0,"Wave 3 — needs reorder, new range"
2029,4000175937099,276 Lolly Necklace Large,Clothing,NOT_IN_SHOPIFY,183,240,133,3,17,442,"Wave 2 — in stock, existing range"
2030,4001564857099,[4001564857099] Girls Hair Elastic Band,Various,NOT_IN_SHOPIFY,321,254,132,4,8,180,"Wave 2 — in stock, existing range"
2031,1023891528010,0664 Boxer Shorts Pack Of 2,Clothing,NOT_IN_SHOPIFY,146,525,132,3,1,109,"Wave 2 — in stock, existing range"
2032,202512115712,628-117 ديسك رسم  بالبروجكتور,Toys (Consignment),ACTIVE_UNPUBLISHED,99,1725,392,1,0,0,"Wave 3 — needs reorder, new range"
2033,4000169610099,454 buckle,Clothing,NOT_IN_SHOPIFY,76,180,98,4,32,480,"Wave 1 — in stock, new arrival"
2034,2041095125099,LA:315LA Pacifier Stick,Baby Essentials (Consignment),NOT_IN_SHOPIFY,195,3100,528,1,0,0,"Wave 4 — needs reorder, older range"
2035,6937645545853,4585   BLOCKS/738PCS  COGO,Toys (Consignment),ACTIVE_UNPUBLISHED,655,2980,528,2,0,0,"Wave 4 — needs reorder, older range"
2036,1034021359099,Thank You Cards,Party,NOT_IN_SHOPIFY,751,350,132,10,131,2292,"Wave 2 — in stock, existing range"
2037,205669276706M, 917 Unisex Short,Clothing,ACTIVE_UNPUBLISHED,525,1176,132,3,6,1800,"Wave 2 — in stock, existing range"
2038,1065975568099,"CPSPNS635 Banana Cup Set 3-Piece 200ml - Purple, Navy & Pistachio",Various,ACTIVE_UNPUBLISHED,286,540,132,4,1,86,"Wave 2 — in stock, existing range"
2039,2056697120010,23968 Boys Outfit Set,Clothing,ACTIVE_UNPUBLISHED,75,1080,97,1,6,5100,"Wave 1 — in stock, new arrival"
2040,2073812232099,ZL8290BX-ساعة يد (موسيقى - أضواء - أصوات),Toys (Consignment),ACTIVE_UNPUBLISHED,27,1771,389,9,0,0,"Wave 3 — needs reorder, new range"
2041,4000191488099,Hair Accessories - Rabbit,Various,NOT_IN_SHOPIFY,169,260,131,2,1,48,"Wave 2 — in stock, existing range"
2042,4000190269099,7 Hair Clip - H-K,Clothing,NOT_IN_SHOPIFY,377,220,131,4,7,108,"Wave 2 — in stock, existing range"
2043,1052864524099,401 Lunch Bag + Pencil Case - Fuchsia - P-R,School,ACTIVE_UNPUBLISHED,400,3743,523,4,0,0,"Wave 4 — needs reorder, older range"
2044,205669276809M, 917 Unisex Short,Clothing,ACTIVE_UNPUBLISHED,525,833,131,2,2,600,"Wave 2 — in stock, existing range"
2045,2073870537099,YL009-2 خزينة اليكترونية لبنك الطفل,Various (Consignment),NOT_IN_SHOPIFY,169,575,131,1,5,1869,"Wave 2 — in stock, existing range"
2046,2168873000003,7159-1 Doll Head with Accessories,Toys (Consignment),ACTIVE_UNPUBLISHED,218,2300,523,2,0,0,"Wave 4 — needs reorder, older range"
2047,1052864517099,401 Lunch Bag + Pencil Case - Black - Black Panther,School,NOT_IN_SHOPIFY,400,2955,522,3,0,0,"Wave 4 — needs reorder, older range"
2048,4000191272099,c150 Hair Clip Navy Mini,Various,ACTIVE_UNPUBLISHED,253,240,131,5,18,288,"Wave 2 — in stock, existing range"
2049,4001513138099,[4001513138099] Kids Girls Character Necklace,Various,NOT_IN_SHOPIFY,215,240,131,2,1,40,"Wave 2 — in stock, existing range"
2050,4000191289099,118 Hair Elastics Box,Various,NOT_IN_SHOPIFY,253,240,131,2,3,120,"Wave 2 — in stock, existing range"
2051,1052883585099,2992-16.5-inch Trolley bag - Purple/Purple - Unicorn,School,ACTIVE_UNPUBLISHED,20,2185,387,1,0,0,"Wave 3 — needs reorder, new range"
2052,1052883578099,2992-16.5-inch Trolley bag - Black - Astronaut,School,ACTIVE_UNPUBLISHED,20,2185,387,1,0,0,"Wave 3 — needs reorder, new range"
2053,1052883574099,2992-16.5-inch Trolley bag - Purple - Lol,School,ACTIVE_UNPUBLISHED,20,2185,387,1,0,0,"Wave 3 — needs reorder, new range"
2054,1052883579099,2992-16.5-inch Trolley bag - Turquoise/Navy - Team Player,School,ACTIVE_UNPUBLISHED,20,2185,387,1,0,0,"Wave 3 — needs reorder, new range"
2055,1052883575099,2992-16.5-inch Trolley bag - Turquoise/Navy - T-S,School,ACTIVE_UNPUBLISHED,20,2185,387,1,0,0,"Wave 3 — needs reorder, new range"
2056,6622157571604,[6622157571604] Lego Bella Elvis 446 Pieces Building Blocks 10503,Toys (Consignment),NOT_IN_SHOPIFY,752,1880,521,1,0,0,"Wave 4 — needs reorder, older range"
2057,2056652512012,Yellow Checkered Sleeveless Dress,Clothing,ACTIVE_UNPUBLISHED,756,569,130,1,6,2214,"Wave 2 — in stock, existing range"
2058,1052564764001,100101032 Swimsuit Overall,Clothing,NOT_IN_SHOPIFY,498,450,130,1,7,1855,"Wave 2 — in stock, existing range"
2059,1052564770012,100101032 Swimsuit Overall,Clothing,NOT_IN_SHOPIFY,498,450,130,1,4,1060,"Wave 2 — in stock, existing range"
2060,4894680051164,ZUR-PET-9568-ZURU - Pets Alive - Smitten Kittens Interactive Plush Series 2,Toys,ACTIVE_UNPUBLISHED,109,1250,384,1,0,0,"Wave 3 — needs reorder, new range"
2061,1043652473099,1447 Bow Hair Tie - Multicolor,Various,NOT_IN_SHOPIFY,163,284,129,5,6,144,"Wave 2 — in stock, existing range"
2062,4000113153099,685-Pink crossbody bag,Various,NOT_IN_SHOPIFY,69,800,382,2,0,0,"Wave 3 — needs reorder, new range"
2063,4000191246099,464 Hair Clip Frozen,Various,NOT_IN_SHOPIFY,253,247,129,4,6,132,"Wave 2 — in stock, existing range"
2064,1071483427099,[10714-D5040] D5040 Gift Bag Under Jumbo D/N,Various,NOT_IN_SHOPIFY,166,420,128,6,39,1560,"Wave 2 — in stock, existing range"
2065,4000134996099,Padded Headband Hair Accessory - 1003,Various,ACTIVE_UNPUBLISHED,463,225,128,3,3,69,"Wave 2 — in stock, existing range"
2066,4001272955099,2088-42 مسدس بابلز بطارية بينك,Toys,ACTIVE_UNPUBLISHED,104,325,95,1,3,570,"Wave 1 — in stock, new arrival"
2067,1043615633099,1576 Hair Clip,Various,NOT_IN_SHOPIFY,113,200,95,2,5,200,"Wave 1 — in stock, new arrival"
2068,1060134679099,براية اشكال  626B,School,ACTIVE_UNPUBLISHED,83,1077,380,19,-1,-30,"Wave 3 — needs reorder, new range"
2069,6222360266111,6611A-سيارة تسلا بريموت بالشاحن,Toys (Consignment),ACTIVE_UNPUBLISHED,126,2250,511,1,0,0,"Wave 4 — needs reorder, older range"
2070,1053874270099,290 Necklace Set Small Rose,Various,NOT_IN_SHOPIFY,223,305,128,1,5,700,"Wave 2 — in stock, existing range"
2071,1003978533014,110200 Boxer,Clothing,NOT_IN_SHOPIFY,181,566,127,3,8,1106,"Wave 2 — in stock, existing range"
2072,4001583979099,200 استك شعر بناتي ,Clothing,NOT_IN_SHOPIFY,134,225,127,5,24,336,"Wave 2 — in stock, existing range"
2073,1043615654099,1584 Qafash,Various,NOT_IN_SHOPIFY,113,180,94,4,6,96,"Wave 1 — in stock, new arrival"
2074,1050495748099,xb613 اسکوتر ارنوبه بينك,Toys,ACTIVE_UNPUBLISHED,15,1425,375,1,0,0,"Wave 3 — needs reorder, new range"
2075,000228170006,22817- Socks ,Clothing (Consignment),NOT_IN_SHOPIFY,391,584,126,6,43,2767,"Wave 2 — in stock, existing range"
2076,1069746887099,[1069746887099] Kids Large Beaded Shapes Bag,Various,ACTIVE_UNPUBLISHED,632,270,126,1,3,332,"Wave 2 — in stock, existing range"
2077,4000157024099,C648-كيس استك ابيض,School,NOT_IN_SHOPIFY,36,664,374,19,0,0,"Wave 3 — needs reorder, new range"
2078,1071490417099,لوحه خشبيه تعليميه حروف وكلمات انجليزي,Toys,ACTIVE_UNPUBLISHED,4,312,93,4,26,1170,"Wave 1 — in stock, new arrival"
2079,2024030300181,[10331-SY1074-15] SY1074-15 Kids Swimming Board C-R,Summer (Consignment),ACTIVE_UNPUBLISHED,435,598,126,2,2,399,"Wave 2 — in stock, existing range"
2080,1071402167099,[10714-6734-2] Sonic the Hedgehog Sonic Plush Figure - Blue (Medium),Various,ACTIVE_UNPUBLISHED,200,1600,503,4,0,0,"Wave 4 — needs reorder, older range"
2081,4000785692099,19952-2 اسكوتر كرسي STITCH لبني موسيقى ونور,Toys,NOT_IN_SHOPIFY,60,1200,373,1,0,0,"Wave 3 — needs reorder, new range"
2082,6920241280075,10602/plastic Building Block 120PCS,Toys (Consignment),ACTIVE_UNPUBLISHED,528,2388,503,1,0,0,"Wave 4 — needs reorder, older range"
2083,6932995480151,8015-175514-MAGIC SAND CASTLE WORLD,Toys (Consignment),ACTIVE_UNPUBLISHED,166,2385,502,3,0,0,"Wave 4 — needs reorder, older range"
2084,4000175977099,283 Hair Clip Jeans,Clothing,NOT_IN_SHOPIFY,183,234,125,4,12,240,"Wave 2 — in stock, existing range"
2085,1071496585099,6740 S-Pمجسم قطيفة 50سم,Toys,ACTIVE_UNPUBLISHED,63,1088,369,3,0,0,"Wave 3 — needs reorder, new range"
2086,1071854789012,8004  Girls' Flowers Print Short-Sleeve Pajama Set -Olive Green,Clothing,NOT_IN_SHOPIFY,102,412,92,1,33,8877,"Wave 1 — in stock, new arrival"
2087,1071725481099,Maltose - Slow Rising - Rebound Sugar Ice Cube Bubbles Shining Mixed color CDU 12PCS,Toys,NOT_IN_SHOPIFY,43,300,92,2,2,171,"Wave 1 — in stock, new arrival"
2088,4002125530099,GK6086-6071 زمزميه شاليموه Stitch زهري,School,ACTIVE_UNPUBLISHED,50,1000,368,4,0,0,"Wave 3 — needs reorder, new range"
2089,4002125524099,GK6086-6071 زمزميه شاليموه Stitch بينك,School,ACTIVE_UNPUBLISHED,50,250,92,1,1,127,"Wave 1 — in stock, new arrival"
2090,2056653503003,"""Hello Baby"" Short-Sleeved T-Shirt",Clothing,NOT_IN_SHOPIFY,756,335,124,1,1,170,"Wave 2 — in stock, existing range"
2091,191726988885,SQVA01655-Jazwares Squishmallows - Core: Seasonal Squad - the Purple Girly Goth Wolf Yoshimi (7.5 Inch),Toys,ACTIVE_UNPUBLISHED,109,1190,365,2,0,0,"Wave 3 — needs reorder, new range"
2092,1071424200099,[1071424200099] Kids Medium Gift Bag - Multicolor,Various,NOT_IN_SHOPIFY,447,356,123,9,2,42,"Wave 2 — in stock, existing range"
2093,4000191489099,Hair Accessories - Stitch,Various,NOT_IN_SHOPIFY,169,246,123,3,6,186,"Wave 2 — in stock, existing range"
2094,5900511133189,[10331-13318] Puzzle 200 Pieces x2,Toys (Consignment),NOT_IN_SHOPIFY,330,585,123,1,3,1170,"Wave 2 — in stock, existing range"
2095,1003910297008,110200 Boxer,Clothing,NOT_IN_SHOPIFY,691,688,123,4,11,1373,"Wave 2 — in stock, existing range"
2096,1071476156099,[10714-1213] Birthday Party Confetti Cannon 40cm,Various,NOT_IN_SHOPIFY,314,280,123,7,30,525,"Wave 2 — in stock, existing range"
2097,1023856993010,0662 Boxer Shorts Pack Of 2,Clothing,ACTIVE_UNPUBLISHED,755,525,123,3,13,1463,"Wave 2 — in stock, existing range"
2098,4894680030138,X-Shot Skins Flux (8 Darts) Poppy Playtime S1,Toys,NOT_IN_SHOPIFY,751,1050,123,2,2,798,"Wave 2 — in stock, existing range"
2099,1052898328099,2991-15-inch Trolley bag - Purple/Purple - F-Z,School,ACTIVE_UNPUBLISHED,34,2045,364,1,0,0,"Wave 3 — needs reorder, new range"
2100,1052898335099,2991-15-inch Trolley bag - Fuchsia/Purple - Unicorn,School,ACTIVE_UNPUBLISHED,34,2045,364,1,0,0,"Wave 3 — needs reorder, new range"
2101,1052898342099,2991-15-inch Trolley bag - Maroon/Navy - B-M S-M,School,ACTIVE_UNPUBLISHED,34,2045,364,1,0,0,"Wave 3 — needs reorder, new range"
2102,1052898341099,2991-15-inch Trolley bag - Turquoise/Navy - Astronaut,School,ACTIVE_UNPUBLISHED,34,2045,364,1,0,0,"Wave 3 — needs reorder, new range"
2103,1052898330099,2991-15-inch Trolley bag - Pink/Purple - P-R,School,NOT_IN_SHOPIFY,34,2045,364,1,0,0,"Wave 3 — needs reorder, new range"
2104,1052898331099,2991-15-inch Trolley bag - Purple/Purple - P-R,School,NOT_IN_SHOPIFY,34,2045,364,1,0,0,"Wave 3 — needs reorder, new range"
2105,1052898338099,2991-15-inch Trolley bag - Pink/Purple - Raya,School,ACTIVE_UNPUBLISHED,34,2045,364,1,0,0,"Wave 3 — needs reorder, new range"
2106,1003910299010,110200 Boxer,Clothing,NOT_IN_SHOPIFY,691,570,123,3,11,1448,"Wave 2 — in stock, existing range"
2107,1023856995010,0662 Boxer Shorts Pack Of 2,Clothing,ACTIVE_UNPUBLISHED,755,525,123,3,13,1465,"Wave 2 — in stock, existing range"
2108,3855548867601,[3855548867601] Tea Set Coloring Kit,Toys (Consignment),ACTIVE_UNPUBLISHED,522,1755,490,3,0,0,"Wave 4 — needs reorder, older range"
2109,4001556987099,[40015-127] Girls Zipper Barrette,Clothing,NOT_IN_SHOPIFY,341,225,122,5,6,90,"Wave 2 — in stock, existing range"
2110,4001573980099,[4001573980099] Women Acrylic Scrunchie 65-66,Various,NOT_IN_SHOPIFY,502,225,122,5,19,285,"Wave 2 — in stock, existing range"
2111,1014838785099,5008EC-31:12 5 channel R/C One click double door racing car（Body with metallic paint）3 color include battery  ,Toys (Consignment),NOT_IN_SHOPIFY,589,1758,487,1,0,0,"Wave 4 — needs reorder, older range"
2112,1052864367099,3993 18 Inches Trolley Bag - Purple Pink - F-Z,School,ACTIVE_UNPUBLISHED,400,2470,487,1,0,0,"Wave 4 — needs reorder, older range"
2113,1071798260099,"Cube-169-1 Bingo Squishy Six snack packs with PU Mixed style, with mesh bags 12 pieces",Toys,ACTIVE_UNPUBLISHED,36,1190,360,24,0,0,"Wave 3 — needs reorder, new range"
2114,1003963058002,110200 Boxer,Clothing,NOT_IN_SHOPIFY,679,450,121,3,7,779,"Wave 2 — in stock, existing range"
2115,1043672709099,N177 Girls Sunglasses,Clothing,NOT_IN_SHOPIFY,127,1100,485,4,0,0,"Wave 4 — needs reorder, older range"
2116,1043684540099,Kids Girls Sunglasses 198,Various,NOT_IN_SHOPIFY,638,275,121,1,29,3480,"Wave 2 — in stock, existing range"
2117,1043672711099,N241 Girls Sunglasses,Clothing,NOT_IN_SHOPIFY,127,275,121,1,25,3000,"Wave 2 — in stock, existing range"
2118,1043678543099,N182 Girls Sunglasses,Clothing,NOT_IN_SHOPIFY,453,275,121,1,31,3720,"Wave 2 — in stock, existing range"
2119,1014858509099,[1014858509099] Metal Pullback Sports Car Display Stand Rolls Royce - White & Gold,Toys (Consignment),NOT_IN_SHOPIFY,528,1748,485,1,0,0,"Wave 4 — needs reorder, older range"
2120,4001513128099,[4001513128099] Toddler Girls Hair Elastic,Various,NOT_IN_SHOPIFY,215,220,121,4,6,108,"Wave 2 — in stock, existing range"
2121,1054490853009,9018 Romper,Clothing,NOT_IN_SHOPIFY,98,492,90,1,4,1368,"Wave 1 — in stock, new arrival"
2122,1054490849009,9018 Romper,Clothing,NOT_IN_SHOPIFY,98,492,90,1,3,1026,"Wave 1 — in stock, new arrival"
2123,1054490850099,9018 Romper,Clothing,NOT_IN_SHOPIFY,98,492,90,1,14,4788,"Wave 1 — in stock, new arrival"
2124,1054490852006,9018 Romper,Clothing,NOT_IN_SHOPIFY,98,492,90,1,2,684,"Wave 1 — in stock, new arrival"
2125,1014896763099,[1014896763099] Toy Piggy Bank - Baby Blue & Yellow,Toys (Consignment),NOT_IN_SHOPIFY,687,430,121,1,1,256,"Wave 2 — in stock, existing range"
2126,2056697007008,23886 Girls Short,Clothing,ACTIVE_UNPUBLISHED,98,1060,89,2,6,2520,"Wave 1 — in stock, new arrival"
2127,1003910295006,110200 Boxer,Clothing,NOT_IN_SHOPIFY,691,540,121,3,4,499,"Wave 2 — in stock, existing range"
2128,20036550,MAINTENANCE,Services,NOT_IN_SHOPIFY,712,550,482,1,0,0,"Wave 4 — needs reorder, older range"
2129,1071851881010,2774 Unisex Oversize T-Shirt,Clothing,NOT_IN_SHOPIFY,517,314,121,1,10,1550,"Wave 2 — in stock, existing range"
2130,2025121159015,007-99 42CM SUPER MARIO (REMOVABLE HAT),Toys (Consignment),ACTIVE_UNPUBLISHED,64,1695,357,1,0,0,"Wave 3 — needs reorder, new range"
2131,6920251125168,[10148-678-720A] 678-720A Pretend Play Vanity Dressing Table,Toys (Consignment),ACTIVE_UNPUBLISHED,172,1735,480,1,0,0,"Wave 4 — needs reorder, older range"
2132,1033135935099,1893-49 2شخصيه لاعيب كورة  + كأس العالم,Toys (Consignment),ACTIVE_UNPUBLISHED,106,1690,356,2,0,0,"Wave 3 — needs reorder, new range"
2133,2073683648099,ZT-SL305 Children's tricycle four in one stroller,Toys (Consignment),ACTIVE_UNPUBLISHED,18,2000,354,1,0,0,"Wave 3 — needs reorder, new range"
2134,1023844815008,[1023844816010] Boys Cotton Half-Sleeve Undershirt - White ,Clothing,ACTIVE_UNPUBLISHED,725,480,119,6,114,5732,"Wave 2 — in stock, existing range"
2135,6959912887482,"18""BIRTHDAY BALLOON,MIX 3 DESIGNS,EACH DESIGNS 400PCS",Toys,DRAFT,8,115,88,1,51,638,"Wave 1 — in stock, new arrival"
2136,6952212921120,"18""BIRTHDAY BALLOON,MIX 3 DESIGNS,EACH DESIGNS 400PCS",Toys,DRAFT,8,115,88,1,51,638,"Wave 1 — in stock, new arrival"
2137,4000169633099,421 buckle,Clothing,NOT_IN_SHOPIFY,76,160,88,2,1,26,"Wave 1 — in stock, new arrival"
2138,4000175982099,334 Bow Hair Clip & Hair Elastic,Clothing,NOT_IN_SHOPIFY,183,220,119,4,36,666,"Wave 2 — in stock, existing range"
2139,1071496589099,100-104 80سم جامبو M-i,Toys,NOT_IN_SHOPIFY,63,1200,352,2,0,0,"Wave 3 — needs reorder, new range"
2140,1071493684099,[10714-H292-2] H292-2 H-B-D Sash Headband - Silver,Party,NOT_IN_SHOPIFY,137,375,119,5,10,420,"Wave 2 — in stock, existing range"
2141,6937645536219,3621   BLOCKS/613PCS  COGO,Toys (Consignment),NOT_IN_SHOPIFY,655,2680,475,2,0,0,"Wave 4 — needs reorder, older range"
2142,6921498151804,WY290A Airport Ladder Truck with Sound & Light 1:16,Toys (Consignment),NOT_IN_SHOPIFY,680,765,119,1,4,2210,"Wave 2 — in stock, existing range"
2143,1073734603099,272 Pajama,Clothing,NOT_IN_SHOPIFY,102,450,88,2,8,1228,"Wave 1 — in stock, new arrival"
2144,1073705653099,992 Pajama,Clothing,NOT_IN_SHOPIFY,92,450,88,2,2,307,"Wave 1 — in stock, new arrival"
2145,1073734604003,272 Pajama,Clothing,NOT_IN_SHOPIFY,102,450,88,2,10,1535,"Wave 1 — in stock, new arrival"
2146,2025090100780,3214B B/O BLUE MICROWAVE OVEN,Toys (Consignment),ACTIVE_UNPUBLISHED,231,477,118,1,2,600,"Wave 2 — in stock, existing range"
2147,8364217982799,[20036-116/12] 12-Inch Princess Bicycle 116/12,Toys (Consignment),NOT_IN_SHOPIFY,179,2950,474,1,0,0,"Wave 4 — needs reorder, older range"
2148,6222046300369,A-2M 4-Wheel Skates - Purple & White - Size Medium + Training Cones,Toys,NOT_IN_SHOPIFY,519,1349,473,1,0,0,"Wave 4 — needs reorder, older range"
2149,1003963063012,110200 Boxer,Clothing,NOT_IN_SHOPIFY,679,564,118,3,4,553,"Wave 2 — in stock, existing range"
2150,1054454744099,7515 Baby Duvet,Clothing,ACTIVE_UNPUBLISHED,37,1080,349,1,0,0,"Wave 3 — needs reorder, new range"
2151,1071413289099,[1071413289099] Stitch Plush Jumbo,Various,ACTIVE_UNPUBLISHED,264,1600,470,1,0,0,"Wave 4 — needs reorder, older range"
2152,1023810774004,0664 Boxer Shorts Pack Of 2,Clothing,NOT_IN_SHOPIFY,756,465,117,3,1,97,"Wave 2 — in stock, existing range"
2153,1023810776008,0664 Boxer Shorts Pack Of 2,Clothing,NOT_IN_SHOPIFY,756,465,117,3,8,775,"Wave 2 — in stock, existing range"
2154,6920251125267,[10148-6014] 6014 Baby Silicone Toy 6 Pieces,Toys (Consignment),ACTIVE_UNPUBLISHED,172,1690,469,2,0,0,"Wave 4 — needs reorder, older range"
2155,1067896592099,B-602  Baby Potty Training Seat P-O,Baby Essentials,ACTIVE_UNPUBLISHED,60,998,345,2,0,0,"Wave 3 — needs reorder, new range"
2156,1067896591099,B-602  Baby Potty Training Seat M-I,Baby Essentials,ACTIVE_UNPUBLISHED,60,998,345,2,0,0,"Wave 3 — needs reorder, new range"
2157,4002148529099,نيم كارت بالحبل أخضر  TO&JR,Various,ACTIVE_UNPUBLISHED,52,793,345,16,0,0,"Wave 3 — needs reorder, new range"
2158,6920241282048,[6920241282048] 88100 Pottery Wheel Machine with Charger,Toys (Consignment),ACTIVE_UNPUBLISHED,528,1680,465,2,0,0,"Wave 4 — needs reorder, older range"
2159,4000185348099,620 - Girls Assorted Medium Pouch,Various,NOT_IN_SHOPIFY,176,235,116,1,1,90,"Wave 2 — in stock, existing range"
2160,4000785678099,6657B سجاده بيبي بيانو ك OWL,Toys,ACTIVE_UNPUBLISHED,60,1190,344,1,0,0,"Wave 3 — needs reorder, new range"
2161,4001556098099,[40015-40] Girls Hair Clip,Clothing,NOT_IN_SHOPIFY,225,218,116,3,22,550,"Wave 2 — in stock, existing range"
2162,1071471048099,201-20 بوكس هدايا قلب لامع ص رقم 1,Toys,NOT_IN_SHOPIFY,60,280,86,2,1,80,"Wave 1 — in stock, new arrival"
2163,1003910270009,110200 Boxer,Clothing,NOT_IN_SHOPIFY,691,570,115,3,6,790,"Wave 2 — in stock, existing range"
2164,4895038545885,009019 Talking Activity Book,Toys,ACTIVE_UNPUBLISHED,756,1590,460,1,0,0,"Wave 4 — needs reorder, older range"
2165,4000715747099,[40007-YT601] YT601 Baby Piano Play Mat ZOO - Pink,Toys,ACTIVE_UNPUBLISHED,403,1300,460,2,0,0,"Wave 4 — needs reorder, older range"
2166,202512115984,111-376F تراك بلو,Toys (Consignment),ACTIVE_UNPUBLISHED,43,1500,341,2,0,0,"Wave 3 — needs reorder, new range"
2167,681070114776,1617818-Get Well Bear With Heart,Toys,NOT_IN_SHOPIFY,616,177,115,1,1,41,"Wave 2 — in stock, existing range"
2168,1043615614099,1509 Clip - Tic Tac,Various,NOT_IN_SHOPIFY,113,165,85,3,15,300,"Wave 1 — in stock, new arrival"
2169,1043615622099,1406 Hair stick,Various,NOT_IN_SHOPIFY,113,165,85,3,3,60,"Wave 1 — in stock, new arrival"
2170,4001537627099,[4001537627099] Kids Glitter Scrunchie 1080 - Size 9,Various,NOT_IN_SHOPIFY,421,210,114,7,8,80,"Wave 2 — in stock, existing range"
2171,6223007170902,"RG-1117-3R/Power Superb Adjustable Roller Skate Shoes 2-Rows 4-Wheels (Large, Red)",Toys,ACTIVE_UNPUBLISHED,751,1299,456,1,0,0,"Wave 4 — needs reorder, older range"
2172,2071552742099,SL002D/عربيه ريموت ديناصور RC,Toys (Consignment),ACTIVE_UNPUBLISHED,32,1900,337,1,0,0,"Wave 3 — needs reorder, new range"
2173,8005125172627,17262CHARLIE CAGNOLINO TRAINABILE ,Toys (Consignment),ACTIVE_UNPUBLISHED,237,2000,454,1,0,0,"Wave 4 — needs reorder, older range"
2174,6223012633194,393-3194 سوبر كيدز معجون اسنان بنكهه التوت 50 جرام,Baby Essentials,ACTIVE_UNPUBLISHED,6,300,84,5,49,1755,"Wave 1 — in stock, new arrival"
2175,4000190351099,71 Tic Tac Rose,Clothing,ACTIVE_UNPUBLISHED,377,200,114,2,5,155,"Wave 2 — in stock, existing range"
2176,1071417404099,[10714-499] Shams & Amar Party Supplies,Various,NOT_IN_SHOPIFY,347,300,113,15,39,390,"Wave 2 — in stock, existing range"
2177,2024110106108,J2003C  1:18 470PCS BLOCKS CAR PULL BACK,Toys (Consignment),ACTIVE_UNPUBLISHED,64,1590,335,2,0,0,"Wave 3 — needs reorder, new range"
2178,1004886947099,S66-اسفنج استحمام اشكال,Baby Essentials,NOT_IN_SHOPIFY,15,340,84,4,3,161,"Wave 1 — in stock, new arrival"
2179,4001273020099,5505-1 طقم مطبخ استاند بالادوات 38ق بيج*أحمر,Toys,ACTIVE_UNPUBLISHED,104,1150,334,1,0,0,"Wave 3 — needs reorder, new range"
2180,4000714889099,2358 مطبخ استاند 42ق زيتى,Toys,ACTIVE_UNPUBLISHED,97,1150,334,1,0,0,"Wave 3 — needs reorder, new range"
2181,4000714888099,2358 مطبخ استاند 42ق بينك*بيج,Toys,NOT_IN_SHOPIFY,97,1150,334,1,0,0,"Wave 3 — needs reorder, new range"
2182,7574194515105,بوكسنج Boxing,Toys (Consignment),ACTIVE_UNPUBLISHED,96,1199,332,1,0,0,"Wave 3 — needs reorder, new range"
2183,1003973816009,171 Bodysuit,Clothing,NOT_IN_SHOPIFY,564,368,112,1,7,1476,"Wave 2 — in stock, existing range"
2184,1014156054034,079 Sandal,Clothing,NOT_IN_SHOPIFY,550,660,111,2,5,1169,"Wave 2 — in stock, existing range"
2185,1014156048028,079 Sandal,Clothing,NOT_IN_SHOPIFY,550,660,111,2,2,468,"Wave 2 — in stock, existing range"
2186,9710327141553,DH-453-4 Small Wooden Chess,Toys (Consignment),ACTIVE_UNPUBLISHED,523,1737,446,3,0,0,"Wave 4 — needs reorder, older range"
2187,1014858537099,[1014858537099] RC Car 3 Colors 1:16 - Green,Toys (Consignment),ACTIVE_UNPUBLISHED,528,1603,445,1,0,0,"Wave 4 — needs reorder, older range"
2188,4001537159099,46 بندانه اطفال,Various,NOT_IN_SHOPIFY,131,195,111,4,22,330,"Wave 2 — in stock, existing range"
2189,2025090101121,16842A-GIFTESWARE WITH MUSIC LIGHT,Toys (Consignment),ACTIVE_UNPUBLISHED,231,1600,444,1,0,0,"Wave 4 — needs reorder, older range"
2190,2025121155512,YX6768-21 DIY COLOR DRAWING BOARD,Toys (Consignment),ACTIVE_UNPUBLISHED,64,390,82,2,1,130,"Wave 1 — in stock, new arrival"
2191,6942138995053,62164 Bestway PowerGrip DC Air Pump,Summer,ACTIVE_UNPUBLISHED,498,1599,443,1,0,0,"Wave 4 — needs reorder, older range"
2192,1043615630099,1547 Pence,Various,NOT_IN_SHOPIFY,113,166,82,4,3,48,"Wave 1 — in stock, new arrival"
2193,2025010105185,[20730-C2158] C2158 HD Telescope,Toys (Consignment),ACTIVE_UNPUBLISHED,211,1950,443,1,0,0,"Wave 4 — needs reorder, older range"
2194,2041091047099,LA:526-1LA Stroller Bassinet,Baby Essentials (Consignment),ACTIVE_UNPUBLISHED,232,2600,443,1,0,0,"Wave 4 — needs reorder, older range"
2195,2041025494099,LA:MDQBS522LA La Frutta Travel System Stroller,Baby Essentials (Consignment),NOT_IN_SHOPIFY,147,2600,443,1,0,0,"Wave 4 — needs reorder, older range"
2196,2041025495099,LA:MDQBS522LA La Frutta Travel System Stroller,Baby Essentials (Consignment),NOT_IN_SHOPIFY,147,2600,443,1,0,0,"Wave 4 — needs reorder, older range"
2197,2073995874099,مشاية اطفال 017,Baby Essentials (Consignment),NOT_IN_SHOPIFY,33,1850,328,1,0,0,"Wave 3 — needs reorder, new range"
2198,1014838798099,K35A-2 1:12/5 channel steering wheel R/C car Open the Car Door 3 colors include battery,Toys (Consignment),NOT_IN_SHOPIFY,589,1596,443,1,0,0,"Wave 4 — needs reorder, older range"
2199,6020240618227,CY-7008B/multi-functional Music instrument with lighting & music no include battery,Toys (Consignment),NOT_IN_SHOPIFY,687,1592,441,1,0,0,"Wave 4 — needs reorder, older range"
2200,6020240618012,8721/Engineering series color mud round table 35pcs,Toys (Consignment),ACTIVE_UNPUBLISHED,687,1592,441,1,0,0,"Wave 4 — needs reorder, older range"
2201,9789776624511,[9789776624511] Book - The King's Tarboush,Various (Consignment),NOT_IN_SHOPIFY,751,385,110,1,2,455,"Wave 2 — in stock, existing range"
2202,1071413273099,[1071413273099] Plush Bear Off-White with Bow Jumbo,Various,ACTIVE_UNPUBLISHED,264,1500,441,1,0,0,"Wave 4 — needs reorder, older range"
2203,1067947868099,D b (black),Various,ACTIVE_UNPUBLISHED,559,1650,439,1,0,0,"Wave 4 — needs reorder, older range"
2204,1060134678099,براية اشكال  642A,School,ACTIVE_UNPUBLISHED,83,228,81,4,1,30,"Wave 1 — in stock, new arrival"
2205,2155073000001,868-E14 طقم شاى تلوين 14 ق,Toys (Consignment),ACTIVE_UNPUBLISHED,96,1425,324,3,0,0,"Wave 3 — needs reorder, new range"
2206,1060154234099,TK6001-Kids Drawing Board / Stand,School,ACTIVE_UNPUBLISHED,109,915,323,3,0,0,"Wave 3 — needs reorder, new range"
2207,1071413291099,[1071413291099] Stitch Plush Jumbo,Various,ACTIVE_UNPUBLISHED,264,1750,435,1,0,0,"Wave 4 — needs reorder, older range"
2208,1066203177099,GB5226-Backpack 12,School,ACTIVE_UNPUBLISHED,413,1650,434,1,0,0,"Wave 4 — needs reorder, older range"
2209,4000585418099,HE0823-Baby walker magic board pink,Toys,ACTIVE_UNPUBLISHED,278,1200,434,1,0,0,"Wave 4 — needs reorder, older range"
2210,1071490406099,لوحه خشبيه تعليميه حيوانات الغابه,Toys,ACTIVE_UNPUBLISHED,4,240,80,2,28,1820,"Wave 1 — in stock, new arrival"
2211,1071490414099,لوحه خشبيه تعليميه ساعه,Toys,ACTIVE_UNPUBLISHED,4,240,80,2,26,1690,"Wave 1 — in stock, new arrival"
2212,1043615653099,1346 bandana,Various,NOT_IN_SHOPIFY,113,160,80,2,4,120,"Wave 1 — in stock, new arrival"
2213,1043615661099,1380 Sortit,Various,NOT_IN_SHOPIFY,113,160,80,2,1,30,"Wave 1 — in stock, new arrival"
2214,2066980266035,415  Socks (Pack Of 3),Clothing (Consignment),NOT_IN_SHOPIFY,468,420,108,3,61,5307,"Wave 2 — in stock, existing range"
2215,4895038511453,001145 Adventure Walk Dino,Toys,ACTIVE_UNPUBLISHED,756,1490,431,1,0,0,"Wave 4 — needs reorder, older range"
2216,4001583965099,110 مشبك,Clothing,NOT_IN_SHOPIFY,134,200,107,4,26,442,"Wave 2 — in stock, existing range"
2217,9781503755628,LNLB Encyclopaedia Britannica Kids: Farm Animals,Various (Consignment),ACTIVE_UNPUBLISHED,751,1888,429,2,0,0,"Wave 4 — needs reorder, older range"
2218,6955265614551,1935 Thunder & new police Series Building Block Hijack Black Maria 608pcs,Toys (Consignment),NOT_IN_SHOPIFY,627,1547,429,1,0,0,"Wave 4 — needs reorder, older range"
2219,4001591786099,[40015-0027-2] Girls Tic Tac Hair Clip - M,Various,NOT_IN_SHOPIFY,337,195,107,4,52,832,"Wave 2 — in stock, existing range"
2220,4002065798099,86203 حامل سيارات 6عربيات C-R,Toys,ACTIVE_UNPUBLISHED,55,1017,317,2,0,0,"Wave 3 — needs reorder, new range"
2221,261119842136960,B98421 Short,Clothing (Consignment),ACTIVE_UNPUBLISHED,111,349,79,1,9,2042,"Wave 1 — in stock, new arrival"
2222,4000434922099,955-233 Remote Control Car - Watch Style - Orange,Toys,NOT_IN_SHOPIFY,312,1400,428,1,0,0,"Wave 4 — needs reorder, older range"
2223,4001583966099,215 مشبك جينز,Clothing,NOT_IN_SHOPIFY,134,199,107,4,27,459,"Wave 2 — in stock, existing range"
2224,1071483426099,[10714-413127] Printed Gift Box Bag Large,Various,NOT_IN_SHOPIFY,166,240,107,4,10,260,"Wave 2 — in stock, existing range"
2225,4000169597099,53 Disney stick,Clothing,NOT_IN_SHOPIFY,76,140,79,4,10,110,"Wave 1 — in stock, new arrival"
2226,9781916549821,100‎% Unofficial Guide to: Fortnite,Various (Consignment),NOT_IN_SHOPIFY,393,600,106,1,1,420,"Wave 2 — in stock, existing range"
2227,2071541941099,"L6203A Baby Born 14"" 12 Sounds Drinks & Bathes",Toys (Consignment),ACTIVE_UNPUBLISHED,243,2400,425,2,0,0,"Wave 4 — needs reorder, older range"
2228,6223007324298, Nilco Rummikub Ancient Egypt edition,Toys (Consignment),ACTIVE_UNPUBLISHED,236,2398,425,2,0,0,"Wave 4 — needs reorder, older range"
2229,6625000902013,92-5/55-JACK,Various (Consignment),NOT_IN_SHOPIFY,365,663,106,4,87,10353,"Wave 2 — in stock, existing range"
2230,1033135952099,658 سكوتر كرسي عيون 2 * 1,Toys (Consignment),ACTIVE_UNPUBLISHED,106,1485,313,1,0,0,"Wave 3 — needs reorder, new range"
2231,4000748789099,[4000748789099] Kids Home Chef Kitchen Playset 63 Pieces - Green,Toys,ACTIVE_UNPUBLISHED,558,1450,422,1,0,0,"Wave 4 — needs reorder, older range"
2232,4001583949099,203 قفاش وسط ,Clothing,NOT_IN_SHOPIFY,134,200,105,2,1,35,"Wave 2 — in stock, existing range"
2233,2071996780099,105 GAME FENCE,Toys (Consignment),NOT_IN_SHOPIFY,123,1520,421,1,0,0,"Wave 4 — needs reorder, older range"
2234,2025010105208,[10331-BBT-003] BBT-003 Pokemon Action Figure Box Set,Toys (Consignment),ACTIVE_UNPUBLISHED,330,499,105,1,1,333,"Wave 2 — in stock, existing range"
2235,5900511143621,[10331-14362] Puzzle 24 Pieces Maxi,Toys (Consignment),NOT_IN_SHOPIFY,330,499,105,1,1,333,"Wave 2 — in stock, existing range"
2236,4001590704099,377 Pence,Clothing,NOT_IN_SHOPIFY,117,140,78,2,1,22,"Wave 1 — in stock, new arrival"
2237,4000182652099,558 قفاش صغير,Clothing,NOT_IN_SHOPIFY,33,140,78,2,34,765,"Wave 1 — in stock, new arrival"
2238,4895006788627,9173 FUNTASTIC PET INTERACTIVE PETS WITH BLINKING EYES,Toys (Consignment),ACTIVE_UNPUBLISHED,595,1995,420,1,0,0,"Wave 4 — needs reorder, older range"
2239,4000190277099,113 Hair Clip & Claw S,Clothing,NOT_IN_SHOPIFY,377,180,105,3,15,266,"Wave 2 — in stock, existing range"
2240,1043615626099,1425 Hair stick,Various,NOT_IN_SHOPIFY,113,150,78,2,2,54,"Wave 1 — in stock, new arrival"
2241,4001583947099,125 استك شعر بناتي ,Clothing,NOT_IN_SHOPIFY,134,192,104,4,8,128,"Wave 2 — in stock, existing range"
2242,1043635492099,A278 Clipse white,School,NOT_IN_SHOPIFY,48,584,309,17,0,0,"Wave 3 — needs reorder, new range"
2243,1017021044099,BO-10048 Pins + 2 Bowling Balls C-R ,Toys,ACTIVE_UNPUBLISHED,700,1140,417,4,0,0,"Wave 4 — needs reorder, older range"
2244,1023873022099,1-1704-26 Blanket,Baby Essentials,ACTIVE_UNPUBLISHED,174,390,104,1,1,238,"Wave 2 — in stock, existing range"
2245,4000176002099,296-2 Jeans Bow Hair Clip,Clothing,NOT_IN_SHOPIFY,183,195,104,3,14,315,"Wave 2 — in stock, existing range"
2246,2056697000004,23882 Girls Dress,Clothing,ACTIVE_UNPUBLISHED,98,1615,77,2,6,4020,"Wave 1 — in stock, new arrival"
2247,6958887831528,LD6501-8-JEWELRY SET stand(24pcs),Various,NOT_IN_SHOPIFY,487,323,103,4,53,2385,"Wave 2 — in stock, existing range"
2248,4000169618099,452 buckle,Clothing,NOT_IN_SHOPIFY,76,135,76,3,29,406,"Wave 1 — in stock, new arrival"
2249,0194735356454,"JKV14 Mattel Disney And Pixar T-S W-O Action Figure 23 cm Tall Sheriff, 14 Posable Joints, Playscale",Toys,ACTIVE_UNPUBLISHED,49,995,305,1,0,0,"Wave 3 — needs reorder, new range"
2250,1004802350099,[S480] S480 Baby Crystal Feeding Bottle 120ml,Baby Essentials,NOT_IN_SHOPIFY,313,315,103,1,1,174,"Wave 2 — in stock, existing range"
2251,2073050356099,[20730-8009T-2] Drums & Guitar Musical Set - Gold,Toys (Consignment),ACTIVE_UNPUBLISHED,341,1800,409,1,0,0,"Wave 4 — needs reorder, older range"
2252,2072535492099,K47 R/C SMART PROGRAMMING PET(WITH BATTERY+USB),Toys (Consignment),ACTIVE_UNPUBLISHED,222,1475,409,1,0,0,"Wave 4 — needs reorder, older range"
2253,1071495852099,164 استاند اسكوشي الوان مشجر ك ICE CUBE 12*1,Toys,ACTIVE_UNPUBLISHED,57,1200,303,6,0,0,"Wave 3 — needs reorder, new range"
2254,6222046301081,[20738-688-233A] 688-233A Kids Beauty Set 52 Pieces,Toys (Consignment),ACTIVE_UNPUBLISHED,169,1798,408,2,0,0,"Wave 4 — needs reorder, older range"
2255,6222046301085,"[20738-3966] Mini Kitchen Set 56 Pieces (Music, Light & Spray)",Toys (Consignment),ACTIVE_UNPUBLISHED,169,1798,408,2,0,0,"Wave 4 — needs reorder, older range"
2256,9328577011511,[9328577011511] Gift Wrapping Paper T-S,Various (Consignment),NOT_IN_SHOPIFY,753,276,102,7,24,480,"Wave 2 — in stock, existing range"
2257,5900511230031,[10331-23003] Puzzle 300 pcs,Toys (Consignment),NOT_IN_SHOPIFY,330,485,102,1,4,1293,"Wave 2 — in stock, existing range"
2258,1052883604099,301 Lunch Bag + Pencil Case - Purple/Purple - P-R,School,ACTIVE_UNPUBLISHED,20,1690,302,2,0,0,"Wave 3 — needs reorder, new range"
2259,2056697238006,09422 Girls Short,Clothing,ACTIVE_UNPUBLISHED,57,850,76,1,8,5360,"Wave 1 — in stock, new arrival"
2260,6222046301011,[20738-20050] Princess Castle Building Blocks 200 Pieces,Toys (Consignment),ACTIVE_UNPUBLISHED,169,1796,408,4,0,0,"Wave 4 — needs reorder, older range"
2261,2071935801099,HT-139 BABY SOFT TOYS,Toys (Consignment),NOT_IN_SHOPIFY,438,367,102,1,3,661,"Wave 2 — in stock, existing range"
2262,4002148539099,نيم كارت بالحبل أسود kuromi,Various,ACTIVE_UNPUBLISHED,52,694,301,14,0,0,"Wave 3 — needs reorder, new range"
2263,1071490418099,لوحه خشبيه تعليميه حروف وكلمات عربي,Toys,ACTIVE_UNPUBLISHED,4,240,75,3,17,765,"Wave 1 — in stock, new arrival"
2264,1023850784010,0664 Boxer Shorts Pack Of 2,Clothing,NOT_IN_SHOPIFY,553,490,102,3,7,789,"Wave 2 — in stock, existing range"
2265,1033157484099,0857-801 فرو الكسلان 2 لون 20 سم,Toys (Consignment),ACTIVE_UNPUBLISHED,100,1425,300,3,0,0,"Wave 3 — needs reorder, new range"
2266,1066648656099,489489  Lunch Bag Jurassic park Design,School,ACTIVE_UNPUBLISHED,49,1310,299,1,0,0,"Wave 3 — needs reorder, new range"
2267,1066648683099,489869  Lunch Bag Mermaid Design,School,ACTIVE_UNPUBLISHED,49,1310,299,1,0,0,"Wave 3 — needs reorder, new range"
2268,1066648657099,375556  Lunch Bag Spider-Man Design,School,ACTIVE_UNPUBLISHED,49,1310,299,1,0,0,"Wave 3 — needs reorder, new range"
2269,1066648664099,278833  Lunch Bag Harry Potter  Design,School,ACTIVE_UNPUBLISHED,49,1310,299,1,0,0,"Wave 3 — needs reorder, new range"
2270,1066648660099,249392  Lunch Bag Moana Design,School,ACTIVE_UNPUBLISHED,49,1310,299,1,0,0,"Wave 3 — needs reorder, new range"
2271,1066648666099,278833  Lunch Bag Gaming  Design,School,ACTIVE_UNPUBLISHED,49,1310,299,1,0,0,"Wave 3 — needs reorder, new range"
2272,1066648661099,109554  Lunch Bag Hello Kitty  Design,School,ACTIVE_UNPUBLISHED,49,1310,299,1,0,0,"Wave 3 — needs reorder, new range"
2273,1066648687099,177866  Lunch Bag Gabbys Dollhouse Potter Design,School,ACTIVE_UNPUBLISHED,49,1310,299,1,0,0,"Wave 3 — needs reorder, new range"
2274,6223007171492,JX-85RR-2 Inline Skates - Red Size (35-38),Toys,ACTIVE_UNPUBLISHED,751,1150,404,1,0,0,"Wave 4 — needs reorder, older range"
2275,1023837188099,1-1780-26  Bib,Clothing,ACTIVE_UNPUBLISHED,137,1558,403,9,0,0,"Wave 4 — needs reorder, older range"
2276,1063614642099,A04 18 Inches Backpack + Lunch bag + Pencil case,School,ACTIVE_UNPUBLISHED,397,1770,403,1,0,0,"Wave 4 — needs reorder, older range"
2277,1063614657099,A02 19 Inches Backpack + Lunch bag + Pencil case,School,ACTIVE_UNPUBLISHED,397,1770,403,1,0,0,"Wave 4 — needs reorder, older range"
2278,1071495856099,157 JELLY HOPS NEEDOH SWEET SNOOZLE FRUIR بينك,Toys,ACTIVE_UNPUBLISHED,57,1000,297,4,0,0,"Wave 3 — needs reorder, new range"
2279,6920250131351,SE2832 Overhead bowling,Toys (Consignment),NOT_IN_SHOPIFY,333,365,100,1,5,1100,"Wave 2 — in stock, existing range"
2280,1050468470099,[1050468470099] Hoverboard Replacement Battery,Toys,NOT_IN_SHOPIFY,751,3306,100,2,2,2800,"Wave 2 — in stock, existing range"
2281,6251122203372,#MYBLING Aroma Jewellery,Toys,NOT_IN_SHOPIFY,751,569,100,1,1,399,"Wave 2 — in stock, existing range"
2282,4000764240099,6034\بوتى سلم بينك,Various,NOT_IN_SHOPIFY,46,850,296,1,0,0,"Wave 3 — needs reorder, new range"
2283,4041485346494,34649 Colored Eraser Joy,School (Consignment),NOT_IN_SHOPIFY,532,360,100,18,84,1008,"Wave 2 — in stock, existing range"
2284,6222366698831,KSY883-1 رش الالوان,Toys (Consignment),ACTIVE_UNPUBLISHED,99,1300,295,2,0,0,"Wave 3 — needs reorder, new range"
2285,2072012683099,78030-TT 1X WEAN SIPPEE 190ML  ,Baby Essentials (Consignment),ACTIVE_UNPUBLISHED,600,2250,399,3,0,0,"Wave 4 — needs reorder, older range"
2286,2073812204099,HJ818LA-عروسة سليكون +اكسسوارات+ملحقات,Toys (Consignment),ACTIVE_UNPUBLISHED,27,1298,295,2,0,0,"Wave 3 — needs reorder, new range"
2287,2073898880099,HJ818LA-عروسة سليكون +اكسسوارات+ملحقات,Toys (Consignment),ACTIVE_UNPUBLISHED,27,1298,295,2,0,0,"Wave 3 — needs reorder, new range"
2288,4000714925099,020 استاند حيوانات بحريه تنمو في الماء 24*1,Toys,NOT_IN_SHOPIFY,97,198,74,10,10,100,"Wave 1 — in stock, new arrival"
2289,4002065799099,558-3 شاحنة بالعربيات رمادى C-R,Toys,ACTIVE_UNPUBLISHED,55,800,294,2,0,0,"Wave 3 — needs reorder, new range"
2290,1014156106026,040 Sandal,Clothing,NOT_IN_SHOPIFY,550,588,99,2,9,1874,"Wave 2 — in stock, existing range"
2291,4001069762099,25 Football Club Teams,Toys,ACTIVE_UNPUBLISHED,602,250,99,1,10,1200,"Wave 2 — in stock, existing range"
2292,1013646774002, 7419 Pajama,Clothing,NOT_IN_SHOPIFY,95,1038,73,2,1,419,"Wave 1 — in stock, new arrival"
2293,1052898316099,992- 16.5-inch Backpack - Fuchsia/Purple - Fantasy P-R,School,ACTIVE_UNPUBLISHED,34,1645,293,1,0,0,"Wave 3 — needs reorder, new range"
2294,6920251125434,[10148-868-G10] 868-G10 Ceramic Painting Kit,Toys (Consignment),ACTIVE_UNPUBLISHED,172,1430,395,2,0,0,"Wave 4 — needs reorder, older range"
2295,1014854134099,[1014854134099] Meccano Building Blocks Set,Toys (Consignment),NOT_IN_SHOPIFY,751,356,99,1,1,214,"Wave 2 — in stock, existing range"
2296,2073892709099,[20738-2016-137] Pretend Play Kitchen Music Light Water 33 Pieces - Dark Green,Toys (Consignment),ACTIVE_UNPUBLISHED,169,1738,395,2,0,0,"Wave 4 — needs reorder, older range"
2297,1067947863099,D k cover (gray),Various,ACTIVE_UNPUBLISHED,559,1600,395,1,0,0,"Wave 4 — needs reorder, older range"
2298,5702017784694,60463 FIRE LADDER TRUCK V29,Toys,NOT_IN_SHOPIFY,340,1499,394,1,0,0,"Wave 4 — needs reorder, older range"
2299,1051739550099, 25291 Baby Blanket,Clothing,ACTIVE_UNPUBLISHED,134,1350,394,2,0,0,"Wave 4 — needs reorder, older range"
2300,4002148545099,نيم كارت بيج HK ,Various,ACTIVE_UNPUBLISHED,52,683,292,14,0,0,"Wave 3 — needs reorder, new range"
2301,8693830013252,3 BRIO BLOCK IN A CA (58 PCS.),Toys,ACTIVE_UNPUBLISHED,751,1250,394,1,0,0,"Wave 4 — needs reorder, older range"
2302,4000190283099,72 Hair Elastic,Clothing,ACTIVE_UNPUBLISHED,377,165,98,3,15,232,"Wave 2 — in stock, existing range"
2303,4001273028099,667K طقم أدوات نظافة,Toys,ACTIVE_UNPUBLISHED,104,1391,290,2,0,0,"Wave 3 — needs reorder, new range"
2304,4001556988099,[40015-129] Girls Hair Elastic 2-in-1,Clothing,NOT_IN_SHOPIFY,341,180,98,4,32,480,"Wave 2 — in stock, existing range"
2305,4000191271099,c115 Scrunchie Bow Glitter,Various,NOT_IN_SHOPIFY,253,180,98,4,4,60,"Wave 2 — in stock, existing range"
2306,4000175983099,344 Sortit Jeans,Clothing,NOT_IN_SHOPIFY,183,180,98,3,3,60,"Wave 2 — in stock, existing range"
2307,4001583969099,155 مشبك3*1,Clothing,NOT_IN_SHOPIFY,134,180,98,3,17,340,"Wave 2 — in stock, existing range"
2308,4001583962099,190 سورتيت فيونكه ,Clothing,NOT_IN_SHOPIFY,134,180,98,3,11,220,"Wave 2 — in stock, existing range"
2309,4001583977099,40 استك شعر بناتي ,Clothing,NOT_IN_SHOPIFY,134,180,98,4,20,300,"Wave 2 — in stock, existing range"
2310,4000176008099,306 Rose Hair Claw L,Clothing,NOT_IN_SHOPIFY,183,180,98,4,10,150,"Wave 2 — in stock, existing range"
2311,4000176016099,296-3 Jeans Hair Elastic,Clothing,NOT_IN_SHOPIFY,183,188,98,3,2,45,"Wave 2 — in stock, existing range"
2312,4000190296099,960 Hair Accessory - Claw Clip Large,Clothing,NOT_IN_SHOPIFY,377,170,98,2,9,231,"Wave 2 — in stock, existing range"
2313,6223007322034,Disney Board Game - Tago Avengers,Toys (Consignment),NOT_IN_SHOPIFY,751,550,97,2,18,3465,"Wave 2 — in stock, existing range"
2314,1060154167099,H-6907/93310-Plastic Water Bottle,School,ACTIVE_UNPUBLISHED,109,825,289,3,0,0,"Wave 3 — needs reorder, new range"
2315,4001247661099,2517-1 D-N Plastic Ball,Toys,NOT_IN_SHOPIFY,579,232,97,3,6,212,"Wave 2 — in stock, existing range"
2316,2067036421099,1010 Car Seat - Baby Blue,Various (Consignment),ACTIVE_UNPUBLISHED,731,2511,389,1,0,0,"Wave 4 — needs reorder, older range"
2317,8003511410155,[8003511410155] Carioca Joy Felt Tip Markers 60 Colors,School,ACTIVE_UNPUBLISHED,750,472,97,1,1,317,"Wave 2 — in stock, existing range"
2318,1071798261099,"Cube-169-1 Bingo Squishy Six snack packs with PU Mixed style, with mesh bags 12 pieces",Toys,ACTIVE_UNPUBLISHED,36,945,287,19,0,0,"Wave 3 — needs reorder, new range"
2319,4000169593099,413 Girls' hair elastic,Clothing,NOT_IN_SHOPIFY,76,133,72,2,30,675,"Wave 1 — in stock, new arrival"
2320,1071445701099,[10714-233] Football Euro Ball,Toys,NOT_IN_SHOPIFY,168,275,96,1,3,435,"Wave 2 — in stock, existing range"
2321,2073082422099,658-46 لانش بالريموت,Toys (Consignment),ACTIVE_UNPUBLISHED,99,1250,284,1,0,0,"Wave 3 — needs reorder, new range"
2322,2073082425099,658-48 لانش بالريموت,Toys (Consignment),ACTIVE_UNPUBLISHED,99,1250,284,1,0,0,"Wave 3 — needs reorder, new range"
2323,1060150431099,2403 Michael Shaped Sharpener with Jar,School,NOT_IN_SHOPIFY,463,277,96,10,28,413,"Wave 2 — in stock, existing range"
2324,4001068162099,6653 سجادة بيبي بيانو موسيقى اسد رمادي,Baby Essentials,ACTIVE_UNPUBLISHED,25,950,283,1,0,0,"Wave 3 — needs reorder, new range"
2325,1069214898099,cool gear water bottles 650ML,School,NOT_IN_SHOPIFY,750,329,95,1,2,387,"Wave 2 — in stock, existing range"
2326,000228200012,22820- Socks ,Clothing (Consignment),NOT_IN_SHOPIFY,391,475,95,5,85,5470,"Wave 2 — in stock, existing range"
2327,2024030203451,[2024030203451] 1013 Candy Shop Bus Toy 2-in-1,Toys (Consignment),ACTIVE_UNPUBLISHED,575,2027,380,3,0,0,"Wave 4 — needs reorder, older range"
2328,3156252000002,668-7B مكعبات قطار 45 ق سوت للبيبى,Toys (Consignment),ACTIVE_UNPUBLISHED,96,1235,281,1,0,0,"Wave 3 — needs reorder, new range"
2329,6464654156249,[6464654156249] Y15B-04 RC Doll Box,Toys (Consignment),ACTIVE_UNPUBLISHED,753,1799,379,1,0,0,"Wave 4 — needs reorder, older range"
2330,3555801287619,[3555801287619] Girls Light-Up Makeup Play Set - Model OFG247,Toys (Consignment),ACTIVE_UNPUBLISHED,753,1799,379,1,0,0,"Wave 4 — needs reorder, older range"
2331,1023853322024,0801 Underwear Pants,Clothing,NOT_IN_SHOPIFY,372,375,95,5,8,375,"Wave 2 — in stock, existing range"
2332,4001273021099,889-299 مطبخ استاند بالادوات 43ق اوف وايت*مينت,Toys,ACTIVE_UNPUBLISHED,104,975,280,1,0,0,"Wave 3 — needs reorder, new range"
2333,2071996793099,104 GAME FENCE,Toys (Consignment),NOT_IN_SHOPIFY,123,1360,378,1,0,0,"Wave 4 — needs reorder, older range"
2334,2071996792099,104 GAME FENCE,Toys (Consignment),NOT_IN_SHOPIFY,123,1360,378,1,0,0,"Wave 4 — needs reorder, older range"
2335,1071490407099,لوحه خشبيه تعليميه حيوانات المزرعه,Toys,ACTIVE_UNPUBLISHED,4,228,70,2,28,1820,"Wave 1 — in stock, new arrival"
2336,6223003245290,800 ml Tritan bottle Blue,School,ACTIVE_UNPUBLISHED,706,1025,376,5,-1,-105,"Wave 4 — needs reorder, older range"
2337,2025090102326,MY1832 BUSY BOOK,Toys (Consignment),ACTIVE_UNPUBLISHED,231,1660,376,2,0,0,"Wave 4 — needs reorder, older range"
2338,5702017415888,31135 Vintage Motorcycle V29,Toys,NOT_IN_SHOPIFY,751,1429,376,1,0,0,"Wave 4 — needs reorder, older range"
2339,2024030300679,[2024030300679] 3711-2A Remote Control Crocodile,Toys (Consignment),NOT_IN_SHOPIFY,575,1785,376,1,0,0,"Wave 4 — needs reorder, older range"
2340,4001513117099,[4001513117099] Toddler Girls Shaped Bracelet,Various,NOT_IN_SHOPIFY,215,176,94,4,18,270,"Wave 2 — in stock, existing range"
2341,1003971460099,300 Baby Blanket,Baby Essentials,ACTIVE_UNPUBLISHED,120,850,278,2,0,0,"Wave 3 — needs reorder, new range"
2342,1014896970099,8920B/18'Evade glue dolls 6 assorted,Toys (Consignment),NOT_IN_SHOPIFY,687,1350,375,1,0,0,"Wave 4 — needs reorder, older range"
2343,6940176632824,[6940176632824] Girls Makeup Pretend Play Set,Toys (Consignment),NOT_IN_SHOPIFY,753,445,94,1,1,297,"Wave 2 — in stock, existing range"
2344,1071725480099,Maltose - Slow Rising - Rebound Sugar Ice Cube Bubbles Shining Mixed color CDU 12PCS,Toys,NOT_IN_SHOPIFY,43,900,276,6,0,0,"Wave 3 — needs reorder, new range"
2345,1073785727003,62 Pajama,Clothing,NOT_IN_SHOPIFY,92,364,69,1,2,500,"Wave 1 — in stock, new arrival"
2346,1071424197099,[1071424197099] Kids Large Gift Bag - Dark & Natural,Various,NOT_IN_SHOPIFY,447,290,93,7,35,805,"Wave 2 — in stock, existing range"
2347,4002125528099,GK6086-6071 زمزميه شاليموه Kuromi موف,School,ACTIVE_UNPUBLISHED,50,750,276,3,0,0,"Wave 3 — needs reorder, new range"
2348,4002125525099,GK6086-6071 زمزميه شاليموه Cinnamoroll زهري,School,ACTIVE_UNPUBLISHED,50,750,276,3,0,0,"Wave 3 — needs reorder, new range"
2349,4000191208099,C234 Lolly Tic Tac,Various,ACTIVE_UNPUBLISHED,253,170,93,2,30,840,"Wave 2 — in stock, existing range"
2350,4000191260099,232 Hair Clip Mini,Various,NOT_IN_SHOPIFY,253,170,93,2,39,1092,"Wave 2 — in stock, existing range"
2351,1074197260005,4410 Short,Clothing,NOT_IN_SHOPIFY,95,465,69,1,5,1695,"Wave 1 — in stock, new arrival"
2352,1074197265006,4410 Short,Clothing,NOT_IN_SHOPIFY,95,465,69,1,10,3390,"Wave 1 — in stock, new arrival"
2353,1053810612099,Multicolor Shell Bracelet,Various,NOT_IN_SHOPIFY,701,220,93,2,22,1100,"Wave 2 — in stock, existing range"
2354,4000191678099,Girls Hair Elastic,Various,NOT_IN_SHOPIFY,559,172,93,5,32,368,"Wave 2 — in stock, existing range"
2355,1003995482013,110200 Boxer,Clothing,NOT_IN_SHOPIFY,329,395,93,2,2,277,"Wave 2 — in stock, existing range"
2356,1060154294099,BCT-1-Pencil Case,School,ACTIVE_UNPUBLISHED,109,826,275,5,0,0,"Wave 3 — needs reorder, new range"
2357,4001556103099,[40015-342] Girls Hair Elastic 2x1,Clothing,NOT_IN_SHOPIFY,225,174,93,3,3,60,"Wave 2 — in stock, existing range"
2358,4001583953099,93-207 مشبك دهبي ,Clothing,NOT_IN_SHOPIFY,134,174,93,3,21,420,"Wave 2 — in stock, existing range"
2359,1004452749099,GB5405TB-Backpack + Lunch Bag,School,NOT_IN_SHOPIFY,222,3500,370,1,0,0,"Wave 4 — needs reorder, older range"
2360,2075354726099,5009-  Stitch Lunch Bag  zipper YKK,School (Consignment),ACTIVE_UNPUBLISHED,44,3110,69,4,1,665,"Wave 1 — in stock, new arrival"
2361,1043615636099,1564 Sortit,Various,NOT_IN_SHOPIFY,113,135,68,1,5,250,"Wave 1 — in stock, new arrival"
2362,4000191229099,C135 Bow Hair Clip,Various,NOT_IN_SHOPIFY,253,165,92,3,6,105,"Wave 2 — in stock, existing range"
2363,1023278610032,Sneakers,Clothing,NOT_IN_SHOPIFY,756,1100,368,1,0,0,"Wave 4 — needs reorder, older range"
2364,8712581547134,[8712581547134] Philips Shrink AAA Batteries 2-Pack,Toys,NOT_IN_SHOPIFY,751,245,92,7,47,825,"Wave 2 — in stock, existing range"
2365,1060150451099,MD-344 MICHAEL 6pcs 6 Fluorescent Colors Set / Stand,Toys,NOT_IN_SHOPIFY,463,262,92,2,1,69,"Wave 2 — in stock, existing range"
2366,1023844783006,0563 Pantie,Clothing,NOT_IN_SHOPIFY,725,360,92,2,30,3363,"Wave 2 — in stock, existing range"
2367,5900511108156,[10331-10815] Puzzle 1000 Pieces,Toys (Consignment),ACTIVE_UNPUBLISHED,330,1398,366,2,0,0,"Wave 4 — needs reorder, older range"
2368,4000886935099,1-116 Crossbody bag - pink,School,NOT_IN_SHOPIFY,98,565,271,1,0,0,"Wave 3 — needs reorder, new range"
2369,1014896760099,[1014896760099] Toy Diecast Cars Display Set 12 Pieces - 977-1,Toys (Consignment),NOT_IN_SHOPIFY,687,330,91,2,6,595,"Wave 2 — in stock, existing range"
2370,2056656881010,"""Explore The Outdoors"" Short-Sleeved T-Shirt",Clothing,NOT_IN_SHOPIFY,756,399,91,1,1,259,"Wave 2 — in stock, existing range"
2371,1013646782006, 7419 Pajama,Clothing,NOT_IN_SHOPIFY,95,606,67,1,2,929,"Wave 1 — in stock, new arrival"
2372,6222360778061,8061-طقم نظافة ومكنسة,Toys (Consignment),ACTIVE_UNPUBLISHED,126,1600,364,1,0,0,"Wave 4 — needs reorder, older range"
2373,4893993008667,18-21094 -1:24 Collection (A) w/o stand - Lamborghini Terzo Millennio,Toys (Consignment),ACTIVE_UNPUBLISHED,237,1600,363,1,0,0,"Wave 4 — needs reorder, older range"
2374,4892401088352,[4892401088352] Playgo Kids Clay Jurassic World Set,Toys (Consignment),ACTIVE_UNPUBLISHED,580,1600,363,2,0,0,"Wave 4 — needs reorder, older range"
2375,2073891462099,[20738-HE0113] HE0113 Baby Early Learning Teether & Rattle Set (8 Pieces),Toys (Consignment),ACTIVE_UNPUBLISHED,272,1596,363,4,0,0,"Wave 4 — needs reorder, older range"
2376,9781835441572,On the Farm,Various (Consignment),ACTIVE_UNPUBLISHED,25,1389,268,2,0,0,"Wave 3 — needs reorder, new range"
2377,9781503763616,QIP PAW Patrol,Various (Consignment),ACTIVE_UNPUBLISHED,141,1591,361,1,0,0,"Wave 4 — needs reorder, older range"
2378,2073812188099,CY180-5-جراج سيارات كارز مليء بالتجارب الممتعة (49 قطعة),Toys (Consignment),ACTIVE_UNPUBLISHED,27,1178,268,2,0,0,"Wave 3 — needs reorder, new range"
2379,1060852332099,m217 Baby diaper,Baby Essentials,ACTIVE_UNPUBLISHED,725,636,360,4,0,0,"Wave 4 — needs reorder, older range"
2380,000228200008,22820- Socks ,Clothing (Consignment),NOT_IN_SHOPIFY,391,396,90,4,74,4762,"Wave 2 — in stock, existing range"
2381,4001550350099,[4001550350099] Girls Plastic Hair Ties Set,Clothing,NOT_IN_SHOPIFY,484,176,90,4,6,96,"Wave 2 — in stock, existing range"
2382,1043684511099,Kids Sunglasses 207,Various,NOT_IN_SHOPIFY,638,205,90,1,2,180,"Wave 2 — in stock, existing range"
2383,1043684547099,Kids Girls Sunglasses 216,Various,NOT_IN_SHOPIFY,638,205,90,1,3,270,"Wave 2 — in stock, existing range"
2384,1043678544099,N137 Sunglasses,Clothing,NOT_IN_SHOPIFY,453,205,90,1,25,2250,"Wave 2 — in stock, existing range"
2385,1043684531099,Kids Girls Sunglasses 168,Various,NOT_IN_SHOPIFY,638,205,90,1,6,540,"Wave 2 — in stock, existing range"
2386,6222049727135,182500-P103-SSC25 Love Your Self Pencil case Bag1,School (Consignment),ACTIVE_UNPUBLISHED,35,1737,266,3,0,0,"Wave 3 — needs reorder, new range"
2387,2763644000000,868-112 طقم مونكير و اظافر  و اكسسوار,Toys (Consignment),NOT_IN_SHOPIFY,96,1170,266,2,0,0,"Wave 3 — needs reorder, new range"
2388,1052898295099,991 -15-inch Backpack - Purple/Purple - F-Z,School,ACTIVE_UNPUBLISHED,34,1500,266,1,0,0,"Wave 3 — needs reorder, new range"
2389,1052898278099,991 -15-inch Backpack - Red/Navy - Sonic,School,ACTIVE_UNPUBLISHED,34,1500,266,1,0,0,"Wave 3 — needs reorder, new range"
2390,2073683656099,ZT-YN612P Baby car rabbit twist car without lights music ordinary wheel,Toys (Consignment),ACTIVE_UNPUBLISHED,18,1500,266,1,0,0,"Wave 3 — needs reorder, new range"
2391,2073683655099,ZT-YN612P Baby car rabbit twist car without lights music ordinary wheel,Toys (Consignment),ACTIVE_UNPUBLISHED,18,1500,266,1,0,0,"Wave 3 — needs reorder, new range"
2392,1052898297099,991 -15-inch Backpack - Pink/Purple - M-M,School,ACTIVE_UNPUBLISHED,34,1500,266,1,0,0,"Wave 3 — needs reorder, new range"
2393,1052898289099,991 -15-inch Backpack - Pink/Purple - P-R,School,ACTIVE_UNPUBLISHED,34,1500,266,1,0,0,"Wave 3 — needs reorder, new range"
2394,2073683650099,ZT-ZD603 Children's scooter flash silent big wheel with seat light music stroller,Toys (Consignment),ACTIVE_UNPUBLISHED,18,1500,266,1,0,0,"Wave 3 — needs reorder, new range"
2395,1044885661099,1002113 Diaper Bag Premium Max Plus - Beige,Baby Essentials,ACTIVE_UNPUBLISHED,187,1435,359,1,0,0,"Wave 4 — needs reorder, older range"
2396,4001052061099,23-4 Phosphorescent Hand Ball,Toys,NOT_IN_SHOPIFY,448,250,89,2,7,455,"Wave 2 — in stock, existing range"
2397,6930751306165,46800-R/C 1:24 AUDI R8,Toys,ACTIVE_UNPUBLISHED,741,1279,357,1,0,0,"Wave 4 — needs reorder, older range"
2398,1043615664099,1469 Sortit,Various,NOT_IN_SHOPIFY,113,130,66,2,2,48,"Wave 1 — in stock, new arrival"
2399,4001273006099,A3309 طقم شخصيات بالقنار P-T,Toys,ACTIVE_UNPUBLISHED,104,750,264,2,0,0,"Wave 3 — needs reorder, new range"
2400,2056696116004, 23884 Girls Skirt,Clothing,ACTIVE_UNPUBLISHED,166,1173,89,2,7,3290,"Wave 2 — in stock, existing range"
2401,5702018034071,21583 STEVE'S TAIGA ADVENTURE V29,Toys,ACTIVE_UNPUBLISHED,35,999,263,1,0,0,"Wave 3 — needs reorder, new range"
2402,6957715115861,[10331-3719-1A] Remote Control Dinosaur,Toys (Consignment),ACTIVE_UNPUBLISHED,168,1685,355,1,0,0,"Wave 4 — needs reorder, older range"
2403,1060154324099,016-Pencil Case,School,ACTIVE_UNPUBLISHED,109,784,263,5,0,0,"Wave 3 — needs reorder, new range"
2404,1060154319099,016-Pencil Case,School,ACTIVE_UNPUBLISHED,109,784,263,5,0,0,"Wave 3 — needs reorder, new range"
2405,2025090103842,K44 R/C FLASH CARD ROBOT WITH USB BATTERY,Toys (Consignment),ACTIVE_UNPUBLISHED,222,1683,354,1,0,0,"Wave 4 — needs reorder, older range"
2406,2025070100946,889-258 43PCS 63CM KITCHEN SET WITH LIGHT AND WATER(WITHOUT BATTERY),Toys (Consignment),ACTIVE_UNPUBLISHED,64,1245,262,1,0,0,"Wave 3 — needs reorder, new range"
2407,2025121151859,0857-1171 فرو يوني كورن حشو 55 سم,Toys (Consignment),ACTIVE_UNPUBLISHED,100,1245,262,1,0,0,"Wave 3 — needs reorder, new range"
2408,1043686926099,Sortit Hair Accessories 34,Clothing,NOT_IN_SHOPIFY,190,192,88,4,9,180,"Wave 2 — in stock, existing range"
2409,1043679358099,1489 Scrunchie Hair Tie,Clothing,NOT_IN_SHOPIFY,173,192,88,4,6,120,"Wave 2 — in stock, existing range"
2410,4000191258099,c242 Metal Barrette Lolly,Various,NOT_IN_SHOPIFY,253,160,88,4,1,13,"Wave 2 — in stock, existing range"
2411,1071492046099,[10714-5737L] D-N Gift Bag Large,Various,NOT_IN_SHOPIFY,224,300,88,5,16,559,"Wave 2 — in stock, existing range"
2412,8364217982666,[20036-2300/2025] 3-in-1 Stroller 2300/2025,Toys (Consignment),ACTIVE_UNPUBLISHED,299,2200,353,1,0,0,"Wave 4 — needs reorder, older range"
2413,1004475805099,Helium XL,Services,NOT_IN_SHOPIFY,751,180,88,1,270,18811,"Wave 2 — in stock, existing range"
2414,1023891520012,0662 Boxer Shorts Pack Of 2,Clothing,NOT_IN_SHOPIFY,146,350,88,2,4,438,"Wave 2 — in stock, existing range"
2415,1023891524012,0663 Boxer Shorts Pack Of 2,Clothing,NOT_IN_SHOPIFY,146,350,88,2,3,328,"Wave 2 — in stock, existing range"
2416,2079096000001,XG1-19A طقم تيفال 10 ق + جوانتي مطبخ,Toys (Consignment),ACTIVE_UNPUBLISHED,96,1150,261,2,0,0,"Wave 3 — needs reorder, new range"
2417,3034836000009,CY076-USB مسدس ماء مع بطارية وكابل,Toys (Consignment),ACTIVE_UNPUBLISHED,96,1150,261,1,0,0,"Wave 3 — needs reorder, new range"
2418,4001590709099,3061 Sortit Loli,Clothing,NOT_IN_SHOPIFY,117,120,65,2,4,80,"Wave 1 — in stock, new arrival"
2419,4000182669099,564 مشبك فيونكه دانتيل,Clothing,NOT_IN_SHOPIFY,33,120,65,2,34,680,"Wave 1 — in stock, new arrival"
2420,10504400,MAINTENANCE,Services,NOT_IN_SHOPIFY,710,400,351,1,0,0,"Wave 4 — needs reorder, older range"
2421,2073735883099,Coloring Booklet,Various (Consignment),NOT_IN_SHOPIFY,127,385,87,7,43,1537,"Wave 2 — in stock, existing range"
2422,2062598264099,لوحه مهام - سوبر هيرو,School (Consignment),ACTIVE_UNPUBLISHED,22,1140,259,6,0,0,"Wave 3 — needs reorder, new range"
2423,1023889647008,0600 Boxer,Clothing,ACTIVE_UNPUBLISHED,704,429,87,7,25,1032,"Wave 2 — in stock, existing range"
2424,6920251125151,[10148-7301] 7301 Baby Piano Toy +6M,Toys (Consignment),ACTIVE_UNPUBLISHED,172,1255,348,1,0,0,"Wave 4 — needs reorder, older range"
2425,4002148546099,نيم كارت بينك HK ,Various,ACTIVE_UNPUBLISHED,52,594,258,12,0,0,"Wave 3 — needs reorder, new range"
2426,8693830017335,[1733] Fun Balls 7cm 100 Pcs In A Bag,Toys,ACTIVE_UNPUBLISHED,483,1200,347,1,0,0,"Wave 4 — needs reorder, older range"
2427,1070064132099,[1070064132099] Battery 6/4,Various,NOT_IN_SHOPIFY,662,1125,87,3,1,300,"Wave 2 — in stock, existing range"
2428,6223007320948,Nilco Card Games â€“ Fast Flip,Toys (Consignment),NOT_IN_SHOPIFY,756,490,87,2,7,1200,"Wave 2 — in stock, existing range"
2429,2066251271099,[2066251271099] Girls Coloring Book,Various (Consignment),NOT_IN_SHOPIFY,751,332,87,4,20,1020,"Wave 2 — in stock, existing range"
2430,2073995870099,اسكوتر اطفال بالكرسي,Toys (Consignment),NOT_IN_SHOPIFY,33,1450,257,1,0,0,"Wave 3 — needs reorder, new range"
2431,7493244134502,681 Creative Animals Puzzle 198pcs,Toys (Consignment),ACTIVE_UNPUBLISHED,208,1249,346,1,0,0,"Wave 4 — needs reorder, older range"
2432,1030952847099,17422-Munchkin - Miracle 360 WildLove Sippy Cup 1pc 9oz - Fox,Various,ACTIVE_UNPUBLISHED,260,1105,346,1,0,0,"Wave 4 — needs reorder, older range"
2433,205669711003M,23920 Girls T-Shirt,Clothing,ACTIVE_UNPUBLISHED,75,472,64,1,8,2800,"Wave 1 — in stock, new arrival"
2434,3504105024932,VITAMIN BARRIER CREAM 100 ML,Baby Essentials,ACTIVE_UNPUBLISHED,124,2097,344,3,0,0,"Wave 4 — needs reorder, older range"
2435,1043672694099,N222 boys sunglasses,Clothing,NOT_IN_SHOPIFY,127,195,86,1,2,170,"Wave 2 — in stock, existing range"
2436,1043684543099,Kids Girls Sunglasses 205,Various,NOT_IN_SHOPIFY,638,195,86,1,26,2210,"Wave 2 — in stock, existing range"
2437,2405432000006,868-111 طقم زينه و غوايش,Toys (Consignment),ACTIVE_UNPUBLISHED,96,1320,255,2,0,0,"Wave 3 — needs reorder, new range"
2438,4001564854099,3594 Acrylic Hair Clip,Various,NOT_IN_SHOPIFY,321,160,86,3,33,594,"Wave 2 — in stock, existing range"
2439,1066648676099,722436  Lunch Bag Mini Design,School,ACTIVE_UNPUBLISHED,49,1259,254,1,0,0,"Wave 3 — needs reorder, new range"
2440,6920250106687,V21-6A WATER BALLOONS 222 PIC,Toys,NOT_IN_SHOPIFY,476,240,86,1,3,375,"Wave 2 — in stock, existing range"
2441,1053178570099,[10531-5857/41482-2] Snack Attack Duo Lunch Box 975ml - Blue,Various,NOT_IN_SHOPIFY,351,450,85,1,3,928,"Wave 2 — in stock, existing range"
2442,8005125178353,17835HERO & PRINCESS PLAYSET,Toys (Consignment),ACTIVE_UNPUBLISHED,237,1500,341,1,0,0,"Wave 4 — needs reorder, older range"
2443,1014892547099,[10148-FN258-1] FN258 8-Direction Smoking RC Toy Car 2 Colors - Red,Toys (Consignment),NOT_IN_SHOPIFY,433,1225,341,1,0,0,"Wave 4 — needs reorder, older range"
2444,1071495845099,160 استاند اسكوشي ورد ICE CUBE 12*1,Toys,NOT_IN_SHOPIFY,57,1000,252,5,0,0,"Wave 3 — needs reorder, new range"
2445,4041485310587,31058 R-301 Blue Ballpoint Pen 0.7mm (Transparent Orange Body),School (Consignment),NOT_IN_SHOPIFY,532,325,85,25,136,1088,"Wave 2 — in stock, existing range"
2446,1071471051099,200-20 بوكس هدايا قلب لامع ك رقم 1,Toys,NOT_IN_SHOPIFY,60,220,63,1,2,260,"Wave 1 — in stock, new arrival"
2447,4001837921099,MBK-529 Ultimate Nail Spa,Toys,ACTIVE_UNPUBLISHED,321,1100,340,1,0,0,"Wave 4 — needs reorder, older range"
2448,1023858766008,0550 Pantie,Clothing,NOT_IN_SHOPIFY,578,380,85,6,16,671,"Wave 2 — in stock, existing range"
2449,4041485487913,Eraser White Space,School (Consignment),NOT_IN_SHOPIFY,532,316,85,4,13,624,"Wave 2 — in stock, existing range"
2450,2073082443099,BBC-Y66 طيارة ريموت,Toys (Consignment),ACTIVE_UNPUBLISHED,99,1620,251,1,0,0,"Wave 3 — needs reorder, new range"
2451,1065895748099,[1065895748099] M944 Baby Rubber Knee Pad - Yellow Lion,Baby Essentials,ACTIVE_UNPUBLISHED,727,162,85,2,1,28,"Wave 2 — in stock, existing range"
2452,2071996753099,B-H-145 PU BABY POTTY,Baby Essentials (Consignment),NOT_IN_SHOPIFY,123,1490,338,1,0,0,"Wave 4 — needs reorder, older range"
2453,1052591375004,100100921 Swim Robe,Clothing,ACTIVE_UNPUBLISHED,301,1040,338,1,0,0,"Wave 4 — needs reorder, older range"
2454,1052563647004,100100897 BEST Sound Swim Robe,Clothing,ACTIVE_UNPUBLISHED,259,1040,338,1,0,0,"Wave 4 — needs reorder, older range"
2455,4041485617235,Sticky Note Lined Fluorescent Colors 125*75mm - 100 Sheets,School (Consignment),NOT_IN_SHOPIFY,532,304,84,3,1,61,"Wave 2 — in stock, existing range"
2456,1036291504006,5503 Colorful Panties (Pack Of 3),Clothing,NOT_IN_SHOPIFY,355,183,84,1,21,1607,"Wave 2 — in stock, existing range"
2457,1044854875099,1002104 Premium Diaper Bag - Navy Linen Fabric with Havana Leather,Baby Essentials,ACTIVE_UNPUBLISHED,751,1325,336,1,0,0,"Wave 4 — needs reorder, older range"
2458,1069750338099,[1069750338099] Girls Hair Sortie Set,Clothing,NOT_IN_SHOPIFY,523,150,84,3,5,80,"Wave 2 — in stock, existing range"
2459,1053848935099,Jamaica Bracelets,Adults,NOT_IN_SHOPIFY,751,198,84,2,1,45,"Wave 2 — in stock, existing range"
2460,4001574000099,[4001574000099] Kids Ring 10 - Assorted (6pc),Various,NOT_IN_SHOPIFY,502,150,84,5,11,106,"Wave 2 — in stock, existing range"
2461,4001537167099,142 مشبك اشكال,Various,NOT_IN_SHOPIFY,131,150,84,3,6,96,"Wave 2 — in stock, existing range"
2462,4000191267099,233 Hair Clip Bow,Various,NOT_IN_SHOPIFY,253,150,84,3,7,112,"Wave 2 — in stock, existing range"
2463,4000175994099,360 Hair Clip Set Alo,Clothing,NOT_IN_SHOPIFY,183,150,84,3,9,144,"Wave 2 — in stock, existing range"
2464,6920250631033,SE2837 Trick wet helmet,Toys (Consignment),NOT_IN_SHOPIFY,333,392,83,1,4,1040,"Wave 2 — in stock, existing range"
2465,4001273024099,678-5A طقم مطبخ استاند بالادوات50ق ابيض*مينت,Toys,ACTIVE_UNPUBLISHED,104,850,246,1,0,0,"Wave 3 — needs reorder, new range"
2466,5702017416168,10982 Fruit and Vegetable Tractor V29,Toys,ACTIVE_UNPUBLISHED,751,1549,331,1,0,0,"Wave 4 — needs reorder, older range"
2467,1069214860099,B02695AN-828 ML-Purple Cool Gear Water Bottle ,School,ACTIVE_UNPUBLISHED,750,1137,330,3,0,0,"Wave 4 — needs reorder, older range"
2468,1054485713012,8992 Dress,Clothing,ACTIVE_UNPUBLISHED,91,755,244,1,0,0,"Wave 3 — needs reorder, new range"
2469,1043672705099,N233 Girls Sunglasses,Clothing,NOT_IN_SHOPIFY,127,185,82,1,27,2160,"Wave 2 — in stock, existing range"
2470,1023290875028,1033 Slippers,Clothing,NOT_IN_SHOPIFY,498,348,82,1,1,224,"Wave 2 — in stock, existing range"
2471,6973049411110,SE2754 STRAWBERRY BEAR 33 HOLE BUBBLE GUN,Toys (Consignment),ACTIVE_UNPUBLISHED,231,1180,327,1,0,0,"Wave 4 — needs reorder, older range"
2472,4001590686099,416 Sortit Craze,Clothing,NOT_IN_SHOPIFY,117,110,60,2,6,108,"Wave 1 — in stock, new arrival"
2473,4001590680099,328 Buckle - Kitty,Clothing,NOT_IN_SHOPIFY,117,110,60,2,13,234,"Wave 1 — in stock, new arrival"
2474,4001590700099,66 Bow clip - p,Clothing,NOT_IN_SHOPIFY,117,110,60,2,3,54,"Wave 1 — in stock, new arrival"
2475,4001514261099,[4001514261099] Kids Girls Plain Hair Ties Set,Various,NOT_IN_SHOPIFY,326,150,82,5,5,50,"Wave 2 — in stock, existing range"
2476,2058079278099,6813 BABY POTTY(2 COLOR MIXED),Toys (Consignment),ACTIVE_UNPUBLISHED,64,1145,241,1,0,0,"Wave 3 — needs reorder, new range"
2477,000228170012,22817- Socks ,Clothing (Consignment),NOT_IN_SHOPIFY,391,386,81,4,71,4569,"Wave 2 — in stock, existing range"
2478,1064348562099, 200 Poncho B-M,Clothing,ACTIVE_UNPUBLISHED,111,615,239,1,-1,-300,"Wave 3 — needs reorder, new range"
2479,1053810606099,Gold Necklace Set,Various,NOT_IN_SHOPIFY,701,190,81,1,4,344,"Wave 2 — in stock, existing range"
2480,1043679369099,799 Hair Tie,Clothing,NOT_IN_SHOPIFY,173,174,81,3,1,24,"Wave 2 — in stock, existing range"
2481,1043679382099,1556 Necklace Gwisha,Clothing,NOT_IN_SHOPIFY,173,174,81,3,1,24,"Wave 2 — in stock, existing range"
2482,6920882570191,HT-373 CAR TOYS,Toys (Consignment),NOT_IN_SHOPIFY,470,290,80,2,32,2784,"Wave 2 — in stock, existing range"
2483,4000169594099,486 Girls' hair elastic,Clothing,NOT_IN_SHOPIFY,76,110,60,2,18,333,"Wave 1 — in stock, new arrival"
2484,1023844782004,0563 Pantie,Clothing,NOT_IN_SHOPIFY,725,360,80,2,6,706,"Wave 2 — in stock, existing range"
2485,4002125537099,7080 بلانشيطه بلاستيك Kuromi,School,ACTIVE_UNPUBLISHED,50,639,238,8,0,0,"Wave 3 — needs reorder, new range"
2486,205669616106M,23909 BOYS Outfit Set,Clothing,ACTIVE_UNPUBLISHED,162,2760,321,3,0,0,"Wave 4 — needs reorder, older range"
2487,4000185309099,561 - Stitch 3D Backpack - Baby Blue,Various,ACTIVE_UNPUBLISHED,176,650,320,1,0,0,"Wave 4 — needs reorder, older range"
2488,4000185258099,564- Backpack Labubu - Pink,Various,ACTIVE_UNPUBLISHED,176,650,320,1,0,0,"Wave 4 — needs reorder, older range"
2489,1023844816010,[1023844816010] Boys Cotton Half-Sleeve Undershirt - White ,Clothing,ACTIVE_UNPUBLISHED,725,495,80,6,146,8618,"Wave 2 — in stock, existing range"
2490,5702018032039,10477 3 IN 1 CREATIVE CUTE PETS V29,Toys,ACTIVE_UNPUBLISHED,35,899,237,1,0,0,"Wave 3 — needs reorder, new range"
2491,1060154310099,BCT-1-Pencil Case,School,ACTIVE_UNPUBLISHED,109,680,236,4,0,0,"Wave 3 — needs reorder, new range"
2492,1033192146099,1893-38 شخصيه عائله ميكي علبه,Toys (Consignment),ACTIVE_UNPUBLISHED,74,1200,236,5,0,0,"Wave 3 — needs reorder, new range"
2493,9781913110932,403 Disney Learning F-Z Get ready for School 3+,Various (Consignment),NOT_IN_SHOPIFY,621,450,80,1,3,945,"Wave 2 — in stock, existing range"
2494,4000714934099,999-9 حصاله بصمه C-A,Toys,ACTIVE_UNPUBLISHED,97,600,236,1,0,0,"Wave 3 — needs reorder, new range"
2495,4000714932099,999-4 حصاله بصمه STITCH,Toys,ACTIVE_UNPUBLISHED,97,600,236,1,0,0,"Wave 3 — needs reorder, new range"
2496,6920240618459,88661/puzzle 230pcs,Toys (Consignment),NOT_IN_SHOPIFY,687,288,80,1,3,519,"Wave 2 — in stock, existing range"
2497,4000175969099,300 Zigzag Sortit,Clothing,NOT_IN_SHOPIFY,183,150,80,2,2,52,"Wave 2 — in stock, existing range"
2498,0090159315193,315191:25 SP. ED. - Lamborghini Urus,Toys (Consignment),ACTIVE_UNPUBLISHED,237,1400,318,1,0,0,"Wave 4 — needs reorder, older range"
2499,0090159319269,31926-1:24 SP. ED. (A) - Volkswagen Beetle,Toys (Consignment),ACTIVE_UNPUBLISHED,237,1400,318,1,0,0,"Wave 4 — needs reorder, older range"
2500,1062497545024,Hy 075 Romper,Clothing,ACTIVE_UNPUBLISHED,126,1131,317,3,0,0,"Wave 4 — needs reorder, older range"
2501,0794866034315,Stephen Joseph Lunch Bag (Mermaid),School,ACTIVE_UNPUBLISHED,742,1030,316,1,0,0,"Wave 4 — needs reorder, older range"
2502,8075400106128,DHOBB10612 B/O Bubble Friends Dog,Toys (Consignment),NOT_IN_SHOPIFY,567,375,79,1,3,750,"Wave 2 — in stock, existing range"
2503,1023835811010,2470 Short-Sleeved Undershirt,Clothing,NOT_IN_SHOPIFY,364,90,79,1,68,0,"Wave 2 — in stock, existing range"
2504,1049850398035,6015 Sneakers,Clothing,NOT_IN_SHOPIFY,379,960,316,1,0,0,"Wave 4 — needs reorder, older range"
2505,1003910272011,110200 Boxer,Clothing,NOT_IN_SHOPIFY,691,390,79,2,7,921,"Wave 2 — in stock, existing range"
2506,4001537617099,[4001537617099] Kids Silicone Scrunchie TK - Size 2,Various,NOT_IN_SHOPIFY,421,140,79,4,17,187,"Wave 2 — in stock, existing range"
2507,1060154183099,YCBW-661-Stainless Steel Water Bottle,School,ACTIVE_UNPUBLISHED,109,665,233,1,0,0,"Wave 3 — needs reorder, new range"
2508,6938242960698,M38-B1199-424PCS SPACE - DREAM LAUNCH CENTER,Toys (Consignment),ACTIVE_UNPUBLISHED,321,1495,315,1,0,0,"Wave 4 — needs reorder, older range"
2509,4000880433099,[4000880433099] Kids Transparent Backpack - Fuchsia,School,NOT_IN_SHOPIFY,553,560,314,1,0,0,"Wave 4 — needs reorder, older range"
2510,4000880431099,[4000880431099] Kids Transparent Backpack - Salmon,School,NOT_IN_SHOPIFY,553,560,314,1,0,0,"Wave 4 — needs reorder, older range"
2511,1043672704099,N234 Kids Girls Sunglasses,Clothing,NOT_IN_SHOPIFY,127,175,79,1,25,1875,"Wave 2 — in stock, existing range"
2512,1033167894099,[1033167894099] 5588-642-2 Beach Buggy RC Stunt Car - Red,Toys (Consignment),ACTIVE_UNPUBLISHED,575,1485,313,1,0,0,"Wave 4 — needs reorder, older range"
2513,1067592648099,Nursing Pillow - Jungle Animals Cafe,Baby Essentials,ACTIVE_UNPUBLISHED,202,1120,312,2,0,0,"Wave 4 — needs reorder, older range"
2514,1070064129099,[1070064129099] Hoverboard Charger,Various,NOT_IN_SHOPIFY,662,1115,78,2,2,900,"Wave 2 — in stock, existing range"
2515,4041485336150,33615 Plastic Sharpener with Container 3-Touch,School (Consignment),NOT_IN_SHOPIFY,532,282,78,3,30,1695,"Wave 2 — in stock, existing range"
2516,4001224741099,864867 Arts & Crafts Set - Hair Accessories & Machine P-R,Toys,ACTIVE_UNPUBLISHED,250,850,311,1,0,0,"Wave 4 — needs reorder, older range"
2517,1060154192099,621-1-Plastic Water Bottle,School,ACTIVE_UNPUBLISHED,109,712,229,2,0,0,"Wave 3 — needs reorder, new range"
2518,1071491592099,[10714-13-53-1] Plush Teddy Bear Beige with Bow 1m - Olive,Toys,ACTIVE_UNPUBLISHED,294,1350,309,1,0,0,"Wave 4 — needs reorder, older range"
2519,205669616003M,23909 BOYS Outfit Set,Clothing,ACTIVE_UNPUBLISHED,162,1150,309,1,0,0,"Wave 4 — needs reorder, older range"
2520,8075400105916,DHTRC10591\City Service R/C Fire Truck,Toys (Consignment),ACTIVE_UNPUBLISHED,690,1465,308,1,0,0,"Wave 4 — needs reorder, older range"
2521,8075400105909,DHTRC10590\City Service R/C Trash Truck,Toys (Consignment),ACTIVE_UNPUBLISHED,690,1465,308,1,0,0,"Wave 4 — needs reorder, older range"
2522,1052883609099,301 Lunch Bag + Pencil Case - Maroon/Navy - B-M+S-M,School,ACTIVE_UNPUBLISHED,20,1606,228,2,0,0,"Wave 3 — needs reorder, new range"
2523,2056659698003,Sleeveless Dress,Adults,NOT_IN_SHOPIFY,693,399,308,1,0,0,"Wave 4 — needs reorder, older range"
2524,2056697064010,19452 Boys Shirt,Clothing,ACTIVE_UNPUBLISHED,92,920,57,1,7,5250,"Wave 1 — in stock, new arrival"
2525,2073085642099,2962 طيارة بالريموت بالصوت و النور,Toys (Consignment),ACTIVE_UNPUBLISHED,43,1000,227,1,0,0,"Wave 3 — needs reorder, new range"
2526,4892401090232,[4892401090232] Playgo Baby Tambourine,Toys (Consignment),ACTIVE_UNPUBLISHED,751,1350,307,3,0,0,"Wave 4 — needs reorder, older range"
2527,2073891628099,[20738-A-5S] A-5S Kids 4-Wheel Roller Skates with Training Cones - Black & White (Small),Toys (Consignment),ACTIVE_UNPUBLISHED,272,1349,306,1,0,0,"Wave 4 — needs reorder, older range"
2528,8693830019537,[1953] Shape Sorter Cube,Toys,ACTIVE_UNPUBLISHED,608,1058,306,2,0,0,"Wave 4 — needs reorder, older range"
2529,0194735277582,JCW42-Mattel Barbie Pop Star Doll,Toys,NOT_IN_SHOPIFY,429,995,305,1,0,0,"Wave 4 — needs reorder, older range"
2530,0194735120345,"HLW11-Mattel Disney Princess Belle Fashion Doll And Accessory, Toy Inspired By The Movie Beauty And The Beast",Toys,ACTIVE_UNPUBLISHED,419,995,305,1,0,0,"Wave 4 — needs reorder, older range"
2531,6937645545488,4548   BLOCKS/376PCS  COGO,Toys (Consignment),ACTIVE_UNPUBLISHED,655,1840,305,2,0,0,"Wave 4 — needs reorder, older range"
2532,1043615648099,1401 Sortit,Various,NOT_IN_SHOPIFY,113,110,56,2,2,40,"Wave 1 — in stock, new arrival"
2533,1043615646099,34 Sortit,Various,NOT_IN_SHOPIFY,113,110,56,2,30,600,"Wave 1 — in stock, new arrival"
2534,6920002695995,AST055 1: 18 Pagani five way remote control car (door,Toys (Consignment),ACTIVE_UNPUBLISHED,482,1100,305,1,0,0,"Wave 4 — needs reorder, older range"
2535,1060085366012,White Pantacourt Leggings,Clothing (Consignment),NOT_IN_SHOPIFY,756,210,76,1,3,324,"Wave 2 — in stock, existing range"
2536,1060085360014,Navy Pantacourt Leggings,Clothing (Consignment),NOT_IN_SHOPIFY,756,210,76,1,6,648,"Wave 2 — in stock, existing range"
2537,1060085367014,White Pantacourt Leggings,Clothing (Consignment),NOT_IN_SHOPIFY,756,210,76,1,2,216,"Wave 2 — in stock, existing range"
2538,1052864317099,993 18 Inches Backpack - Purple/Fuchsia - 3DLoL,School,ACTIVE_UNPUBLISHED,400,1715,304,1,0,0,"Wave 4 — needs reorder, older range"
2539,2025010105581,008-201 TOOLE SET WITH HAT,Toys (Consignment),ACTIVE_UNPUBLISHED,64,1652,225,1,0,0,"Wave 3 — needs reorder, new range"
2540,2025090100162,K999-313 SOOTHING BABY  SLEEP DEVICE,Toys (Consignment),ACTIVE_UNPUBLISHED,222,1335,304,1,0,0,"Wave 4 — needs reorder, older range"
2541,1003910288010,110200 Boxer,Clothing,NOT_IN_SHOPIFY,691,375,76,2,2,263,"Wave 2 — in stock, existing range"
2542,1043615628099,1546 Pence,Various,NOT_IN_SHOPIFY,113,105,56,3,5,60,"Wave 1 — in stock, new arrival"
2543,4001064854099,ME-189 chess game magntic 36pcs,Toys,NOT_IN_SHOPIFY,298,1200,303,2,0,0,"Wave 4 — needs reorder, older range"
2544,1052864484099,301 Lunch Bag + Pencil Case - Purple/Pink - Sweet Girl,School,ACTIVE_UNPUBLISHED,400,1690,302,2,0,0,"Wave 4 — needs reorder, older range"
2545,4002125536099,7082 بلانشيطه بلاستيك Cinnamoroll,School,ACTIVE_UNPUBLISHED,50,623,224,8,0,0,"Wave 3 — needs reorder, new range"
2546,4002125534099,7125 بلانشيطه بلاستيك Stitch,School,ACTIVE_UNPUBLISHED,50,623,224,8,0,0,"Wave 3 — needs reorder, new range"
2547,9780241342077,Pop-Up Peekaboo! Baby Dinosaur,Various (Consignment),ACTIVE_UNPUBLISHED,726,1330,302,2,0,0,"Wave 4 — needs reorder, older range"
2548,9780241680834,Pocket Pop-Up Peekaboo! Unicorn,Various (Consignment),ACTIVE_UNPUBLISHED,25,982,223,2,0,0,"Wave 3 — needs reorder, new range"
2549,1014178922028,028 Matte White Ballerina,Clothing,NOT_IN_SHOPIFY,96,540,223,1,0,0,"Wave 3 — needs reorder, new range"
2550,1071495858099,156  NEEDOH FUZZ BALL ازرق,Toys,ACTIVE_UNPUBLISHED,57,750,223,3,0,0,"Wave 3 — needs reorder, new range"
2551,1071417398099,[10714-493] Birthday Cake Candle 20cm,Various,NOT_IN_SHOPIFY,347,124,75,4,70,587,"Wave 2 — in stock, existing range"
2552,5019090110297,11029 Munchkin Miracle® 360° Sippy Cup 10 oz - Pink 12 months +,Baby Essentials,ACTIVE_UNPUBLISHED,378,960,301,1,0,0,"Wave 4 — needs reorder, older range"
2553,4000190324099,95 Hair Accessory - Butterfly Clip,Clothing,NOT_IN_SHOPIFY,377,133,75,2,1,21,"Wave 2 — in stock, existing range"
2554,6938242956301,M38-B0770 Girls Dreams-Wedding Room(398Pcs),Toys (Consignment),ACTIVE_UNPUBLISHED,751,1425,300,1,0,0,"Wave 4 — needs reorder, older range"
2555,1003995478009,110200 Boxer,Clothing,NOT_IN_SHOPIFY,329,360,75,2,4,526,"Wave 2 — in stock, existing range"
2556,1071493661099,[10714-854] Birthday Fork Bag 10x1 - Multicolor,Party,NOT_IN_SHOPIFY,137,270,75,9,35,630,"Wave 2 — in stock, existing range"
2557,0196566455900,SQHM00490 Jazwares Squishmallows -Green Platypus - Selassi ,Toys,NOT_IN_SHOPIFY,281,975,299,1,0,0,"Wave 4 — needs reorder, older range"
2558,6941607354063,43550 مرتبة 1.98م *74سم,Summer,ACTIVE_UNPUBLISHED,119,799,221,1,0,0,"Wave 3 — needs reorder, new range"
2559,1073616053003,15999 Gift clothes box,Clothing,ACTIVE_UNPUBLISHED,92,950,221,2,0,0,"Wave 3 — needs reorder, new range"
2560,1068353076035,W-2427 Half Boot,Clothing,NOT_IN_SHOPIFY,652,849,298,1,0,0,"Wave 4 — needs reorder, older range"
2561,4041485220329,22032 Set of 4 Ballpoint Pens 1.0mm R-301 - Blue (on Card),School (Consignment),NOT_IN_SHOPIFY,532,290,74,6,10,300,"Wave 2 — in stock, existing range"
2562,1014896792099,CY-7081B/Music trumpet music IC no include battery,Toys (Consignment),ACTIVE_UNPUBLISHED,687,1070,297,1,-1,-641,"Wave 4 — needs reorder, older range"
2563,4000169605099,468 Qafash K,Clothing,NOT_IN_SHOPIFY,76,405,220,9,0,0,"Wave 3 — needs reorder, new range"
2564,1071491323099,[10714-2517-7] FXY Football Stitched Ball,Toys,NOT_IN_SHOPIFY,328,250,74,1,1,145,"Wave 2 — in stock, existing range"
2565,1052885701099,3993 18-inch Trolley bag - Turquoise/Navy - Astronaut,School,ACTIVE_UNPUBLISHED,45,2223,220,1,0,0,"Wave 3 — needs reorder, new range"
2566,1052885679099,3993 18-inch Trolley bag - Purple/Purple - Barbie A Fairy,School,ACTIVE_UNPUBLISHED,45,2223,220,1,0,0,"Wave 3 — needs reorder, new range"
2567,4000190317099,49 Hair Accessory - Metal Pin,Clothing,ACTIVE_UNPUBLISHED,377,135,74,2,19,420,"Wave 2 — in stock, existing range"
2568,4836542218865,[4836542218865] Ninja Projector in Box,Toys (Consignment),ACTIVE_UNPUBLISHED,522,1075,297,1,0,0,"Wave 4 — needs reorder, older range"
2569,1043615619099,1483 Hair stick,Various,NOT_IN_SHOPIFY,113,108,55,4,3,30,"Wave 1 — in stock, new arrival"
2570,2073891522099,[20738-6391-1] 6391 Gesture Sensing RC Car 8 Directions 4WD with Lights Rechargeable - Red & Black,Toys (Consignment),ACTIVE_UNPUBLISHED,272,1299,295,1,0,0,"Wave 4 — needs reorder, older range"
2571,5060630048761,Mini Wet Detangler Hair Brush - Mint Pink,Various,ACTIVE_UNPUBLISHED,637,1680,295,3,0,0,"Wave 4 — needs reorder, older range"
2572,1033190288099,5588-614USB ريموت شقي,Toys (Consignment),ACTIVE_UNPUBLISHED,127,1399,295,1,0,0,"Wave 4 — needs reorder, older range"
2573,6622184829006,[6622184829006] Kiki Love Doll 2-Piece Horse and Carriage Set 88031,Toys (Consignment),ACTIVE_UNPUBLISHED,752,1062,294,1,0,0,"Wave 4 — needs reorder, older range"
2574,2025070100953,[2025070100953] Large Spray Coloring Art Set - Model PH-2,Toys (Consignment),ACTIVE_UNPUBLISHED,246,1398,294,2,0,0,"Wave 4 — needs reorder, older range"
2575,1071471027099,11-369 كتكوت كنيش بينك,Toys,ACTIVE_UNPUBLISHED,60,750,218,1,0,0,"Wave 3 — needs reorder, new range"
2576,1071471026099,11-369 كتكوت كنيش أصفر,Toys,ACTIVE_UNPUBLISHED,60,750,218,1,0,0,"Wave 3 — needs reorder, new range"
2577,4894692000068,[10331-B0006] B0006-A Beads Large Box Set,Toys (Consignment),ACTIVE_UNPUBLISHED,330,1395,294,1,0,0,"Wave 4 — needs reorder, older range"
2578,2024060100638,EODS628-30F-Frozen Projector Board,Toys (Consignment),ACTIVE_UNPUBLISHED,620,1395,294,1,0,0,"Wave 4 — needs reorder, older range"
2579,2024060100652,EODS628-27M-Mickey Mouse Stand Board,Toys (Consignment),ACTIVE_UNPUBLISHED,620,1395,294,1,0,0,"Wave 4 — needs reorder, older range"
2580,2024060100751,EODS-LT30-Lotso Projector Board,Toys (Consignment),NOT_IN_SHOPIFY,620,1395,294,1,0,0,"Wave 4 — needs reorder, older range"
2581,4001564865099,4014 Girls Hair Elastic,Various,NOT_IN_SHOPIFY,321,135,73,3,2,30,"Wave 2 — in stock, existing range"
2582,1003957874006,188 Onesie,Clothing,NOT_IN_SHOPIFY,579,770,293,1,0,0,"Wave 4 — needs reorder, older range"
2583,4000714918099,3355-1 استاند عربيه بوليس بطاريه صوت ونور 8*1,Toys,ACTIVE_UNPUBLISHED,97,675,217,3,0,0,"Wave 3 — needs reorder, new range"
2584,1003957877006,188 Onesie,Clothing,NOT_IN_SHOPIFY,579,770,292,1,0,0,"Wave 4 — needs reorder, older range"
2585,6222049758696,Pineapples and Ice Cream Double Face Tote Bag 19 L,Summer (Consignment),ACTIVE_UNPUBLISHED,138,1650,292,1,0,0,"Wave 4 — needs reorder, older range"
2586,1023850786010,0664 Boxer Shorts Pack Of 2,Clothing,NOT_IN_SHOPIFY,553,332,73,2,13,1457,"Wave 2 — in stock, existing range"
2587,1054445893099, 8936 Baby Port,Clothing,ACTIVE_UNPUBLISHED,166,906,291,1,0,0,"Wave 4 — needs reorder, older range"
2588,6902505882770,SE2770 2 PAIRS OF SHOES+CROWN,Toys (Consignment),NOT_IN_SHOPIFY,333,1050,291,1,0,0,"Wave 4 — needs reorder, older range"
2589,1060150348099,MICHAEL A2064 Gel Pen Assorted Designs - Box,School,NOT_IN_SHOPIFY,463,189,73,19,189,926,"Wave 2 — in stock, existing range"
2590,5900511344394,[10331-34439] Kids Puzzle 70 Pieces x 2,Toys (Consignment),NOT_IN_SHOPIFY,330,345,73,1,3,690,"Wave 2 — in stock, existing range"
2591,4041485560364,56036 Plastic Sharpener with Container S-Keg - Fluorescent Colors,School (Consignment),NOT_IN_SHOPIFY,532,264,73,6,45,1192,"Wave 2 — in stock, existing range"
2592,1003995138003,26204627 Pajama,Clothing,NOT_IN_SHOPIFY,96,312,54,1,5,1100,"Wave 1 — in stock, new arrival"
2593,1023863429008,0662 Boxer Shorts Pack Of 2,Clothing,NOT_IN_SHOPIFY,418,310,73,2,13,1296,"Wave 2 — in stock, existing range"
2594,1071765848099,SQMM0165-Jazwares Squishmallows - Micromallows: Blinds Stuffed Animal Series 4 (One Random Piece) (CDU24PCS) (2.5 Inch),Toys,ACTIVE_UNPUBLISHED,109,700,215,2,0,0,"Wave 3 — needs reorder, new range"
2595,1071765850099,SQMM0165-Jazwares Squishmallows - Micromallows: Blinds Stuffed Animal Series 4 (One Random Piece) (CDU24PCS) (2.5 Inch),Toys,ACTIVE_UNPUBLISHED,109,700,215,2,0,0,"Wave 3 — needs reorder, new range"
2596,1071765852099,SQMM0165-Jazwares Squishmallows - Micromallows: Blinds Stuffed Animal Series 4 (One Random Piece) (CDU24PCS) (2.5 Inch),Toys,ACTIVE_UNPUBLISHED,109,700,215,2,0,0,"Wave 3 — needs reorder, new range"
2597,0794866097754,Classic Lunch Bag (Jungle),School,ACTIVE_UNPUBLISHED,742,1000,290,1,0,0,"Wave 4 — needs reorder, older range"
2598,0794866073628,Classic Lunch Bag (Dinosaurs),School,ACTIVE_UNPUBLISHED,756,1000,290,1,0,0,"Wave 4 — needs reorder, older range"
2599,4000176014099,305 Rose Hair Claw M,Clothing,NOT_IN_SHOPIFY,183,142,72,5,8,84,"Wave 2 — in stock, existing range"
2600,4000185335099,601 - Unicorn Sequin Makeup Bag - Fuchsia,Various,ACTIVE_UNPUBLISHED,176,585,288,1,0,0,"Wave 4 — needs reorder, older range"
2601,4000185331099,599 - Cromi Cross Bag - Baby Blue,Various,ACTIVE_UNPUBLISHED,176,585,288,1,0,0,"Wave 4 — needs reorder, older range"
2602,2051379582099,Baby Nest,Baby Essentials (Consignment),ACTIVE_UNPUBLISHED,13,935,212,1,0,0,"Wave 3 — needs reorder, new range"
2603,4041485310679,31067 Ballpoint Pen Blue 0.7mm MC-5 (Jar Pack),School (Consignment),NOT_IN_SHOPIFY,532,264,72,8,146,2920,"Wave 2 — in stock, existing range"
2604,1071437670099,[1071437670099] Speedo Swimming Goggles 9110D-1 - Red*Grey,Summer,NOT_IN_SHOPIFY,421,1044,286,3,0,0,"Wave 4 — needs reorder, older range"
2605,4041485616757,Sticky Notes 4 Colors Bloom Pastel 75x75mm - 400 Sheets,School (Consignment),NOT_IN_SHOPIFY,532,257,71,1,1,154,"Wave 2 — in stock, existing range"
2606,1036234624012,5503 Colorful Panties (Pack Of 3),Clothing,NOT_IN_SHOPIFY,99,201,53,1,7,864,"Wave 1 — in stock, new arrival"
2607,6942138949582,56404 Steel Pro 9 10  x 6 7  x 26 /3.00m x 2.01m x 66cm Pool,Summer,ACTIVE_UNPUBLISHED,119,4815,211,1,0,0,"Wave 3 — needs reorder, new range"
2608,0090159323365,323361:12 H-D Motorcycles - 2017 Road King Special,Toys (Consignment),NOT_IN_SHOPIFY,237,1250,284,1,0,0,"Wave 4 — needs reorder, older range"
2609,8690797105631,[8690797105631] WEE Baby Day & Night Bottle & Pacifier Set,Baby Essentials (Consignment),NOT_IN_SHOPIFY,751,450,71,1,1,324,"Wave 2 — in stock, existing range"
2610,2853038000003,HX635-4 Doll 70cm Skirt & Rose Blouse,Toys (Consignment),ACTIVE_UNPUBLISHED,342,1245,283,1,0,0,"Wave 4 — needs reorder, older range"
2611,2024110107587,MH-169 EJECTION RAIL CONTAINER CAR,Toys (Consignment),ACTIVE_UNPUBLISHED,64,995,209,1,0,0,"Wave 3 — needs reorder, new range"
2612,2024030200450,818-325 PINK BATHROOM PLAY HOUSE,Toys (Consignment),ACTIVE_UNPUBLISHED,64,995,209,1,0,0,"Wave 3 — needs reorder, new range"
2613,2066251270099,[2066251270099] Boys Coloring Book,Various (Consignment),NOT_IN_SHOPIFY,751,255,71,3,14,714,"Wave 2 — in stock, existing range"
2614,1071496593099,189-20 stitchسوسته ك بينك,Toys,ACTIVE_UNPUBLISHED,63,808,208,2,0,0,"Wave 3 — needs reorder, new range"
2615,1071647642004,B11403-2 Pants,Clothing,NOT_IN_SHOPIFY,337,649,70,1,7,3493,"Wave 2 — in stock, existing range"
2616,2041084236099,TR:2025004TR Tro Teether & Pacifier - Portable Multi-Use Diaper Bag Dispenser GOLD with Clip 30 Bags,Baby Essentials (Consignment),ACTIVE_UNPUBLISHED,174,1657,281,11,0,0,"Wave 4 — needs reorder, older range"
2617,1001191490099,03-264 Hoop Rings,Toys,NOT_IN_SHOPIFY,257,840,281,2,0,0,"Wave 4 — needs reorder, older range"
2618,6223007171437,6045K-D-1 Plastic Bike with Colored LED Light Wheels 22.5 Inch - Fuchsia,Toys,NOT_IN_SHOPIFY,751,799,280,1,0,0,"Wave 4 — needs reorder, older range"
2619,1068385100033,25105 SNEAKER,Clothing,NOT_IN_SHOPIFY,561,799,280,1,0,0,"Wave 4 — needs reorder, older range"
2620,1068352986035,W-2430 Sneakers,Clothing,NOT_IN_SHOPIFY,652,799,280,1,0,0,"Wave 4 — needs reorder, older range"
2621,1006612911033,211945 Girls' Clogs Slippers L-U,Clothing,NOT_IN_SHOPIFY,575,339,70,1,6,1365,"Wave 2 — in stock, existing range"
2622,4001513133099,[4001513133099] Kids Girls Hair Ties Set,Various,NOT_IN_SHOPIFY,215,122,70,5,11,82,"Wave 2 — in stock, existing range"
2623,1052864460099,T5141 20 Inches Trolley Bag+ Pencil Case - Blue,School,ACTIVE_UNPUBLISHED,400,2781,279,1,0,0,"Wave 4 — needs reorder, older range"
2624,4000135022099,Girls Wide Headband Hair Accessory - 79-80,Various,NOT_IN_SHOPIFY,463,120,70,2,22,389,"Wave 2 — in stock, existing range"
2625,1069717526099,[1069717526099] Girls Hair Elastic,Various,NOT_IN_SHOPIFY,554,120,70,2,2,35,"Wave 2 — in stock, existing range"
2626,1023895353099,4-0001 Breastfeeding cover,Clothing,ACTIVE_UNPUBLISHED,93,790,207,2,0,0,"Wave 3 — needs reorder, new range"
2627,1043615616099,1424 Hair stick,Various,NOT_IN_SHOPIFY,113,100,52,1,3,108,"Wave 1 — in stock, new arrival"
2628,1053872568099,307 Mobile Pendant,Clothing,NOT_IN_SHOPIFY,166,165,70,1,8,600,"Wave 2 — in stock, existing range"
2629,1069739086099,[1069739086099] Girls Rectangle Hair Brush Large,Clothing,NOT_IN_SHOPIFY,575,145,70,1,1,58,"Wave 2 — in stock, existing range"
2630,1069749071099,[1069749071099] Girls Oval Hair Brush Large Transparent,Clothing,ACTIVE_UNPUBLISHED,595,145,70,1,2,115,"Wave 2 — in stock, existing range"
2631,6869002400218,SE-21 green dinosaur 63CM,Toys (Consignment),ACTIVE_UNPUBLISHED,481,1000,277,1,0,0,"Wave 4 — needs reorder, older range"
2632,2853036000005,HX635-2 Doll 70cm + Rose Dress with Gold Bow,Toys (Consignment),ACTIVE_UNPUBLISHED,342,1220,277,1,0,0,"Wave 4 — needs reorder, older range"
2633,4892900800059,80005 Dreadnoughtus - Deluxe 1:100 Scale,Toys,ACTIVE_UNPUBLISHED,348,999,277,1,0,0,"Wave 4 — needs reorder, older range"
2634,4000191254099,c152 Hair Clip Denim,Various,ACTIVE_UNPUBLISHED,253,130,69,2,24,540,"Wave 2 — in stock, existing range"
2635,4000176019099,348 Scrunchie Mini,Clothing,NOT_IN_SHOPIFY,183,130,69,2,1,22,"Wave 2 — in stock, existing range"
2636,4001594534099,[40015-113] Girls Hair Elastic,Various,NOT_IN_SHOPIFY,270,130,69,2,2,45,"Wave 2 — in stock, existing range"
2637,2024110106412,8923-3 TABLEWARE SET,Toys (Consignment),ACTIVE_UNPUBLISHED,64,970,204,2,0,0,"Wave 3 — needs reorder, new range"
2638,1071471029099,21-2 دبدوب بيج تى شيرت كافيه *اورنج ,Toys,ACTIVE_UNPUBLISHED,60,945,204,1,0,0,"Wave 3 — needs reorder, new range"
2639,1069750324099,[1069750324099] Girls Hair Sortie Set,Clothing,NOT_IN_SHOPIFY,523,124,69,2,3,60,"Wave 2 — in stock, existing range"
2640,0842817091303,[842817091303] 115RB Nail Accessories Bag - Red/Blue,Toys (Consignment),ACTIVE_UNPUBLISHED,239,995,273,1,0,0,"Wave 4 — needs reorder, older range"
2641,4893156027337,[4893156027337] Make Your Own Doll Craft Kit,Toys (Consignment),NOT_IN_SHOPIFY,678,1298,273,2,0,0,"Wave 4 — needs reorder, older range"
2642,1061775940099,1002305 شنطه يونى بيبى كول احمر,Baby Essentials,ACTIVE_UNPUBLISHED,111,810,202,1,0,0,"Wave 3 — needs reorder, new range"
2643,0090159078746,311011:12 Motorcycles -  Kawasaki Ninja H2 R,Toys (Consignment),ACTIVE_UNPUBLISHED,237,1200,273,1,0,0,"Wave 4 — needs reorder, older range"
2644,1071495867099,2565-3 استاند اسكوشي جليتر ICE CUBE 12*1,Toys,ACTIVE_UNPUBLISHED,57,800,202,4,0,0,"Wave 3 — needs reorder, new range"
2645,3555801361388,[10331-SSC322] SSC322 Kids Slime Making Set,Toys (Consignment),ACTIVE_UNPUBLISHED,330,975,272,1,0,0,"Wave 4 — needs reorder, older range"
2646,1023850789006,0664 Boxer Shorts Pack Of 2,Clothing,NOT_IN_SHOPIFY,553,310,68,2,2,204,"Wave 2 — in stock, existing range"
2647,1023810756004,0664 Boxer Shorts Pack Of 2,Clothing,NOT_IN_SHOPIFY,756,310,68,2,2,204,"Wave 2 — in stock, existing range"
2648,6222025704587,[6222025704587] Cars Gift Wrapping Paper 2023,Various (Consignment),NOT_IN_SHOPIFY,753,180,68,6,18,270,"Wave 2 — in stock, existing range"
2649,20701838099,Hair Brush without Handle,Clothing,NOT_IN_SHOPIFY,751,160,68,1,1,72,"Wave 2 — in stock, existing range"
2650,6972885464908,14022 Building Block Series Royal TP-R 302pcs,Toys (Consignment),NOT_IN_SHOPIFY,627,979,271,1,0,0,"Wave 4 — needs reorder, older range"
2651,1014896963099,8920D/18'Evade glue dolls ,Toys (Consignment),NOT_IN_SHOPIFY,687,1287,271,1,0,0,"Wave 4 — needs reorder, older range"
2652,8412668152489,1083 Spiderman,Toys,NOT_IN_SHOPIFY,285,190,68,1,4,396,"Wave 2 — in stock, existing range"
2653,4000871446099,[40008-W25-1-74-5] Kids Fur Mickey Backpack - Grey,Clothing,ACTIVE_UNPUBLISHED,312,535,270,1,0,0,"Wave 4 — needs reorder, older range"
2654,000228200004,22820- Socks ,Clothing (Consignment),NOT_IN_SHOPIFY,391,297,67,3,9,579,"Wave 2 — in stock, existing range"
2655,4894680030220,ZUR-XS-36583H-ZURU XSHOT SKINS SERIES 1 DREAD SONIC (12 DARTS) RACE TEAM (36583),Toys,ACTIVE_UNPUBLISHED,429,995,270,1,0,0,"Wave 4 — needs reorder, older range"
2656,1006686958099,2559 لانش بوكس مقسم ضد التسريب ستانلس 710 مللى 3 COLORS,Various,ACTIVE_UNPUBLISHED,19,649,199,1,0,0,"Wave 3 — needs reorder, new range"
2657,1006686957099,2559 لانش بوكس مقسم ضد التسريب ستانلس 710 مللى 3 COLORS,Various,ACTIVE_UNPUBLISHED,19,649,199,1,0,0,"Wave 3 — needs reorder, new range"
2658,2025070105507,T907A CATAPULT CAR SET WITH SOUND/LIGHT,Toys (Consignment),ACTIVE_UNPUBLISHED,64,945,199,1,0,0,"Wave 3 — needs reorder, new range"
2659,6944167155668,556-2IN1 LEARNING LOCO B/O WITH MUSIC/LIGHT,Toys (Consignment),ACTIVE_UNPUBLISHED,166,1275,268,1,0,0,"Wave 4 — needs reorder, older range"
2660,2025010010100,[20730-666-102] 2-Piece Dinosaur Assembly Set & Dinosaur Collection,Toys (Consignment),ACTIVE_UNPUBLISHED,211,1180,268,2,0,0,"Wave 4 — needs reorder, older range"
2661,4002148565099,2020-مسطرة بلاستيك 20سم لبنى M-K&M-I,Various,ACTIVE_UNPUBLISHED,52,108,50,11,5,20,"Wave 1 — in stock, new arrival"
2662,6222046301066,[20738-6908] 6908 Kids Soft Building Blocks 180 Pieces,Toys (Consignment),ACTIVE_UNPUBLISHED,169,1175,267,1,0,0,"Wave 4 — needs reorder, older range"
2663,6902505852767,SE2767 PRINCESS PINK LIGHT SHOES SET,Toys (Consignment),NOT_IN_SHOPIFY,333,965,266,1,0,0,"Wave 4 — needs reorder, older range"
2664,1060230692099,30690 طقم 9 ق (ملعقة & شوكة & سكينة),Various,ACTIVE_UNPUBLISHED,118,750,197,10,0,0,"Wave 3 — needs reorder, new range"
2665,5010415226020,26020-TT2X 150ML AAC BTLSLOW FLO (Pack Of 2),Baby Essentials (Consignment),ACTIVE_UNPUBLISHED,600,1500,266,1,0,0,"Wave 4 — needs reorder, older range"
2666,5903407176499,CB:35/245contCB EasyStart Wide Neck Bottle 240ml with Powder Milk Container GOOSE 3+m,Baby Essentials (Consignment),NOT_IN_SHOPIFY,252,499,66,1,2,742,"Wave 2 — in stock, existing range"
2667,1043686941099,Bandana 1331,Clothing,NOT_IN_SHOPIFY,190,144,66,3,7,140,"Wave 2 — in stock, existing range"
2668,1043679377099,1473 Flower Hair Band - Small,Clothing,NOT_IN_SHOPIFY,173,144,66,1,9,540,"Wave 2 — in stock, existing range"
2669,4001514252099,[4001514252099] Kids Girls Hair Ties Set,Various,NOT_IN_SHOPIFY,326,120,66,3,4,52,"Wave 2 — in stock, existing range"
2670,4000175980099,297-1 Hair Clip Jeans,Clothing,NOT_IN_SHOPIFY,183,120,66,3,9,117,"Wave 2 — in stock, existing range"
2671,4001556124099,[40015-128] Girls Large Hair Clip,Clothing,NOT_IN_SHOPIFY,225,120,66,3,16,208,"Wave 2 — in stock, existing range"
2672,4001556993099,[40015-231-1] Toddler Girls Acrylic Hair Clip,Clothing,NOT_IN_SHOPIFY,341,120,66,3,3,39,"Wave 2 — in stock, existing range"
2673,4000882326099,106 Crossbody bag - Mauve,School,NOT_IN_SHOPIFY,103,423,196,1,0,0,"Wave 3 — needs reorder, new range"
2674,4001590689099,43 Rose clip,Clothing,NOT_IN_SHOPIFY,117,90,49,1,3,90,"Wave 1 — in stock, new arrival"
2675,2368206000001,708B-21  اشغال عمل اشكال بل جلو وتلوينها +كريستلات,Toys (Consignment),ACTIVE_UNPUBLISHED,96,860,195,1,0,0,"Wave 3 — needs reorder, new range"
2676,4001273019099,0365A عربية سوبر ماركت بالادوات34ق,Toys,ACTIVE_UNPUBLISHED,104,650,195,1,0,0,"Wave 3 — needs reorder, new range"
2677,4001272986099,8125-8 عروسة بيبى بورن بالبانيو والأدوات,Toys,ACTIVE_UNPUBLISHED,104,650,195,1,0,0,"Wave 3 — needs reorder, new range"
2678,9780709726470,Easy to Read Magical Princess Tales,Various (Consignment),ACTIVE_UNPUBLISHED,105,1100,195,2,0,0,"Wave 3 — needs reorder, new range"
2679,9781835446171,CoComelon: If You're Happy and You Know I,Various (Consignment),ACTIVE_UNPUBLISHED,82,1100,195,2,0,0,"Wave 3 — needs reorder, new range"
2680,9781837951994,Disney Stitch: Story Book & Money Box,Various (Consignment),ACTIVE_UNPUBLISHED,82,1100,195,2,0,0,"Wave 3 — needs reorder, new range"
2681,2024110108690,777-407B DINOSAUR BACKBOARD SET,Toys (Consignment),ACTIVE_UNPUBLISHED,64,925,195,1,0,0,"Wave 3 — needs reorder, new range"
2682,1068380285033,3228 Sneakers,Clothing,NOT_IN_SHOPIFY,545,749,263,1,0,0,"Wave 4 — needs reorder, older range"
2683,4000135023099,Girls Wide Headband Hair Accessory - 978,Various,NOT_IN_SHOPIFY,463,110,66,2,4,62,"Wave 2 — in stock, existing range"
2684,4001052062099,23-5 Light Hand Ball,Toys,NOT_IN_SHOPIFY,448,200,65,2,3,165,"Wave 2 — in stock, existing range"
2685,2056619358009,Purple/Grey Tankini,Clothing,NOT_IN_SHOPIFY,756,450,65,1,2,658,"Wave 2 — in stock, existing range"
2686,1069785218099,[1069785218099] Toddler Girls Butterfly Scrunchie Medium,Toys,NOT_IN_SHOPIFY,525,125,65,1,3,133,"Wave 2 — in stock, existing range"
2687,2073891368099,[20738-YL009] YL009 Kids Electronic Safe Bank Coin Box - Black,Toys (Consignment),ACTIVE_UNPUBLISHED,272,1150,261,2,0,0,"Wave 4 — needs reorder, older range"
2688,4001591782099,[40015-1851-7-8] Girls Medium Hair Clip,Various,NOT_IN_SHOPIFY,337,120,65,4,8,80,"Wave 2 — in stock, existing range"
2689,4001556105099,[40015-449] Girls Beaded Hair Elastic 2x1,Clothing,NOT_IN_SHOPIFY,225,120,65,2,5,100,"Wave 2 — in stock, existing range"
2690,4001583968099,208 مشبك   تيك تاك ,Clothing,NOT_IN_SHOPIFY,134,120,65,2,24,480,"Wave 2 — in stock, existing range"
2691,4001583973099,57 مشبك,Clothing,NOT_IN_SHOPIFY,134,120,65,2,14,280,"Wave 2 — in stock, existing range"
2692,4001552984099,[40015-271] Toddler Girls Hair Clip Assorted,Clothing,NOT_IN_SHOPIFY,348,120,65,2,5,100,"Wave 2 — in stock, existing range"
2693,0194735176809,"HRH20-Mattel Barbie Fashionistas Doll #223, Blonde, Totally Hair-Inspired Look & Accessories, 65th Anniversary",Toys,NOT_IN_SHOPIFY,429,850,261,1,0,0,"Wave 4 — needs reorder, older range"
2694,1071496597099,189-8 stitchماسك جيتار ص,Toys,ACTIVE_UNPUBLISHED,63,665,193,2,0,0,"Wave 3 — needs reorder, new range"
2695,1053854714099,Shell Bracelet,Clothing,NOT_IN_SHOPIFY,751,154,65,2,1,35,"Wave 2 — in stock, existing range"
2696,9355265598672,8997/Transformer car,Toys (Consignment),ACTIVE_UNPUBLISHED,751,940,260,2,0,0,"Wave 4 — needs reorder, older range"
2697,4001264291099,135-122 C Makeup and Beads Set B-R,Toys,NOT_IN_SHOPIFY,447,160,65,1,2,150,"Wave 2 — in stock, existing range"
2698,1060154168099,H-6907/93310-Plastic Water Bottle,School,ACTIVE_UNPUBLISHED,109,550,192,2,0,0,"Wave 3 — needs reorder, new range"
2699,1060154187099,009-019-Plastic Water Bottle,School,ACTIVE_UNPUBLISHED,109,550,192,1,0,0,"Wave 3 — needs reorder, new range"
2700,4002148543099,نيم كارت لبنى stitch,Various,ACTIVE_UNPUBLISHED,52,444,192,9,0,0,"Wave 3 — needs reorder, new range"
2701,6012024860977,LD6097-BEAUTY SET,Toys,ACTIVE_UNPUBLISHED,433,739,259,1,0,0,"Wave 4 — needs reorder, older range"
2702,6012024860960,LD6096-BEAUTY SET,Toys,ACTIVE_UNPUBLISHED,433,739,259,1,0,0,"Wave 4 — needs reorder, older range"
2703,1023250629032,1020 Sneakers,Clothing,ACTIVE_UNPUBLISHED,518,650,259,1,0,0,"Wave 4 — needs reorder, older range"
2704,1071432181099,25267-أيس كريم needoh,Toys,ACTIVE_UNPUBLISHED,74,720,192,4,0,0,"Wave 3 — needs reorder, new range"
2705,4000191206099,C216 Hair Claw Medium,Various,ACTIVE_UNPUBLISHED,253,117,65,4,6,57,"Wave 2 — in stock, existing range"
2706,33172000111001,HC1 Tights,Clothing (Consignment),NOT_IN_SHOPIFY,756,250,64,1,59,9145,"Wave 2 — in stock, existing range"
2707,1033198844099,9885A مسدس مايه,Toys (Consignment),ACTIVE_UNPUBLISHED,55,898,189,2,0,0,"Wave 3 — needs reorder, new range"
2708,1060150397099,QB-018-36 Michael Pastel Highlighter Pen 6 Colors / Stand,School,NOT_IN_SHOPIFY,463,190,64,7,56,826,"Wave 2 — in stock, existing range"
2709,4001556104099,[40015-11] Girls Checkered Hair Elastic 2-in-1,Clothing,NOT_IN_SHOPIFY,225,118,64,2,17,340,"Wave 2 — in stock, existing range"
2710,4000169572099,48 Necklace   Bracelet Set,Clothing,NOT_IN_SHOPIFY,76,345,189,3,0,0,"Wave 3 — needs reorder, new range"
2711,6922329852043,2-in-1 Puzzle 4 Shapes 12 Pieces + 20 Pieces,Toys (Consignment),NOT_IN_SHOPIFY,751,280,64,2,6,546,"Wave 2 — in stock, existing range"
2712,9786339963575,sticker dress up book for girls,Various (Consignment),NOT_IN_SHOPIFY,336,280,64,1,1,182,"Wave 2 — in stock, existing range"
2713,1054490869099,136 Bib,Clothing,NOT_IN_SHOPIFY,98,150,47,1,2,169,"Wave 1 — in stock, new arrival"
2714,4001550260099,[40015-84-6] Labubu Glow Medal,Various,NOT_IN_SHOPIFY,347,135,63,1,5,275,"Wave 2 — in stock, existing range"
2715,0007284232092,7284 Pajama,Clothing (Consignment),NOT_IN_SHOPIFY,29,1060,188,2,0,0,"Wave 3 — needs reorder, new range"
2716,0007284232098,7284 Pajama,Clothing (Consignment),NOT_IN_SHOPIFY,29,1060,188,2,0,0,"Wave 3 — needs reorder, new range"
2717,6921311461806,222-123B City Building Blocks 55 Pcs + 4 Cars,Toys (Consignment),ACTIVE_UNPUBLISHED,574,1115,253,1,0,0,"Wave 4 — needs reorder, older range"
2718,8693830012545,[1254] MULTI BLOCKS 92 PCS,Toys,ACTIVE_UNPUBLISHED,656,875,253,1,0,0,"Wave 4 — needs reorder, older range"
2719,4001515322099,[4001515322099] Kids Girls Hair Elastics,Various,NOT_IN_SHOPIFY,477,120,63,3,5,70,"Wave 2 — in stock, existing range"
2720,202512115972,922-214 محل حلويات بالصوت و النور 32 ق,Toys (Consignment),ACTIVE_UNPUBLISHED,99,825,187,1,0,0,"Wave 3 — needs reorder, new range"
2721,2071595148099,JX20198B Barbie Coloring Bag with Colors,Toys (Consignment),ACTIVE_UNPUBLISHED,180,1653,253,3,0,0,"Wave 4 — needs reorder, older range"
2722,2000002071132,Girls Baby Bottle 150ml+250ml + Glass Baby Bottle 150ml,Baby Essentials,ACTIVE_UNPUBLISHED,751,960,253,1,0,0,"Wave 4 — needs reorder, older range"
2723,2066980269035,356  Socks (Pack Of 3),Clothing (Consignment),NOT_IN_SHOPIFY,468,256,63,2,37,2997,"Wave 2 — in stock, existing range"
2724,1054454563099,4698 Bib,Clothing,NOT_IN_SHOPIFY,77,310,186,2,0,0,"Wave 3 — needs reorder, new range"
2725,1071492032099,[10714-3001-1] Rectangle Gift Box - Size 1,Various,NOT_IN_SHOPIFY,224,180,63,1,2,190,"Wave 2 — in stock, existing range"
2726,1023889648010,0600 Boxer,Clothing,ACTIVE_UNPUBLISHED,704,345,63,5,31,1486,"Wave 2 — in stock, existing range"
2727,3024968000008,HX654-3 عروسه 30 سم + حصان هزاز و اكسسوار,Toys (Consignment),ACTIVE_UNPUBLISHED,96,820,186,1,0,0,"Wave 3 — needs reorder, new range"
2728,1023835809006,2470 Short-Sleeved Undershirt,Clothing,NOT_IN_SHOPIFY,364,80,63,1,127,928,"Wave 2 — in stock, existing range"
2729,4001583975099,191 سورتيت سادة ,Clothing,NOT_IN_SHOPIFY,134,117,63,4,8,80,"Wave 2 — in stock, existing range"
2730,4001537639099,[4001537639099] Kids Girls Hair Elastic - Multicolor,Various,NOT_IN_SHOPIFY,421,117,63,4,19,190,"Wave 2 — in stock, existing range"
2731,1003991358003,188 Onesie,Clothing,NOT_IN_SHOPIFY,329,770,250,1,0,0,"Wave 4 — needs reorder, older range"
2732,2073072658099,[20730-806BM-2] B-M Remote Control Car - Black & Red,Toys (Consignment),ACTIVE_UNPUBLISHED,211,1100,250,1,0,0,"Wave 4 — needs reorder, older range"
2733,1044885670099,1003114 Baby Carrier Premium Allure - Beige,Baby Essentials,ACTIVE_UNPUBLISHED,187,990,249,1,0,0,"Wave 4 — needs reorder, older range"
2734,1052898340099,2991-15-inch Trolley bag - Turquoise/Navy - T-S,School,ACTIVE_UNPUBLISHED,34,1840,184,1,0,0,"Wave 3 — needs reorder, new range"
2735,1071491603099,[10714-10-131] Kraft Printed Gift Wrapping Paper,Toys,NOT_IN_SHOPIFY,294,165,62,11,85,638,"Wave 2 — in stock, existing range"
2736,1073794181003,986 Gift clothes box,Clothing,ACTIVE_UNPUBLISHED,173,940,249,1,0,0,"Wave 4 — needs reorder, older range"
2737,4001213550099,PP3189-9-P-Tساعة يد بروجيكتورشخصية تشيلس,Various,ACTIVE_UNPUBLISHED,47,495,184,3,0,0,"Wave 3 — needs reorder, new range"
2738,1066648677099,489489  Lunch Bag Unicorn Design,School,ACTIVE_UNPUBLISHED,49,1179,184,1,0,0,"Wave 3 — needs reorder, new range"
2739,1066648654099,375556  Lunch Bag Avengers Design,School,ACTIVE_UNPUBLISHED,49,1179,184,1,0,0,"Wave 3 — needs reorder, new range"
2740,1066648668099,165554  Lunch Bag Unicorn   Design,School,ACTIVE_UNPUBLISHED,49,1179,184,1,0,0,"Wave 3 — needs reorder, new range"
2741,1068594524099,walker umbrella x,Baby Essentials,NOT_IN_SHOPIFY,55,0,184,0,0,0,"Wave 3 — needs reorder, new range"
2742,4002125527099,GK6086-6071 زمزميه شاليموه Mymelody بينك,School,ACTIVE_UNPUBLISHED,50,500,184,2,0,0,"Wave 3 — needs reorder, new range"
2743,4002125526099,GK6086-6071 زمزميه شاليموه Stitch جنزاري,School,ACTIVE_UNPUBLISHED,50,500,184,2,0,0,"Wave 3 — needs reorder, new range"
2744,6223003247683,Tank BTL move 350ml cotton candy G.box,Various,ACTIVE_UNPUBLISHED,83,655,184,1,0,0,"Wave 3 — needs reorder, new range"
2745,9789778617351,[9789778617351] Story Book - Omar and Thuraya,Toys (Consignment),NOT_IN_SHOPIFY,557,350,62,1,9,2205,"Wave 2 — in stock, existing range"
2746,5010415227188,27188-TT CTN 3X 150ML BOTTLE  (Pack Of 3),Baby Essentials (Consignment),ACTIVE_UNPUBLISHED,600,1400,248,1,0,0,"Wave 4 — needs reorder, older range"
2747,1003910289012,110200 Boxer,Clothing,NOT_IN_SHOPIFY,691,374,62,2,4,553,"Wave 2 — in stock, existing range"
2748,4000175966099,336-4 Girls Hair Elastic,Clothing,NOT_IN_SHOPIFY,183,118,62,4,8,84,"Wave 2 — in stock, existing range"
2749,4001590694099,3013 Surtit Acrylic,Clothing,NOT_IN_SHOPIFY,117,86,46,2,12,180,"Wave 1 — in stock, new arrival"
2750,1003910298009,110200 Boxer,Clothing,NOT_IN_SHOPIFY,691,370,62,2,8,1053,"Wave 2 — in stock, existing range"
2751,191726989554,SQVA01692-Jazwares Squishmallows - Core: Seasonal Squad - Lavender Bulldog Danielle  (7.5 Inch),Toys,ACTIVE_UNPUBLISHED,109,595,183,1,0,0,"Wave 3 — needs reorder, new range"
2752,4000714922099,HE 0218 بوكس تطابق اشكال هندسيه,Toys,ACTIVE_UNPUBLISHED,97,550,182,2,0,0,"Wave 3 — needs reorder, new range"
2753,4000886986099,1-152 Summer shoulder bag - black   pink,School,NOT_IN_SHOPIFY,98,418,182,1,0,0,"Wave 3 — needs reorder, new range"
2754,8412497742974,Frozen Premium Bottle 620 ml,School,ACTIVE_UNPUBLISHED,734,799,245,1,0,0,"Wave 4 — needs reorder, older range"
2755,1068380311030,3237 Sneakers,Clothing,NOT_IN_SHOPIFY,544,699,245,1,0,0,"Wave 4 — needs reorder, older range"
2756,4001590693099,556 Fruit picks - K,Clothing,NOT_IN_SHOPIFY,117,330,182,6,0,0,"Wave 3 — needs reorder, new range"
2757,2073812124099,6217-صيادين السمك,Toys (Consignment),ACTIVE_UNPUBLISHED,27,798,181,2,0,0,"Wave 3 — needs reorder, new range"
2758,2071541912099,KZ957-072 Toy Set 20 Pull Back Metal Cars,Toys (Consignment),ACTIVE_UNPUBLISHED,243,1380,245,3,0,0,"Wave 4 — needs reorder, older range"
2759,6222046300735,[20738-MY2208] MY Kids 3-in-1 Double Sided Educational Drawing Board Talented Drawer,Toys (Consignment),ACTIVE_UNPUBLISHED,169,1075,244,1,0,0,"Wave 4 — needs reorder, older range"
2760,2073812235099,ZL8290Z-ساعة يد (موسيقى - أضواء - أصوات),Toys (Consignment),ACTIVE_UNPUBLISHED,27,796,181,4,0,0,"Wave 3 — needs reorder, new range"
2761,1051721269006, 31820 Romper,Clothing,NOT_IN_SHOPIFY,113,308,45,1,1,225,"Wave 1 — in stock, new arrival"
2762,1038256553099,Q9899-F24 ديناصور ببطاريه  حجم كبير صوت,Toys (Consignment),NOT_IN_SHOPIFY,96,795,181,1,0,0,"Wave 3 — needs reorder, new range"
2763,1003973812011,104 UnderShirt,Clothing,NOT_IN_SHOPIFY,564,212,61,1,67,8390,"Wave 2 — in stock, existing range"
2764,1023889646006,0600 Boxer,Clothing,ACTIVE_UNPUBLISHED,704,260,61,4,1,42,"Wave 2 — in stock, existing range"
2765,4002182662099,830 مريله تلوين بكم سياره لبني,Various,ACTIVE_UNPUBLISHED,19,480,179,5,0,0,"Wave 3 — needs reorder, new range"
2766,4001583972099,62 مشبك جليتر ,Clothing,NOT_IN_SHOPIFY,134,110,60,2,26,468,"Wave 2 — in stock, existing range"
2767,4000750382099,[40007-A2200-72] Funko Pop Leonardo Figure,Toys,NOT_IN_SHOPIFY,399,160,60,1,3,240,"Wave 2 — in stock, existing range"
2768,6225000441866,Catch the Cat Board Game,Toys (Consignment),NOT_IN_SHOPIFY,751,340,60,1,3,714,"Wave 2 — in stock, existing range"
2769,7625000471013,91-5/55 Miss Kitty Perfume,Various (Consignment),NOT_IN_SHOPIFY,438,340,60,2,1,119,"Wave 2 — in stock, existing range"
2770,5901691852341,CB:74/027beiCB Canpol Bonjour Paris Silicone Bib with Pouch - Grey,Baby Essentials (Consignment),ACTIVE_UNPUBLISHED,503,452,60,1,1,336,"Wave 2 — in stock, existing range"
2771,2025070100656,SY-2272D HAIR BRAIDIG AND HAIR CLIP FIXING SET,Toys (Consignment),ACTIVE_UNPUBLISHED,64,845,178,1,0,0,"Wave 3 — needs reorder, new range"
2772,4000175945099,295-2 Hair Clip & Hair Elastic,Clothing,NOT_IN_SHOPIFY,183,114,60,2,17,340,"Wave 2 — in stock, existing range"
2773,9781837954773,Jungle (Peep-Through Surprises!),Various (Consignment),ACTIVE_UNPUBLISHED,105,1000,177,2,0,0,"Wave 3 — needs reorder, new range"
2774,1071493680099,[10714-807-2] H-B-D Plastic Hair Clip - Silver,Party,NOT_IN_SHOPIFY,137,140,60,7,9,81,"Wave 2 — in stock, existing range"
2775,2787319000003,7172-2 Doll + Furry Dog & Doctor Accessories,Toys (Consignment),NOT_IN_SHOPIFY,530,1050,239,1,0,0,"Wave 4 — needs reorder, older range"
2776,4002148566099,2020-مسطرة بلاستيك 20سم بينكP-R,Various,ACTIVE_UNPUBLISHED,52,97,44,10,2,8,"Wave 1 — in stock, new arrival"
2777,1060150406099,3056 Michael Shaped Sharpener,School,NOT_IN_SHOPIFY,463,180,59,3,7,229,"Wave 2 — in stock, existing range"
2778,4000791268099,[40007-2063-4-5] Foam Puzzle Mat 60x60cm C-R,Toys,ACTIVE_UNPUBLISHED,291,750,238,1,0,0,"Wave 4 — needs reorder, older range"
2779,4000791266099,[40007-2063-4-3] Foam Puzzle Mat 60x60cm S-P,Toys,ACTIVE_UNPUBLISHED,291,750,238,1,0,0,"Wave 4 — needs reorder, older range"
2780,1023810760006,0664 Boxer Shorts Pack Of 2,Clothing,NOT_IN_SHOPIFY,756,294,59,2,5,510,"Wave 2 — in stock, existing range"
2781,2073812146099,2027-1A-سيارة روبوت متحولة 2 في 1 بمقياس 1:16 - قابلة لإعادة الشحن ,Toys (Consignment),ACTIVE_UNPUBLISHED,27,775,176,1,0,0,"Wave 3 — needs reorder, new range"
2782,4000134988099,Metal Hair Clip Medium Hair Accessory - 998,Various,NOT_IN_SHOPIFY,463,100,59,2,8,113,"Wave 2 — in stock, existing range"
2783,1023873026003, 1-1720-26 Romper,Clothing,ACTIVE_UNPUBLISHED,174,900,237,2,0,0,"Wave 4 — needs reorder, older range"
2784,6920251127025,[10148-757-79] 757-79 Baby Musical Play Mat Animals with Piano & Drums,Toys (Consignment),ACTIVE_UNPUBLISHED,172,855,237,1,0,0,"Wave 4 — needs reorder, older range"
2785,2071996832099,QX-91162E PARADISE,Toys (Consignment),ACTIVE_UNPUBLISHED,123,855,237,1,0,0,"Wave 4 — needs reorder, older range"
2786,4002125514099,IP-2 زمزميه معدن 800ML S-P,School,ACTIVE_UNPUBLISHED,50,500,175,1,0,0,"Wave 3 — needs reorder, new range"
2787,1054450718099,8280 Newborn outfit,Clothing,NOT_IN_SHOPIFY,526,736,237,1,0,0,"Wave 4 — needs reorder, older range"
2788,4001556990099,[40015-83] Toddler Girls Multicolor Hair Elastic,Clothing,NOT_IN_SHOPIFY,341,105,59,3,35,385,"Wave 2 — in stock, existing range"
2789,4001514260099,[4001514260099] Kids Girls Plain Hair Ties Set,Various,NOT_IN_SHOPIFY,326,105,59,3,5,55,"Wave 2 — in stock, existing range"
2790,4001514244099,[4001514244099] Kids Girls Shaped Snap Clips,Various,NOT_IN_SHOPIFY,326,105,59,3,8,88,"Wave 2 — in stock, existing range"
2791,0194735356560,JKV27 Mattel Disney And Pixar T-S 5 Interactables J-S Figure 18 cm Movie Phrases & Cross Talk,Toys,ACTIVE_UNPUBLISHED,49,200,175,0,0,0,"Wave 3 — needs reorder, new range"
2792,4002148544099,نيم كارت أبيض HK ,Various,ACTIVE_UNPUBLISHED,52,399,175,8,0,0,"Wave 3 — needs reorder, new range"
2793,2025090104702,882-84 LUMINOUS SPACE SAND SET(GCC)(1500G),Toys (Consignment),ACTIVE_UNPUBLISHED,231,850,236,1,0,0,"Wave 4 — needs reorder, older range"
2794,2071950659099,[2071950659099] Kids Plasma Car D4H 26 - Baby Blue,Toys (Consignment),NOT_IN_SHOPIFY,565,1035,235,1,0,0,"Wave 4 — needs reorder, older range"
2795,2069527124099,L-2403J بيبي مع ادوات طعام - 12 صوت -  Drink & Wet,Toys (Consignment),ACTIVE_UNPUBLISHED,130,850,235,1,0,0,"Wave 4 — needs reorder, older range"
2796,1071424605099,[10714-6202] Stitch Stuffed Plush Large - Baby Blue,Toys,ACTIVE_UNPUBLISHED,166,837,234,1,0,0,"Wave 4 — needs reorder, older range"
2797,1054495370099,8617 Baby Blanket,Baby Essentials,ACTIVE_UNPUBLISHED,351,725,234,1,-1,-402,"Wave 4 — needs reorder, older range"
2798,2066980265030,414  Socks (Pack Of 3),Clothing (Consignment),NOT_IN_SHOPIFY,468,238,58,2,38,2850,"Wave 2 — in stock, existing range"
2799,000428150026,42815 Socks (Pack Of 3),Clothing (Consignment),NOT_IN_SHOPIFY,116,190,43,2,164,10127,"Wave 1 — in stock, new arrival"
2800,4893156062260,[4893156062260] 4M Toy Make Your Mickey Solar System,Toys (Consignment),ACTIVE_UNPUBLISHED,678,1328,233,2,0,0,"Wave 4 — needs reorder, older range"
2801,6920241280204,[6920241280204] Toy M416 Rechargeable Water Gun - Blue,Toys (Consignment),ACTIVE_UNPUBLISHED,528,837,232,1,0,0,"Wave 4 — needs reorder, older range"
2802,6920241280181,[6920241280181] Toy M416 Rechargeable Water Gun - Black,Toys (Consignment),ACTIVE_UNPUBLISHED,528,837,232,1,0,0,"Wave 4 — needs reorder, older range"
2803,1003937896008,140 Pantie,Clothing,NOT_IN_SHOPIFY,638,175,58,1,1,96,"Wave 2 — in stock, existing range"
2804,2024110108294,[10331-Z003] Z003 Kids Dinosaur Projector,Toys (Consignment),ACTIVE_UNPUBLISHED,330,275,58,1,2,367,"Wave 2 — in stock, existing range"
2805,1071493688099,[10714-H293-2] H-B-D Party Accessories Glitter Glasses Hair Clip - Baby Blue,Party,NOT_IN_SHOPIFY,137,180,58,4,14,350,"Wave 2 — in stock, existing range"
2806,2069585908099,8235/defa doll mermaid sisters,Toys (Consignment),NOT_IN_SHOPIFY,751,830,231,1,0,0,"Wave 4 — needs reorder, older range"
2807,1014882662099,[10148-YL1022-20A-2] YL1022-20A Baby Multifunctional Educational Toy - Yellow,Toys (Consignment),ACTIVE_UNPUBLISHED,172,830,231,1,0,0,"Wave 4 — needs reorder, older range"
2808,4001552979099,[40015-283] Toddler Girls Hair Clip,Clothing,NOT_IN_SHOPIFY,348,100,58,2,25,375,"Wave 2 — in stock, existing range"
2809,4001552983099,[40015-270] Toddler Girls Hair Clip Assorted,Clothing,NOT_IN_SHOPIFY,348,100,58,2,10,150,"Wave 2 — in stock, existing range"
2810,4001591765099,[40015-81-9] Toddler Girls Silicone Chrome Hair Clip,Various,NOT_IN_SHOPIFY,337,100,58,4,3,22,"Wave 2 — in stock, existing range"
2811,4001594545099,[40015-168-1] Girls Hair Elastic,Various,NOT_IN_SHOPIFY,270,100,58,4,18,135,"Wave 2 — in stock, existing range"
2812,4000785690099,138 SUPER LIGHT CLAY 12 COLORS JUMBO,Toys,ACTIVE_UNPUBLISHED,60,560,171,4,0,0,"Wave 3 — needs reorder, new range"
2813,6944167182886,828- DANCING BABY WADDLING  GOOSE B/O WITH LIGHT AND MUSIC(2 COLOR MIXED),Toys (Consignment),ACTIVE_UNPUBLISHED,166,1095,231,1,0,0,"Wave 4 — needs reorder, older range"
2814,6937645530613,3061 BLOCK COGO,Toys (Consignment),NOT_IN_SHOPIFY,655,1300,230,1,0,0,"Wave 4 — needs reorder, older range"
2815,2073812173099,859-2-شحصيات افينجرز عدد 5 شخصيات,Toys (Consignment),ACTIVE_UNPUBLISHED,27,747,170,3,0,0,"Wave 3 — needs reorder, new range"
2816,1043652474099,1529 Large Rose Hair Clip,Various,NOT_IN_SHOPIFY,163,120,57,3,8,128,"Wave 2 — in stock, existing range"
2817,4000732885099,320479-Hotwheelsقاعدة تواليت سوفيت2يد أحمر*أزرق,Toys,ACTIVE_UNPUBLISHED,126,740,229,2,0,0,"Wave 4 — needs reorder, older range"
2818,5713795265626,BIBS Glass Baby Bottle Round Latex 1 pack 240 ml Medium Flow Blush,Baby Essentials (Consignment),ACTIVE_UNPUBLISHED,292,1290,229,1,0,0,"Wave 4 — needs reorder, older range"
2819,4001550252099,[40015-15-16-6] Girls Silicon LaPopo Brush,Clothing,NOT_IN_SHOPIFY,347,105,57,1,2,70,"Wave 2 — in stock, existing range"
2820,2025070105552,T922A B/O TRAIN TRACK,Toys (Consignment),NOT_IN_SHOPIFY,64,1238,169,1,0,0,"Wave 3 — needs reorder, new range"
2821,4000882313099,26 Crossbody bag - colors,School,NOT_IN_SHOPIFY,103,335,169,1,0,0,"Wave 3 — needs reorder, new range"
2822,6920003357649,AST326-BRICK TABLE WITH FERRIS WHEEL (MORANDI),Toys (Consignment),ACTIVE_UNPUBLISHED,412,820,227,1,0,0,"Wave 4 — needs reorder, older range"
2823,2071552745099,SR24113/طقم مكياج 27 قطعه + شنطه برينسس,Toys (Consignment),ACTIVE_UNPUBLISHED,32,950,168,1,0,0,"Wave 3 — needs reorder, new range"
2824,2024110104012,MS-8815 DIY BEAD SET(18PCS/PDQ),Toys (Consignment),ACTIVE_UNPUBLISHED,64,1012,168,8,0,0,"Wave 3 — needs reorder, new range"
2825,2073891343099,[20738-71022-112-1] 71022-112 Kids Supermarket Cashier Playset with Accessories - Pink,Toys (Consignment),ACTIVE_UNPUBLISHED,272,999,227,1,0,0,"Wave 4 — needs reorder, older range"
2826,2073835855099,[20738-689-B1] 689-B1 Kids Stitch Cars Track Set 45 Pieces,Toys (Consignment),ACTIVE_UNPUBLISHED,246,998,227,2,0,0,"Wave 4 — needs reorder, older range"
2827,6222025704525,[6222025704525] Monster Gift Wrapping Paper 2023,Various (Consignment),NOT_IN_SHOPIFY,753,150,57,5,49,735,"Wave 2 — in stock, existing range"
2828,4893156034403,[4893156034403] 4M Toy DIY Magnetic Alarm Kit,Toys (Consignment),NOT_IN_SHOPIFY,753,1290,57,2,6,3225,"Wave 2 — in stock, existing range"
2829,2058079305099,"KD914A 16"" SOFT PLASTIC DOLL WITH LIGHT/MUSIC(6 DESIGN MIXED)",Toys (Consignment),NOT_IN_SHOPIFY,64,795,167,1,0,0,"Wave 3 — needs reorder, new range"
2830,6920251126042,[10148-RJ6807] RJ6807 Baby Xylophone,Toys (Consignment),ACTIVE_UNPUBLISHED,172,815,226,1,0,0,"Wave 4 — needs reorder, older range"
2831,1060154163099,063-2042-Plastic Water Bottle,School,ACTIVE_UNPUBLISHED,109,475,167,1,0,0,"Wave 3 — needs reorder, new range"
2832,4001514237099,[4001514237099] Kids Girls Large Hair Clip,Various,NOT_IN_SHOPIFY,326,105,56,3,18,216,"Wave 2 — in stock, existing range"
2833,6920250106663,V21-2A WATER BOUNCE,Toys,NOT_IN_SHOPIFY,476,171,56,2,2,94,"Wave 2 — in stock, existing range"
2834,1053810608099,Multicolor Ribbed Necklace,Various,NOT_IN_SHOPIFY,701,132,56,1,3,180,"Wave 2 — in stock, existing range"
2835,1033135900099,1893-43 شخصيه الاميرات + فيروزن 4* علبه,Toys (Consignment),ACTIVE_UNPUBLISHED,106,785,165,1,0,0,"Wave 3 — needs reorder, new range"
2836,1033135810099,2009A-1 درامز موسيقي,Toys (Consignment),ACTIVE_UNPUBLISHED,106,785,165,1,0,0,"Wave 3 — needs reorder, new range"
2837,6920241222976,HT-297 WOODEN TOYS,Toys (Consignment),NOT_IN_SHOPIFY,438,200,56,1,3,359,"Wave 2 — in stock, existing range"
2838,2071996904099,YH-8521B DOCTOR SET(WITH SOUND/LIGHT),Toys (Consignment),ACTIVE_UNPUBLISHED,123,800,223,1,0,0,"Wave 4 — needs reorder, older range"
2839,1014156076036,400-1 Sandal,Clothing,NOT_IN_SHOPIFY,550,330,56,1,7,1636,"Wave 2 — in stock, existing range"
2840,1014156065035,400-1 Sandal,Clothing,NOT_IN_SHOPIFY,550,330,56,1,11,2571,"Wave 2 — in stock, existing range"
2841,1014156053033,079 Sandal,Clothing,NOT_IN_SHOPIFY,550,330,56,1,2,468,"Wave 2 — in stock, existing range"
2842,1014156081031,400-1 Sandal,Clothing,NOT_IN_SHOPIFY,550,330,56,1,10,2338,"Wave 2 — in stock, existing range"
2843,1014156084034,400-1 Sandal,Clothing,NOT_IN_SHOPIFY,550,330,56,1,11,2571,"Wave 2 — in stock, existing range"
2844,1014156071031,400-1 Sandal,Clothing,NOT_IN_SHOPIFY,550,330,56,1,10,2338,"Wave 2 — in stock, existing range"
2845,4000191231099,C150 Denim Bow Hair Clip,Various,ACTIVE_UNPUBLISHED,253,100,56,2,21,336,"Wave 2 — in stock, existing range"
2846,4001562858099,[4001562858099] Girls Hair Elastic Band,Various,NOT_IN_SHOPIFY,274,100,56,2,7,112,"Wave 2 — in stock, existing range"
2847,4000191248099,782 Hair Clip Characters,Various,ACTIVE_UNPUBLISHED,253,100,56,2,9,144,"Wave 2 — in stock, existing range"
2848,4000175935099,269 Bow Hair Clip,Clothing,NOT_IN_SHOPIFY,183,100,56,2,20,320,"Wave 2 — in stock, existing range"
2849,1071452460099,[1071452460099] Magic Wax Birthday Candle Card - Pack of 10,Various,NOT_IN_SHOPIFY,581,100,56,8,39,156,"Wave 2 — in stock, existing range"
2850,6941607312407,"41037 Swimming animal baby whale 157 x 94 cm, assorted",Summer,ACTIVE_UNPUBLISHED,756,1035,223,2,0,0,"Wave 4 — needs reorder, older range"
2851,4002125533099,7124 بلانشيطه بلاستيك Stitch,School,ACTIVE_UNPUBLISHED,50,463,164,6,0,0,"Wave 3 — needs reorder, new range"
2852,4041485487258,48725 Glue Tube White Extra 50ml,School (Consignment),NOT_IN_SHOPIFY,532,200,55,4,33,990,"Wave 2 — in stock, existing range"
2853,6212345561861,SE3014 BANANA SILICONE BITE (12PCS),Toys (Consignment),NOT_IN_SHOPIFY,333,200,55,1,6,720,"Wave 2 — in stock, existing range"
2854,2025121155482,YX6768-25 DIY COLOR DRAWING BOARD,Toys (Consignment),NOT_IN_SHOPIFY,64,195,41,1,1,130,"Wave 1 — in stock, new arrival"
2855,2073891461099,[20738-HE0151] HE0151 Baby Early Learning Teether & Rattle,Toys (Consignment),ACTIVE_UNPUBLISHED,272,975,222,3,0,0,"Wave 4 — needs reorder, older range"
2856,2025010106168,[10331-XY905-3] XY905-3 Kids Stroller Doll Set 12 Pieces,Toys (Consignment),ACTIVE_UNPUBLISHED,308,1050,221,6,0,0,"Wave 4 — needs reorder, older range"
2857,1043679379099,1474 Flower Hair Band - White,Clothing,NOT_IN_SHOPIFY,173,120,55,1,1,50,"Wave 2 — in stock, existing range"
2858,1071490292099,495 بقره متحركه تردد الكلام,Various,ACTIVE_UNPUBLISHED,118,750,163,1,0,0,"Wave 3 — needs reorder, new range"
2859,1060154385099,6007-Pencil Case,School,ACTIVE_UNPUBLISHED,109,465,163,1,0,0,"Wave 3 — needs reorder, new range"
2860,1060154383099,6007-Pencil Case,School,ACTIVE_UNPUBLISHED,109,465,163,1,0,0,"Wave 3 — needs reorder, new range"
2861,5015934784747,Barbie Extra Hair Accessory Surprise ,Toys,NOT_IN_SHOPIFY,752,179,55,1,3,306,"Wave 2 — in stock, existing range"
2862,1060154296099,BCT-1-Pencil Case,School,ACTIVE_UNPUBLISHED,109,493,162,3,0,0,"Wave 3 — needs reorder, new range"
2863,1060154308099,BCT-1-Pencil Case,School,ACTIVE_UNPUBLISHED,109,493,162,3,0,0,"Wave 3 — needs reorder, new range"
2864,10504250,MAINTENANCE,Services,NOT_IN_SHOPIFY,702,250,219,1,0,0,"Wave 4 — needs reorder, older range"
2865,1023226510029,26119 Sneakers,Clothing,NOT_IN_SHOPIFY,186,665,219,1,0,0,"Wave 4 — needs reorder, older range"
2866,1023226492029,26118 Sneakers,Clothing,NOT_IN_SHOPIFY,186,665,219,1,0,0,"Wave 4 — needs reorder, older range"
2867,1023226509028,26119 Sneakers,Clothing,NOT_IN_SHOPIFY,186,665,219,1,0,0,"Wave 4 — needs reorder, older range"
2868,1030978531099,11087-4 Munchkin Fresh Food Feeder - Purple 6 months +,Baby Essentials,ACTIVE_UNPUBLISHED,420,700,219,1,0,0,"Wave 4 — needs reorder, older range"
2869,2049626589003,Dino Baller Short-Sleeved Pajama,Clothing (Consignment),NOT_IN_SHOPIFY,756,250,219,1,0,0,"Wave 4 — needs reorder, older range"
2870,4001532201099,[4001532201099] Girls Glitter Hair Accessories Sortie Set 1999,Various,NOT_IN_SHOPIFY,469,97,55,2,9,135,"Wave 2 — in stock, existing range"
2871,1053857426099,264 Cherry Necklace,Various,NOT_IN_SHOPIFY,516,176,54,2,2,100,"Wave 2 — in stock, existing range"
2872,4001217839099,19856b/soft bullet gun  m red,Toys,NOT_IN_SHOPIFY,520,500,217,1,0,0,"Wave 4 — needs reorder, older range"
2873,1071490412099,لوحه خشبيه تعليميه جسمي بنت انجليزي,Toys,ACTIVE_UNPUBLISHED,4,120,40,1,29,1885,"Wave 1 — in stock, new arrival"
2874,1071490410099,لوحه خشبيه تعليميه خضروات,Toys,ACTIVE_UNPUBLISHED,4,120,40,1,29,1885,"Wave 1 — in stock, new arrival"
2875,1071490404099,لوحه خشبيه تعليميه ارقام انجليزي,Toys,ACTIVE_UNPUBLISHED,4,120,40,1,19,1235,"Wave 1 — in stock, new arrival"
2876,1071490408099,لوحه خشبيه تعليميه اشكال هندسيه,Toys,ACTIVE_UNPUBLISHED,4,120,40,1,29,1885,"Wave 1 — in stock, new arrival"
2877,1071490416099,لوحه خشبيه تعليميه وسائل مواصلات,Toys,ACTIVE_UNPUBLISHED,4,120,40,1,29,1885,"Wave 1 — in stock, new arrival"
2878,1071490409099,لوحه خشبيه تعليميه المهن,Toys,ACTIVE_UNPUBLISHED,4,120,40,1,29,1885,"Wave 1 — in stock, new arrival"
2879,2070158318099,Girls Hair Elastic,Clothing,NOT_IN_SHOPIFY,752,118,54,2,6,148,"Wave 2 — in stock, existing range"
2880,1052885675099,993 18-inch Backpack - Turquoise/Navy - Astronaut,School,ACTIVE_UNPUBLISHED,45,1606,159,1,0,0,"Wave 3 — needs reorder, new range"
2881,4001515337099,[4001515337099] Kids Hair Accessories Sortie - Multicolor,Various,NOT_IN_SHOPIFY,477,100,54,2,16,272,"Wave 2 — in stock, existing range"
2882,1070564764099,2777-5 Pokemon Cards Box 25 Cards,Toys,NOT_IN_SHOPIFY,516,140,54,2,3,104,"Wave 2 — in stock, existing range"
2883,251149860512752,M98605 Dress,Clothing (Consignment),ACTIVE_UNPUBLISHED,68,699,159,1,0,0,"Wave 3 — needs reorder, new range"
2884,1023280587033,1014 Sneakers,Clothing,ACTIVE_UNPUBLISHED,565,605,214,1,0,0,"Wave 4 — needs reorder, older range"
2885,1034089584099,fore well cards,Party,NOT_IN_SHOPIFY,54,105,40,3,39,682,"Wave 1 — in stock, new arrival"
2886,5900511108842,[10331-10884] Puzzle 1000 Pieces,Toys (Consignment),ACTIVE_UNPUBLISHED,330,775,214,1,0,0,"Wave 4 — needs reorder, older range"
2887,205669369406M,23617 Girls Skirt,Clothing,NOT_IN_SHOPIFY,413,629,53,2,16,3984,"Wave 2 — in stock, existing range"
2888,6920003221513,AST328-BUILDING BLOCK TABLE POLICE STATION,Toys (Consignment),ACTIVE_UNPUBLISHED,412,770,213,1,0,0,"Wave 4 — needs reorder, older range"
2889,2073812135099,1326-1-مجموعة ألعاب الرمي والتقاط,Toys (Consignment),ACTIVE_UNPUBLISHED,27,695,158,5,0,0,"Wave 3 — needs reorder, new range"
2890,1071490257099,6-HK-14 بقره متحركه تردد الكلام,Various,ACTIVE_UNPUBLISHED,118,750,158,1,0,0,"Wave 3 — needs reorder, new range"
2891,1023889649012,0600 Boxer,Clothing,ACTIVE_UNPUBLISHED,704,225,53,3,42,2019,"Wave 2 — in stock, existing range"
2892,2071541937099,"L6224E Baby Born 12"" Lulu Singer Doll",Toys (Consignment),ACTIVE_UNPUBLISHED,243,1200,213,2,0,0,"Wave 4 — needs reorder, older range"
2893,4000714882099,3099-20 علبة شخصيات A-V,Toys,ACTIVE_UNPUBLISHED,97,550,157,1,0,0,"Wave 3 — needs reorder, new range"
2894,4000185254099,361- Sleeping Unicorn Backpack - Baby Blue,Various,ACTIVE_UNPUBLISHED,176,430,212,1,0,0,"Wave 4 — needs reorder, older range"
2895,1071413230099,[1071413230099] Plush Fluffy Teddy Bear - White (35cm),Various,NOT_IN_SHOPIFY,264,800,212,1,0,0,"Wave 4 — needs reorder, older range"
2896,1034021362099,Graduation Cards,Party,NOT_IN_SHOPIFY,751,140,53,4,43,752,"Wave 2 — in stock, existing range"
2897,1071493659099,[10714-852] Balloon Bag 8x1 - Multicolor,Party,NOT_IN_SHOPIFY,137,140,53,7,1,10,"Wave 2 — in stock, existing range"
2898,2024110104418,9896-3C FRICTION CAR WITH LIGHT/SOUND,Toys (Consignment),NOT_IN_SHOPIFY,64,185,39,1,1,123,"Wave 1 — in stock, new arrival"
2899,1033111250099,[1033111250099] ST607B Water Bead Gun - Yellow,Toys (Consignment),NOT_IN_SHOPIFY,753,999,210,1,0,0,"Wave 4 — needs reorder, older range"
2900,0842817070988,[842817070988] Kids Stainless Steel Mug,Toys (Consignment),ACTIVE_UNPUBLISHED,239,999,210,1,0,0,"Wave 4 — needs reorder, older range"
2901,6940176615322,[10331-S21532D] S21532D Girls Pretend Play Makeup Box,Toys (Consignment),NOT_IN_SHOPIFY,435,998,210,2,0,0,"Wave 4 — needs reorder, older range"
2902,4001590697099,336 Jeans bow clip,Clothing,NOT_IN_SHOPIFY,117,70,39,1,2,45,"Wave 1 — in stock, new arrival"
2903,4000157012099,C628-مشبك ابيض,School,NOT_IN_SHOPIFY,36,70,39,1,35,788,"Wave 1 — in stock, new arrival"
2904,7793665051182,LOL SURPRISE! - BATH SPONGE,Toys,NOT_IN_SHOPIFY,751,299,52,1,3,630,"Wave 2 — in stock, existing range"
2905,1071419326099,C6 بونيه سباحة سيليكون بينك summer,Summer,ACTIVE_UNPUBLISHED,102,130,39,2,1,38,"Wave 1 — in stock, new arrival"
2906,4041485415398,41539 Ballpoint Pen Blue 0.7mm Ergoline Neon with Clip,School (Consignment),NOT_IN_SHOPIFY,532,192,52,4,13,377,"Wave 2 — in stock, existing range"
2907,1033148579099,[1033148579099] 085 Protection Set 4-Piece - Blue,Toys (Consignment),NOT_IN_SHOPIFY,753,249,52,1,4,664,"Wave 2 — in stock, existing range"
2908,4000190281099,39 Sortit - Thin,Clothing,NOT_IN_SHOPIFY,377,90,52,2,29,385,"Wave 2 — in stock, existing range"
2909,4000190360099,43 Hair Claw Small,Clothing,NOT_IN_SHOPIFY,377,90,52,3,17,150,"Wave 2 — in stock, existing range"
2910,4000134975099,Girls Hair Elastic 949,Various,NOT_IN_SHOPIFY,463,90,52,2,14,186,"Wave 2 — in stock, existing range"
2911,4000190337099,51 Hair Accessory - Rose Elastic,Clothing,ACTIVE_UNPUBLISHED,377,90,52,1,5,133,"Wave 2 — in stock, existing range"
2912,4000176000099,317-2 Snap Clip & Hair Claw S,Clothing,NOT_IN_SHOPIFY,183,95,52,1,1,31,"Wave 2 — in stock, existing range"
2913,1033192147099,1893-38 شخصيه عائله ميكي علبه,Toys (Consignment),ACTIVE_UNPUBLISHED,74,735,155,3,0,0,"Wave 3 — needs reorder, new range"
2914,1071437681099,[1071437681099] Speedo Swimming Goggles 3000-4 - Purple*White,Summer,NOT_IN_SHOPIFY,421,580,209,2,0,0,"Wave 4 — needs reorder, older range"
2915,4717385947870,[4717385947870] Ultra Alkaline AAA Batteries 2pcs on Card,Toys,NOT_IN_SHOPIFY,751,162,52,2,3,134,"Wave 2 — in stock, existing range"
2916,0194735289356,Mattel Hot Wheels - Twin Mill Monster Trucks Color Shifters,Toys,ACTIVE_UNPUBLISHED,281,675,207,1,0,0,"Wave 4 — needs reorder, older range"
2917,0194735270583,Mattel Hot Wheels - Ramblin Wrecker Monster Trucks Color Shifters,Toys,ACTIVE_UNPUBLISHED,281,675,207,1,0,0,"Wave 4 — needs reorder, older range"
2918,0194735289417,Mattel Hot Wheels - Invader Monster Trucks Color Shifters,Toys,NOT_IN_SHOPIFY,281,675,207,1,0,0,"Wave 4 — needs reorder, older range"
2919,1055952651099,999 Blanket,Baby Essentials,ACTIVE_UNPUBLISHED,370,645,207,1,0,0,"Wave 4 — needs reorder, older range"
2920,3015392000009,KSY963 Girls Craft Set +4 Sunglasses,Toys (Consignment),ACTIVE_UNPUBLISHED,218,910,207,1,0,0,"Wave 4 — needs reorder, older range"
2921,2069578521099,[2069578521099] HE8019 Educational Bus Xylophone with Shapes - Pink,Toys (Consignment),NOT_IN_SHOPIFY,468,750,206,1,0,0,"Wave 4 — needs reorder, older range"
2922,4002148542099,نيم كارت أكوا stitch,Various,ACTIVE_UNPUBLISHED,52,349,153,7,0,0,"Wave 3 — needs reorder, new range"
2923,2025070100663,SY-2272E MANICURE KITS,Toys (Consignment),ACTIVE_UNPUBLISHED,64,725,153,1,0,0,"Wave 3 — needs reorder, new range"
2924,4894680024595,ZUR-XS-WA-56220-XSHOT WATER- FAST FILL-SERIES 1-SMALL BLASTER,Toys,ACTIVE_UNPUBLISHED,109,495,152,1,0,0,"Wave 3 — needs reorder, new range"
2925,2025090101909,MBK-371 SEQUIN PILLOW,Toys (Consignment),ACTIVE_UNPUBLISHED,195,740,205,2,0,0,"Wave 4 — needs reorder, older range"
2926,1053810610099,Multicolor Necklace,Various,NOT_IN_SHOPIFY,701,121,51,1,15,825,"Wave 2 — in stock, existing range"
2927,2025121150777,XG1-22C-ادوات مائدة 34 ق,Toys (Consignment),ACTIVE_UNPUBLISHED,126,900,204,1,0,0,"Wave 4 — needs reorder, older range"
2928,8005125186426, MERMAID MAKE UP TROUSSE,Toys (Consignment),ACTIVE_UNPUBLISHED,564,900,204,1,0,0,"Wave 4 — needs reorder, older range"
2929,6222360678018,[20730-YM-18] YM-18 Light-Up Magic Drawing Board,Toys (Consignment),ACTIVE_UNPUBLISHED,211,900,204,1,0,0,"Wave 4 — needs reorder, older range"
2930,5900511346268,[10331-34626] Kids Puzzle 4 Pieces x 1,Toys (Consignment),ACTIVE_UNPUBLISHED,330,970,204,2,0,0,"Wave 4 — needs reorder, older range"
2931,1071432175099,598-استاند سكوشى ice cube 12*1,Toys,ACTIVE_UNPUBLISHED,74,140,38,1,1,85,"Wave 1 — in stock, new arrival"
2932,1052883612099,301 Lunch Bag + Pencil Case - Turquoise/Navy - T-S,School,ACTIVE_UNPUBLISHED,20,845,151,1,0,0,"Wave 3 — needs reorder, new range"
2933,1052883598099,301 Lunch Bag + Pencil Case - Purple/Purple - B-R A Fairy,School,ACTIVE_UNPUBLISHED,20,845,151,1,0,0,"Wave 3 — needs reorder, new range"
2934,1060150442099,BK-668 MICHAEL Mechanical Pencil Metal 0.7mm,School,NOT_IN_SHOPIFY,463,154,51,5,42,704,"Wave 2 — in stock, existing range"
2935,9780241538517,Pop-Up Peekaboo! Pets,Various (Consignment),ACTIVE_UNPUBLISHED,25,665,151,1,0,0,"Wave 3 — needs reorder, new range"
2936,4001513139099,[4001513139099] Kids Girls Furry Lollipop Hair Elastic,Various,NOT_IN_SHOPIFY,215,99,51,2,5,90,"Wave 2 — in stock, existing range"
2937,1038291057099,8057-1 4x4 Truck Die Cast with Sound & Light,Toys (Consignment),ACTIVE_UNPUBLISHED,218,895,203,1,0,0,"Wave 4 — needs reorder, older range"
2938,3051734000009,HX332-B Baby Doll 35cm + 12 Melodies + Accessories & Booty,Toys (Consignment),ACTIVE_UNPUBLISHED,342,895,203,1,0,0,"Wave 4 — needs reorder, older range"
2939,4001237591099,2704-5 Remote Dog p-t (Rocky),Toys,NOT_IN_SHOPIFY,410,600,203,1,0,0,"Wave 4 — needs reorder, older range"
2940,1023217880034,1018 Sneakers,Clothing,ACTIVE_UNPUBLISHED,529,560,202,1,0,0,"Wave 4 — needs reorder, older range"
2941,1023225132030,25110 Half Boot,Clothing,ACTIVE_UNPUBLISHED,322,615,202,1,0,0,"Wave 4 — needs reorder, older range"
2942,1010952747099,[1369] Candy & Ken Market Trolley,Toys,ACTIVE_UNPUBLISHED,656,899,202,1,0,0,"Wave 4 — needs reorder, older range"
2943,4000791285099,[40007-MBK-376] MBK-376 Kids Nail Art & Tattoo Machine Set,Toys,ACTIVE_UNPUBLISHED,291,600,201,1,0,0,"Wave 4 — needs reorder, older range"
2944,1071035153099,Off White Bunny & Strawberry Crib Bumper,Various,ACTIVE_UNPUBLISHED,139,560,201,1,0,0,"Wave 4 — needs reorder, older range"
2945,9789777543897,[9789777543897] Story Book - I Love to Commit,Various,NOT_IN_SHOPIFY,751,125,50,1,1,59,"Wave 2 — in stock, existing range"
2946,1023280603034,1015 Sneakers,Clothing,ACTIVE_UNPUBLISHED,565,605,201,1,0,0,"Wave 4 — needs reorder, older range"
2947,1054453051009,7105 Onesie,Clothing,ACTIVE_UNPUBLISHED,533,366,50,1,1,271,"Wave 2 — in stock, existing range"
2948,1071493757099,[10714-C1-1] C1-1 HBD Birthday Candle Card with Base 12 Candles Large - Silver,Party,NOT_IN_SHOPIFY,137,180,50,4,12,324,"Wave 2 — in stock, existing range"
2949,6222046301036,[20738-637] 637 Magic Shape Cube Toy (9 Shapes & Cube),Toys (Consignment),ACTIVE_UNPUBLISHED,169,878,199,2,0,0,"Wave 4 — needs reorder, older range"
2950,1060154305099,BCT-1-Pencil Case,School,ACTIVE_UNPUBLISHED,109,476,148,3,0,0,"Wave 3 — needs reorder, new range"
2951,4000114775099,42 Medium Claw Clip - White,School,NOT_IN_SHOPIFY,392,90,50,3,11,107,"Wave 2 — in stock, existing range"
2952,2070154179099,Barbie Scrunchie,Toys,NOT_IN_SHOPIFY,751,108,50,2,1,22,"Wave 2 — in stock, existing range"
2953,2024110102971,213-822Y P/B MARINE ANIMAL CAR(30PCS/PDQ),Toys (Consignment),NOT_IN_SHOPIFY,64,175,37,7,20,333,"Wave 1 — in stock, new arrival"
2954,2073052961099,[2073052961099] Presto Pot with Light & Sound + Tools - Pink,Toys (Consignment),ACTIVE_UNPUBLISHED,260,875,199,1,0,0,"Wave 4 — needs reorder, older range"
2955,1014156104024,040 Sandal,Clothing,NOT_IN_SHOPIFY,550,294,50,1,6,1250,"Wave 2 — in stock, existing range"
2956,1014156109024,040 Sandal,Clothing,NOT_IN_SHOPIFY,550,294,50,1,7,1458,"Wave 2 — in stock, existing range"
2957,1014156110025,040 Sandal,Clothing,NOT_IN_SHOPIFY,550,294,50,1,7,1458,"Wave 2 — in stock, existing range"
2958,1014156088023,019 Sandal,Clothing,NOT_IN_SHOPIFY,550,294,50,1,1,208,"Wave 2 — in stock, existing range"
2959,1014156111026,040 Sandal,Clothing,NOT_IN_SHOPIFY,550,294,50,1,8,1666,"Wave 2 — in stock, existing range"
2960,1060150447099,358 MICHAEL Drawing Shapes Book,Toys,NOT_IN_SHOPIFY,463,141,49,3,13,322,"Wave 2 — in stock, existing range"
2961,1053874273099,293 Pendant Beads,Various,NOT_IN_SHOPIFY,223,119,49,1,14,770,"Wave 2 — in stock, existing range"
2962,2025070101073,799-33A B/O PET HOUSE SET,Toys (Consignment),ACTIVE_UNPUBLISHED,64,695,146,1,0,0,"Wave 3 — needs reorder, new range"
2963,2073835805099,[20738-DY987-187A] DY987-187A Avengers Remote Control Car 1:16 with Lights - Version A,Toys (Consignment),ACTIVE_UNPUBLISHED,246,869,197,1,0,0,"Wave 4 — needs reorder, older range"
2964,2073892783099,[20738-27-18YS] Kids RC Car 1:16 Forward Backward Left Right Turn Stop with Light Rechargeable - Yellow/Black,Toys (Consignment),ACTIVE_UNPUBLISHED,169,869,197,1,0,0,"Wave 4 — needs reorder, older range"
2965,2073891353099,[20738-RX1800-5] RX1800-5 Kids Musical Cooking Kitchen Playset with Lights,Toys (Consignment),ACTIVE_UNPUBLISHED,272,869,197,1,0,0,"Wave 4 — needs reorder, older range"
2966,4001583971099,188 مشبك فضي ,Clothing,NOT_IN_SHOPIFY,134,95,49,2,15,255,"Wave 2 — in stock, existing range"
2967,2065663528099,[2065663528099] SP Kids Unisex Knit Cap Spider-Man - Black,Various (Consignment),NOT_IN_SHOPIFY,407,256,49,2,2,176,"Wave 2 — in stock, existing range"
2968,2024030204212,[10331-869-5] 869-5 Metal Meccano Building Set,Toys (Consignment),ACTIVE_UNPUBLISHED,435,935,197,1,0,0,"Wave 4 — needs reorder, older range"
2969,4001519351099,[4001519351099] Girls Hair Elastic Set - Multicolor,Toys,NOT_IN_SHOPIFY,488,92,49,4,34,272,"Wave 2 — in stock, existing range"
2970,5060926681672,Tangle Teezer Lavender The Ultimate Detangler Mini Brush,Clothing,ACTIVE_UNPUBLISHED,751,1120,196,2,0,0,"Wave 4 — needs reorder, older range"
2971,1060150432099,2413 Michael Shaped Sharpener with Jar,School,NOT_IN_SHOPIFY,463,140,49,5,14,206,"Wave 2 — in stock, existing range"
2972,1067850678099,[1067850678099] Smart Baby Baby Gauntlet Teether - Orange,Baby Essentials,ACTIVE_UNPUBLISHED,516,520,196,4,0,0,"Wave 4 — needs reorder, older range"
2973,4001583958099,120 سورتيت,Clothing,NOT_IN_SHOPIFY,134,90,49,3,9,90,"Wave 2 — in stock, existing range"
2974,4000191294099,753 Hair Brush - Glitter,Various,NOT_IN_SHOPIFY,253,90,49,1,6,180,"Wave 2 — in stock, existing range"
2975,4001556117099,[40015-233-1] Toddler Girls Denim Hair Elastic,Clothing,NOT_IN_SHOPIFY,225,90,49,1,4,120,"Wave 2 — in stock, existing range"
2976,4001550363099,[4001550363099] Girls Plain Hair Clips,Clothing,NOT_IN_SHOPIFY,484,90,49,3,12,120,"Wave 2 — in stock, existing range"
2977,4001513134099,[4001513134099] Kids Girls Flower Hair Clip 3-in-1,Various,NOT_IN_SHOPIFY,215,90,49,1,1,30,"Wave 2 — in stock, existing range"
2978,4001583950099,123 قفاش ص كريز,Clothing,NOT_IN_SHOPIFY,134,90,49,1,3,90,"Wave 2 — in stock, existing range"
2979,4001513116099,[4001513116099] Toddler Girls Denim Scrunchie,Various,NOT_IN_SHOPIFY,215,90,49,1,7,210,"Wave 2 — in stock, existing range"
2980,4000191277099,205 Scrunchie & Hair Clip,Various,ACTIVE_UNPUBLISHED,253,90,49,1,4,120,"Wave 2 — in stock, existing range"
2981,4001556123099,[40015-141-1] Girls Large Hair Clamp,Clothing,NOT_IN_SHOPIFY,225,90,49,2,31,465,"Wave 2 — in stock, existing range"
2982,4001582070099,[4001582070099] Toddler Girls Hair Elastic 49,Clothing,NOT_IN_SHOPIFY,496,90,49,2,9,135,"Wave 2 — in stock, existing range"
2983,4001514256099,[4001514256099] Kids Girls Gem Hair Ties Set,Various,NOT_IN_SHOPIFY,326,90,49,2,6,90,"Wave 2 — in stock, existing range"
2984,4001594549099,[40015-180] Girls Small Bow Hair Clip,Various,NOT_IN_SHOPIFY,270,90,49,2,17,255,"Wave 2 — in stock, existing range"
2985,2073870532099,V82854B6 ميك اب النجمة الذهبية,Toys (Consignment),ACTIVE_UNPUBLISHED,116,638,145,2,0,0,"Wave 3 — needs reorder, new range"
2986,1071491234099,[10714-LT3020D1] LT3020D1 Metal Stand Basketball Hoop Set,Toys,ACTIVE_UNPUBLISHED,235,850,196,1,0,0,"Wave 4 — needs reorder, older range"
2987,1667990000008,H853 Police Rifle Vibrating + Magnifying Glasses + Compass with Light,Toys (Consignment),ACTIVE_UNPUBLISHED,161,860,195,1,0,0,"Wave 4 — needs reorder, older range"
2988,9781503761643,LMN6B PLUS P-T: Let's Wash Up!,Various (Consignment),ACTIVE_UNPUBLISHED,519,858,195,1,0,0,"Wave 4 — needs reorder, older range"
2989,6937645520010,2001 Kogo Palace Blocks 516 Pieces,Toys (Consignment),ACTIVE_UNPUBLISHED,335,1100,195,1,0,0,"Wave 4 — needs reorder, older range"
2990,8754001021978,DHTRC10219G-1:20 2.4G 4CH R/C CAR,Toys (Consignment),ACTIVE_UNPUBLISHED,321,925,195,1,0,0,"Wave 4 — needs reorder, older range"
2991,2025070105163,304B 12PCS CHEMICAL EXPERIMENT,Toys (Consignment),ACTIVE_UNPUBLISHED,64,685,144,1,0,0,"Wave 3 — needs reorder, new range"
2992,2025070100670,SY-2272F MANICURE KITS,Toys (Consignment),ACTIVE_UNPUBLISHED,64,685,144,1,0,0,"Wave 3 — needs reorder, new range"
2993,1033135825099,MY2301Aسياره ريموت اشكال,Toys (Consignment),ACTIVE_UNPUBLISHED,106,685,144,1,0,0,"Wave 3 — needs reorder, new range"
2994,6225000694910,Baby Star Stain Remover 350ml,Baby Essentials (Consignment),ACTIVE_UNPUBLISHED,620,175,49,1,2,210,"Wave 2 — in stock, existing range"
2995,2660305667513,Problem Solving with Rimbo,Toys (Consignment),ACTIVE_UNPUBLISHED,523,698,193,2,0,0,"Wave 4 — needs reorder, older range"
2996,2051395872099,Mattress Protector,Baby Essentials (Consignment),ACTIVE_UNPUBLISHED,68,630,143,2,0,0,"Wave 3 — needs reorder, new range"
2997,2025010010017,[2025010010017] V82859H Butterfly Makeup Pretend Play Set 2-Tier,Toys (Consignment),ACTIVE_UNPUBLISHED,260,850,193,2,0,0,"Wave 4 — needs reorder, older range"
2998,251118952206280,A89522 Outfit Set,Clothing (Consignment),ACTIVE_UNPUBLISHED,131,849,193,1,0,0,"Wave 4 — needs reorder, older range"
2999,6938242960971,"M38-B1218 245PCS METROPOLIS
-POLICE- ESCORT CRIMINAL YURI (PULL BACK)",Toys (Consignment),ACTIVE_UNPUBLISHED,567,915,193,1,0,0,"Wave 4 — needs reorder, older range"
3000,1061262602099,C2127 Educational Microscope,Toys,NOT_IN_SHOPIFY,685,549,193,1,0,0,"Wave 4 — needs reorder, older range"
3001,1071435713099,[10714-4-HK-30] S-P Waterproof Plush Stuffed Animal - Medium,Toys,ACTIVE_UNPUBLISHED,335,618,192,2,0,0,"Wave 4 — needs reorder, older range"
3002,8051708025064,PANINI FIFA CLUB WORLD CUP 2025  STICKER,Various,NOT_IN_SHOPIFY,428,693,48,20,216,6048,"Wave 2 — in stock, existing range"
3003,2072069842099,78023  1X INS STRAW 266ML,Baby Essentials (Consignment),ACTIVE_UNPUBLISHED,83,800,142,1,0,0,"Wave 3 — needs reorder, new range"
3004,2056656824010,Dino Turquoise Swim Suit,Clothing,NOT_IN_SHOPIFY,756,509,48,1,6,2394,"Wave 2 — in stock, existing range"
3005,2056656442008,Navy Under Water Swim Suit,Clothing,NOT_IN_SHOPIFY,756,509,48,1,10,3990,"Wave 2 — in stock, existing range"
3006,2056656816006,Mustard Swim Suit,Clothing,NOT_IN_SHOPIFY,756,509,48,1,17,6783,"Wave 2 — in stock, existing range"
3007,2056656461010,Multicolored Swim Suit,Clothing,NOT_IN_SHOPIFY,756,509,48,1,7,2793,"Wave 2 — in stock, existing range"
3008,2058079311099,J96-01 B/O MINI ETELECTRONIC ORGAN(4 COLOR MIXED),Toys (Consignment),ACTIVE_UNPUBLISHED,64,670,141,2,0,0,"Wave 3 — needs reorder, new range"
3009,1071493686099,[10714-H292-4] H292-4 H-B-D Sash Headband - Cashmere,Party,NOT_IN_SHOPIFY,137,150,48,2,2,84,"Wave 2 — in stock, existing range"
3010,1071493685099,[10714-H292-3] H292-3 H-B-D Sash Headband - Gold,Party,NOT_IN_SHOPIFY,137,150,48,2,3,126,"Wave 2 — in stock, existing range"
3011,2073870558099,HE8089 ألعاب موسيقية لإدراك الأشكال، 9 قطع,Toys (Consignment),ACTIVE_UNPUBLISHED,116,619,141,1,0,0,"Wave 3 — needs reorder, new range"
3012,205669701918M,23988 Girls Outfit Set,Clothing,ACTIVE_UNPUBLISHED,98,1750,35,2,8,6000,"Wave 1 — in stock, new arrival"
3013,1023885123012,0573 Pantie,Clothing,NOT_IN_SHOPIFY,62,160,35,2,4,211,"Wave 1 — in stock, new arrival"
3014,2024030300167,[2024030300167] SY1074-12 Frozen Swimming Board,Summer (Consignment),ACTIVE_UNPUBLISHED,484,897,189,3,0,0,"Wave 4 — needs reorder, older range"
3015,2024030300044,[2024030300044] SY1074-2 Unicorn Swimming Board,Summer (Consignment),ACTIVE_UNPUBLISHED,484,897,189,3,0,0,"Wave 4 — needs reorder, older range"
3016,4000135000099,Headband Hair Accessory - 1005,Various,NOT_IN_SHOPIFY,463,80,47,2,2,23,"Wave 2 — in stock, existing range"
3017,1069750663099,[1069750663099] Girls Hair Elastics,Clothing,NOT_IN_SHOPIFY,519,80,47,2,4,46,"Wave 2 — in stock, existing range"
3018,1070280238099,13771 Poncho,Clothing,ACTIVE_UNPUBLISHED,103,385,140,1,0,0,"Wave 3 — needs reorder, new range"
3019,1049096389012,213153 Pants,Clothing,ACTIVE_UNPUBLISHED,673,605,188,1,0,0,"Wave 4 — needs reorder, older range"
3020,2024110107099,[2024110107099] 8023-25 Toy Coffee Machine with Sound & Light and Accessories,Toys (Consignment),ACTIVE_UNPUBLISHED,260,825,187,1,0,0,"Wave 4 — needs reorder, older range"
3021,2058064862009,"440019 SET 4 PIECES INCLUDE 1 DINOSAUR, 1 FRICTION CAR, ACCESSORIES",Toys (Consignment),ACTIVE_UNPUBLISHED,595,890,187,2,0,0,"Wave 4 — needs reorder, older range"
3022,1054450428012,4714 Romper,Clothing,ACTIVE_UNPUBLISHED,468,267,47,1,2,374,"Wave 2 — in stock, existing range"
3023,1054450427009,4714 Romper,Clothing,ACTIVE_UNPUBLISHED,468,267,47,1,5,936,"Wave 2 — in stock, existing range"
3024,4001546475099,[4001546475099] Small Hair Clip - Multicolor,Various,NOT_IN_SHOPIFY,475,84,47,3,8,72,"Wave 2 — in stock, existing range"
3025,1062475954102,10716 Beach Bag,Summer,ACTIVE_UNPUBLISHED,102,380,138,1,0,0,"Wave 3 — needs reorder, new range"
3026,4000191204099,C151 Clip & Denim Hair Elastic,Various,NOT_IN_SHOPIFY,253,85,47,1,15,420,"Wave 2 — in stock, existing range"
3027,1053877859099,Bracelet Stars,Clothing,NOT_IN_SHOPIFY,751,110,46,1,14,700,"Wave 2 — in stock, existing range"
3028,4041485454793,45479 Roller Pen Blue 0.5mm Metrix,School (Consignment),NOT_IN_SHOPIFY,532,173,46,3,28,980,"Wave 2 — in stock, existing range"
3029,1071491601099,[10714-F4132] F4132 Elegance Multicolor Gift Box Size 6,Toys,NOT_IN_SHOPIFY,294,120,46,2,6,177,"Wave 2 — in stock, existing range"
3030,1073785710002,58 Pajama,Clothing,NOT_IN_SHOPIFY,92,324,34,1,9,2250,"Wave 1 — in stock, new arrival"
3031,0194735307708,Mattel Hot Wheels Monster Trucks Die-Cast 1:64 Scale Toy Truck That Glows,Toys,ACTIVE_UNPUBLISHED,281,600,184,1,0,0,"Wave 4 — needs reorder, older range"
3032,2073812187099,CF8201-كاشير نقود للتسوق,Toys (Consignment),ACTIVE_UNPUBLISHED,27,599,136,1,0,0,"Wave 3 — needs reorder, new range"
3033,1003934865008,110200 Boxer,Clothing,NOT_IN_SHOPIFY,312,170,46,1,1,125,"Wave 2 — in stock, existing range"
3034,1003934860008,110200 Boxer,Clothing,NOT_IN_SHOPIFY,312,170,46,1,2,250,"Wave 2 — in stock, existing range"
3035,4000150370099,474 Cross Bag Boys Robot,School,NOT_IN_SHOPIFY,456,350,183,1,0,0,"Wave 4 — needs reorder, older range"
3036,1062446087027,D308 Sandal,Clothing,NOT_IN_SHOPIFY,568,240,46,1,8,1320,"Wave 2 — in stock, existing range"
3037,6938242956776,Fire-Helicopter 325Pcs,Toys (Consignment),ACTIVE_UNPUBLISHED,567,865,182,1,0,0,"Wave 4 — needs reorder, older range"
3038,1054486031009,7617 Romper,Clothing,ACTIVE_UNPUBLISHED,503,333,45,1,1,247,"Wave 2 — in stock, existing range"
3039,2065650379099,351000 unicorn bag,School (Consignment),NOT_IN_SHOPIFY,425,200,45,1,3,390,"Wave 2 — in stock, existing range"
3040,8005125395439,"39543 PZL 1000 STRANGER THINGS  
1000-piece jigsaw puzzle for adults Size of completed jigsaw puzzle: 69 x 50 cm",Toys (Consignment),ACTIVE_UNPUBLISHED,427,800,182,1,0,0,"Wave 4 — needs reorder, older range"
3041,8005125396016,"39601 PZL 1000 HQC LOFOTEN ISLANDS 
1000-piece jigsaw puzzle for adults Size of completed jigsaw puzzle: 69 x 50 cm",Toys (Consignment),ACTIVE_UNPUBLISHED,427,800,182,1,0,0,"Wave 4 — needs reorder, older range"
3042,4895038522718,002271 I-fun Pad,Toys,ACTIVE_UNPUBLISHED,756,809,181,1,0,0,"Wave 4 — needs reorder, older range"
3043,9780241720424,Pop-Up Peekaboo! Disney M-O,Various (Consignment),ACTIVE_UNPUBLISHED,25,591,134,1,0,0,"Wave 3 — needs reorder, new range"
3044,1052898300099,991 -15-inch Backpack - Purple/Purple - Fantasy P-R,School,ACTIVE_UNPUBLISHED,34,1350,134,1,0,0,"Wave 3 — needs reorder, new range"
3045,4001594557099,[40015-256] Toddler Girls Rose Hair Claw Clip - Large,Various,NOT_IN_SHOPIFY,270,80,45,2,2,25,"Wave 2 — in stock, existing range"
3046,4892900894638,89463 long fence,Toys,ACTIVE_UNPUBLISHED,348,650,180,1,0,0,"Wave 4 — needs reorder, older range"
3047,1060852324099,m217 Baby diaper,Baby Essentials,ACTIVE_UNPUBLISHED,725,318,180,2,0,0,"Wave 4 — needs reorder, older range"
3048,4001582071099,[4001582071099] Toddler Girls Acrylic Scrunchie 27-26,Clothing,NOT_IN_SHOPIFY,496,86,45,2,22,330,"Wave 2 — in stock, existing range"
3049,4001514253099,[4001514253099] Kids Girls Hair Ties Set,Various,NOT_IN_SHOPIFY,326,86,45,2,7,105,"Wave 2 — in stock, existing range"
3050,4000191207099,C167 Girls Hair Elastic,Various,NOT_IN_SHOPIFY,253,86,45,2,11,165,"Wave 2 — in stock, existing range"
3051,000228070010,22817- Socks,Clothing (Consignment),NOT_IN_SHOPIFY,239,198,45,2,19,1223,"Wave 2 — in stock, existing range"
3052,6958814921674,327A مسدس مايه,Toys (Consignment),ACTIVE_UNPUBLISHED,55,758,133,2,0,0,"Wave 3 — needs reorder, new range"
3053,4001536446099,[4001536446099] Girls Hair Elastic 1487,Various,NOT_IN_SHOPIFY,468,75,45,3,6,42,"Wave 2 — in stock, existing range"
3054,2024050105674,FRICTION DISMOUNTING MOTORCYCLE WITH SOUND/LIGHT/MUSIC,Toys (Consignment),NOT_IN_SHOPIFY,567,850,179,2,0,0,"Wave 4 — needs reorder, older range"
3055,2246637000008,BT1988C-2 2 Dinosaurs + Volcano 3 Shapes,Toys (Consignment),NOT_IN_SHOPIFY,530,329,45,1,1,244,"Wave 2 — in stock, existing range"
3056,2025090102531,X635-1 ALLOY BUILDING BLOCK,Toys (Consignment),ACTIVE_UNPUBLISHED,230,645,179,1,0,0,"Wave 4 — needs reorder, older range"
3057,2024060101130,EODS008-967C-Mickey Mouse Pet Set Backpack,Toys (Consignment),NOT_IN_SHOPIFY,620,944,178,1,0,0,"Wave 4 — needs reorder, older range"
3058,2058064914009,650218 BLOCK MAXI DINO HEAD SPINNER BUCKET WITH 20PCS BRICKS,Toys (Consignment),ACTIVE_UNPUBLISHED,595,845,178,1,0,0,"Wave 4 — needs reorder, older range"
3059,6223007321143,Nilco The Heist,Toys (Consignment),NOT_IN_SHOPIFY,756,250,44,1,4,700,"Wave 2 — in stock, existing range"
3060,6223007320559,Nilco EGYTOPOLY,Toys (Consignment),NOT_IN_SHOPIFY,756,250,44,1,9,1575,"Wave 2 — in stock, existing range"
3061,9781786704443,igloo - Making New Friends,Various (Consignment),NOT_IN_SHOPIFY,751,250,44,1,1,175,"Wave 2 — in stock, existing range"
3062,4002148536099,نيم كارت بالحبل أحمرMI,Various,ACTIVE_UNPUBLISHED,52,299,131,6,0,0,"Wave 3 — needs reorder, new range"
3063,1060154191099,621-1-Plastic Water Bottle,School,ACTIVE_UNPUBLISHED,109,375,131,1,0,0,"Wave 3 — needs reorder, new range"
3064,4001531680099,[4001531680099] Girls Medium Hair Clip Set 25-188,Various,NOT_IN_SHOPIFY,473,80,44,2,8,104,"Wave 2 — in stock, existing range"
3065,4001546484099,[4001546484099] Stitch Bracelet - Multicolor,Various,NOT_IN_SHOPIFY,475,80,44,2,5,65,"Wave 2 — in stock, existing range"
3066,1023810758012,0664 Boxer Shorts Pack Of 2,Clothing,NOT_IN_SHOPIFY,751,175,44,1,4,455,"Wave 2 — in stock, existing range"
3067,1023850782014,0663 Boxer Shorts Pack Of 2,Clothing,NOT_IN_SHOPIFY,553,175,44,1,1,109,"Wave 2 — in stock, existing range"
3068,1023891516012,0662 Boxer Shorts Pack Of 2,Clothing,NOT_IN_SHOPIFY,146,175,44,1,3,328,"Wave 2 — in stock, existing range"
3069,1023810777012,0664 Boxer Shorts Pack Of 2,Clothing,NOT_IN_SHOPIFY,751,175,44,1,1,109,"Wave 2 — in stock, existing range"
3070,1023850785014,0664 Boxer Shorts Pack Of 2,Clothing,NOT_IN_SHOPIFY,553,175,44,1,1,109,"Wave 2 — in stock, existing range"
3071,1071413267099,[1071413267099] Plush Furry Bear with Grey Bow - Baby Blue,Various,ACTIVE_UNPUBLISHED,264,600,176,1,-1,-350,"Wave 4 — needs reorder, older range"
3072,1071413268099,[1071413268099] Plush Furry Bear with Purple Bow - Purple,Various,ACTIVE_UNPUBLISHED,264,600,176,1,0,0,"Wave 4 — needs reorder, older range"
3073,4001590708099,487 satin bow clip,Clothing,NOT_IN_SHOPIFY,117,60,33,1,2,40,"Wave 1 — in stock, new arrival"
3074,1051739636019, 99138 Laklok,Clothing,NOT_IN_SHOPIFY,134,145,44,1,26,2166,"Wave 2 — in stock, existing range"
3075,4001234605099,10169 Bubbles Bazooka White*Baby Blue 69 Holes,Toys,ACTIVE_UNPUBLISHED,208,450,175,1,0,0,"Wave 4 — needs reorder, older range"
3076,4001562853099,[4001562853099] Girls Hair Clips,Various,NOT_IN_SHOPIFY,274,80,44,2,11,145,"Wave 2 — in stock, existing range"
3077,4002081244099,[40020-42T-4] 42T-4 Kitchen Play Set with Accessories 42cm Sound Light and Steam,Toys,ACTIVE_UNPUBLISHED,228,650,175,1,0,0,"Wave 4 — needs reorder, older range"
3078,1071493755099,[10714-C5-1] C5-1 Birthday Candle Card with Base 24 Candles H-B-D - Pink,Party,NOT_IN_SHOPIFY,137,136,44,4,15,285,"Wave 2 — in stock, existing range"
3079,1060154208099,95519-Plastic Water Bottle,School,ACTIVE_UNPUBLISHED,109,370,130,1,0,0,"Wave 3 — needs reorder, new range"
3080,2062598267099,لوحه صلاه - موف,School (Consignment),ACTIVE_UNPUBLISHED,22,570,130,3,0,0,"Wave 3 — needs reorder, new range"
3081,1023810765012,0664 Boxer Shorts Pack Of 2,Clothing,NOT_IN_SHOPIFY,751,175,44,1,6,675,"Wave 2 — in stock, existing range"
3082,20701732099,Helium Number Balloon Number [8] - Black,Party,ACTIVE_UNPUBLISHED,751,224,174,1,0,0,"Wave 4 — needs reorder, older range"
3083,1070031549099,[10700-1019] Scooter 1019 Battery,Toys,NOT_IN_SHOPIFY,292,2250,174,1,0,0,"Wave 4 — needs reorder, older range"
3084,4001096259099,138258-31 Labubu Can Stand 1*12,Various,NOT_IN_SHOPIFY,369,135,43,1,11,825,"Wave 2 — in stock, existing range"
3085,4001062320099,3353-13 Pullback Toy Labubu Construction Tools Car Stand 12x1,Toys,NOT_IN_SHOPIFY,344,135,43,1,14,1050,"Wave 2 — in stock, existing range"
3086,1071493689099,[10714-H293-3] H-B-D Party Accessories Glitter Glasses Hair Clip - Pink,Party,NOT_IN_SHOPIFY,137,135,43,3,1,25,"Wave 2 — in stock, existing range"
3087,1071450099099,[1071450099099] M-I Stuffed Animal Plush - 50cm,Various,ACTIVE_UNPUBLISHED,418,500,174,1,0,0,"Wave 4 — needs reorder, older range"
3088,4001250307099,1698-K6 Rubik's Cube Stand 6*1 C-R,Toys,NOT_IN_SHOPIFY,515,110,43,2,3,80,"Wave 2 — in stock, existing range"
3089,8693830036336,3633 Picnic Basket Dough Set – 4 Pcs,Toys,ACTIVE_UNPUBLISHED,756,599,173,1,0,0,"Wave 4 — needs reorder, older range"
3090,6902401122456,"SE413 ""Eye shadow",Toys (Consignment),ACTIVE_UNPUBLISHED,477,625,173,1,0,0,"Wave 4 — needs reorder, older range"
3091,1071470811099,[10714-y4934-1] y4934 Gift Bag Large Assorted,Toys,NOT_IN_SHOPIFY,257,120,43,2,10,310,"Wave 2 — in stock, existing range"
3092,4001264312099,HY629 Baby Rattle Stand 12*1,Toys,NOT_IN_SHOPIFY,447,130,43,1,8,566,"Wave 2 — in stock, existing range"
3093,1003963060008,110200 Boxer,Clothing,NOT_IN_SHOPIFY,679,170,43,1,11,1373,"Wave 2 — in stock, existing range"
3094,4000175965099,336-3 Bow Hair Clip,Clothing,NOT_IN_SHOPIFY,183,85,43,3,5,52,"Wave 2 — in stock, existing range"
3095,3141841000006,MYQ-Y03 طقم اظافر + مونيكير,Toys (Consignment),ACTIVE_UNPUBLISHED,96,560,127,1,0,0,"Wave 3 — needs reorder, new range"
3096,4000384642099,AF410 نظارة سباحة علبة مينت,Summer,ACTIVE_UNPUBLISHED,46,430,127,2,0,0,"Wave 3 — needs reorder, new range"
3097,1071415248099,[10714-1514-15] Doraemon Character Plush Large,Toys,ACTIVE_UNPUBLISHED,302,550,171,1,0,0,"Wave 4 — needs reorder, older range"
3098,4897126753912,KH20/072-WOODEN PEG PUZZLE MY LITTLE ZOO,Toys (Consignment),ACTIVE_UNPUBLISHED,166,914,171,3,0,0,"Wave 4 — needs reorder, older range"
3099,4000748751099,[4000748751099] Magic Board & Xylophone - Pink,Toys,ACTIVE_UNPUBLISHED,558,450,171,1,0,0,"Wave 4 — needs reorder, older range"
3100,4893156062123,[4893156062123] Toy Make Your Spider-Man Spider Robot,Toys (Consignment),NOT_IN_SHOPIFY,678,975,43,1,2,1625,"Wave 2 — in stock, existing range"
3101,4001591780099,[40015-1722] Kids Bandana,Various,NOT_IN_SHOPIFY,337,76,43,2,1,12,"Wave 2 — in stock, existing range"
3102,205669335509M, 23693 BOYS Swimsuit,Clothing,ACTIVE_UNPUBLISHED,466,650,170,1,0,0,"Wave 4 — needs reorder, older range"
3103,205669335612M, 23693 BOYS Swimsuit,Clothing,ACTIVE_UNPUBLISHED,466,650,170,1,0,0,"Wave 4 — needs reorder, older range"
3104,205669335406M, 23693 BOYS Swimsuit,Clothing,ACTIVE_UNPUBLISHED,466,650,170,1,0,0,"Wave 4 — needs reorder, older range"
3105,1023891113099,4-0228-24 Mattress baby,Clothing,ACTIVE_UNPUBLISHED,222,650,170,2,0,0,"Wave 4 — needs reorder, older range"
3106,2073835798099,[20738-DY668-57] DY668-57 Diecast Metal Car Model 1:28 - Range Rover Black,Toys (Consignment),ACTIVE_UNPUBLISHED,246,749,170,1,0,0,"Wave 4 — needs reorder, older range"
3107,4000710234099,[40007-1893-2] Spider-Man Action Figures Set 7 Figures - Multicolor,Toys,ACTIVE_UNPUBLISHED,245,650,170,1,0,0,"Wave 4 — needs reorder, older range"
3108,5900511290462,[5900511290462] Puzzle 1000 Pieces Panorama,Toys (Consignment),ACTIVE_UNPUBLISHED,753,649,170,1,0,0,"Wave 4 — needs reorder, older range"
3109,4001514257099,[4001514257099] Kids Girls Hair Ties Set,Various,NOT_IN_SHOPIFY,326,80,42,2,1,14,"Wave 2 — in stock, existing range"
3110,6920109068821,[6920109068821] Water Bullet Gun (ST652B),Toys (Consignment),NOT_IN_SHOPIFY,753,799,168,1,0,0,"Wave 4 — needs reorder, older range"
3111,6222025701234,[6222025701234] D8917 Carpenter Tools Pretend Play Set with Bag,Toys (Consignment),NOT_IN_SHOPIFY,753,799,168,1,0,0,"Wave 4 — needs reorder, older range"
3112,6959997152794,[10331-FD39-A] FD39-A Pullback Cars Set 12 Pieces,Toys (Consignment),ACTIVE_UNPUBLISHED,435,799,168,1,0,0,"Wave 4 — needs reorder, older range"
3113,1033142175099,[1033142175099] Cars Wooden Skateboard - Multicolor,Toys (Consignment),NOT_IN_SHOPIFY,751,799,168,1,0,0,"Wave 4 — needs reorder, older range"
3114,1070385980034,9031 Sneakers,Clothing,NOT_IN_SHOPIFY,636,525,168,1,0,0,"Wave 4 — needs reorder, older range"
3115,4000190326099,46 Hair Accessory - Claw Clip Medium,Clothing,NOT_IN_SHOPIFY,377,70,42,2,17,165,"Wave 2 — in stock, existing range"
3116,1062461219017,A1007 Sandal,Clothing,ACTIVE_UNPUBLISHED,118,410,124,1,0,0,"Wave 3 — needs reorder, new range"
3117,1036272595099,51000 Gift clothes box,Clothing,ACTIVE_UNPUBLISHED,125,540,168,1,0,0,"Wave 4 — needs reorder, older range"
3118,2025010108230,X168-28 DIY CLAY SET(2 COLORS MIXED),Toys (Consignment),ACTIVE_UNPUBLISHED,64,590,124,2,0,0,"Wave 3 — needs reorder, new range"
3119,9781836503125,Wild Animals,Various (Consignment),ACTIVE_UNPUBLISHED,82,700,124,2,0,0,"Wave 3 — needs reorder, new range"
3120,6222366111138,1111-138-كاشير بالصوت و النور,Toys (Consignment),ACTIVE_UNPUBLISHED,126,1080,167,1,0,0,"Wave 4 — needs reorder, older range"
3121,2058064904009,650196 BLOCK MAXI BENDY BUCKET WITH 20PCS BRICKS ,Toys (Consignment),NOT_IN_SHOPIFY,595,795,167,1,0,0,"Wave 4 — needs reorder, older range"
3122,2058064864009,"440020 SET 9 PIECES INCLUDE 4 DINO, 1 FRICTION CAR, ACCESSORIES",Toys (Consignment),ACTIVE_UNPUBLISHED,595,795,167,1,0,0,"Wave 4 — needs reorder, older range"
3123,1068512221099,21-ملاهي سرير امبريلا,Various,ACTIVE_UNPUBLISHED,13,540,124,1,0,0,"Wave 3 — needs reorder, new range"
3124,1068512220099,21-ملاهي سرير امبريلا,Various,ACTIVE_UNPUBLISHED,13,540,124,1,0,0,"Wave 3 — needs reorder, new range"
3125,2041051132099,TR:2024805TR Tro Pacifier Clip Strap,Baby Essentials (Consignment),ACTIVE_UNPUBLISHED,503,232,42,2,1,81,"Wave 2 — in stock, existing range"
3126,4001594558099,[40015-256-1] Toddler Girls Rose Hair Claw Clip - Small,Various,NOT_IN_SHOPIFY,270,76,42,2,7,88,"Wave 2 — in stock, existing range"
3127,6222046300220,600 Beach Toy - Rechargeable Multi-Function Water Gun,Summer,NOT_IN_SHOPIFY,461,475,167,1,0,0,"Wave 4 — needs reorder, older range"
3128,281133,FIONKA 35,Clothing (Consignment),NOT_IN_SHOPIFY,751,140,42,4,39,792,"Wave 2 — in stock, existing range"
3129,2024042202619,SE842 806 Digital Stacking High,Toys (Consignment),NOT_IN_SHOPIFY,333,150,42,1,2,180,"Wave 2 — in stock, existing range"
3130,4041485487210,Glue White 40ml,School (Consignment),NOT_IN_SHOPIFY,532,150,42,4,3,68,"Wave 2 — in stock, existing range"
3131,1060815367099,m395 Bib,Clothing,ACTIVE_UNPUBLISHED,98,240,123,2,0,0,"Wave 3 — needs reorder, new range"
3132,1071851873008,2781 Unisex Regular T-Shirt,Clothing,NOT_IN_SHOPIFY,517,349,166,1,0,0,"Wave 4 — needs reorder, older range"
3133,1003910274013,110200 Boxer,Clothing,NOT_IN_SHOPIFY,691,205,42,1,2,277,"Wave 2 — in stock, existing range"
3134,1023856999010,0662 Boxer Shorts Pack Of 2,Clothing,ACTIVE_UNPUBLISHED,755,175,41,1,3,336,"Wave 2 — in stock, existing range"
3135,4001213551099,PP3189-9A-P-Tساعة يد بروجيكتورشخصية مارشال,Various,ACTIVE_UNPUBLISHED,47,330,123,2,0,0,"Wave 3 — needs reorder, new range"
3136,1071798270099,"Cube-169-2 Bingo Squishy Chocolate snack pack PU Mixed style, with mesh bags 12 pieces",Toys,ACTIVE_UNPUBLISHED,36,400,123,4,0,0,"Wave 3 — needs reorder, new range"
3137,1071798271099,"Cube-169-2 Bingo Squishy Chocolate snack pack PU Mixed style, with mesh bags 12 pieces",Toys,ACTIVE_UNPUBLISHED,36,400,123,4,0,0,"Wave 3 — needs reorder, new range"
3138,1071798265099,"Cube-169-2 Bingo Squishy Chocolate snack pack PU Mixed style, with mesh bags 12 pieces",Toys,ACTIVE_UNPUBLISHED,36,400,123,4,0,0,"Wave 3 — needs reorder, new range"
3139,2069514574099,[2069514574099] Airbus Airplane Toy with Sound & Light,Toys (Consignment),ACTIVE_UNPUBLISHED,669,600,165,1,0,0,"Wave 4 — needs reorder, older range"
3140,2073032602099,[20730-8023-26] Stand Mixer Toy with Sound & Light & Accessories - Red,Toys (Consignment),ACTIVE_UNPUBLISHED,211,725,165,1,0,0,"Wave 4 — needs reorder, older range"
3141,2024110107129,[2024110107129] Toy Coffee Machine with Sound & Light + Accessories,Toys (Consignment),ACTIVE_UNPUBLISHED,260,725,165,1,0,0,"Wave 4 — needs reorder, older range"
3142,1703144000002,868-63 Girls Crafts Watch Making Set 110pcs,Toys (Consignment),NOT_IN_SHOPIFY,469,725,165,1,-1,-471,"Wave 4 — needs reorder, older range"
3143,1003971473012,26203632 Romper,Clothing,ACTIVE_UNPUBLISHED,120,486,122,2,0,0,"Wave 3 — needs reorder, new range"
3144,8412497758616,Stitch Active Bottle 820 ml,School,ACTIVE_UNPUBLISHED,734,674,164,1,0,0,"Wave 4 — needs reorder, older range"
3145,4000191216099,C252 Metal Hair Clip,Various,ACTIVE_UNPUBLISHED,253,81,41,2,5,75,"Wave 2 — in stock, existing range"
3146,1004841212099,S560-ماصه فواكه سيليكون,Various,ACTIVE_UNPUBLISHED,751,165,41,1,1,104,"Wave 2 — in stock, existing range"
3147,4001273007099,A6622 طقم شخصيات بالادوات والقنار P-T,Toys,ACTIVE_UNPUBLISHED,104,395,121,1,0,0,"Wave 3 — needs reorder, new range"
3148,1044885177099,20020101 Cotton Baby Bib – Little Hero Fox Design,Various,ACTIVE_UNPUBLISHED,167,660,164,6,-2,-138,"Wave 4 — needs reorder, older range"
3149,1071413278099,[1071413278099] Stitch Plush Medium - Petrol,Various,ACTIVE_UNPUBLISHED,264,500,164,1,0,0,"Wave 4 — needs reorder, older range"
3150,2025010108193,X168-22 DIY CLAY SET,Toys (Consignment),ACTIVE_UNPUBLISHED,64,575,121,1,0,0,"Wave 3 — needs reorder, new range"
3151,4001590682099,140 Rose pick - K,Clothing,NOT_IN_SHOPIFY,117,55,30,1,3,54,"Wave 1 — in stock, new arrival"
3152,4001590691099,150 Girls bandana,Clothing,NOT_IN_SHOPIFY,117,55,30,1,4,72,"Wave 1 — in stock, new arrival"
3153,4000176006099,324 Girls Bandana,Clothing,NOT_IN_SHOPIFY,183,75,41,1,2,50,"Wave 2 — in stock, existing range"
3154,4000191274099,c5 Hair Clip Kitty,Various,ACTIVE_UNPUBLISHED,253,75,41,1,8,200,"Wave 2 — in stock, existing range"
3155,4001556097099,[40015-83-78] Toddler Girls Large Bow Hair Clip,Clothing,NOT_IN_SHOPIFY,225,75,41,1,1,25,"Wave 2 — in stock, existing range"
3156,1014052472099,43040 Bestway 74  x 28 /1.88m x 71cm Fashion Lounge,Summer,ACTIVE_UNPUBLISHED,119,435,121,1,0,0,"Wave 3 — needs reorder, new range"
3157,1054413791009,7301 Onesie,Clothing,ACTIVE_UNPUBLISHED,386,505,163,1,0,0,"Wave 4 — needs reorder, older range"
3158,6937645530293,3029 BLOCK COGO,Toys (Consignment),ACTIVE_UNPUBLISHED,655,1159,163,2,0,0,"Wave 4 — needs reorder, older range"
3159,4000190289099,35 Hair Clip - Rose,Clothing,NOT_IN_SHOPIFY,377,70,41,1,1,21,"Wave 2 — in stock, existing range"
3160,4000190290099,35 Hair Claw - Medium,Clothing,NOT_IN_SHOPIFY,377,70,41,1,5,104,"Wave 2 — in stock, existing range"
3161,8888021202267,[8888021202267] Energizer AA Pen Battery Promo Card,Various,NOT_IN_SHOPIFY,263,170,41,1,4,434,"Wave 2 — in stock, existing range"
3162,1050812548099,[1050812548099] La Frutta Baby Safety Harness 2.5m - Pistachio,Baby Essentials (Consignment),ACTIVE_UNPUBLISHED,751,1030,162,2,0,0,"Wave 4 — needs reorder, older range"
3163,1050812546099,[1050812546099] La Frutta Baby Safety Harness 2.5m - Baby Blue,Baby Essentials (Consignment),ACTIVE_UNPUBLISHED,751,1030,162,2,0,0,"Wave 4 — needs reorder, older range"
3164,1023895191003, 3-2034-26 Pajama,Clothing,ACTIVE_UNPUBLISHED,204,550,161,1,0,0,"Wave 4 — needs reorder, older range"
3165,1023896588003,3-2684-25 Pajama,Clothing,ACTIVE_UNPUBLISHED,372,550,161,1,0,0,"Wave 4 — needs reorder, older range"
3166,1812578000004,91622 Educational Baby Blocks 40pcs,Toys (Consignment),NOT_IN_SHOPIFY,530,710,161,1,0,0,"Wave 4 — needs reorder, older range"
3167,3555801360183,[3555801360183] SSC Toy Make Your Own Magic Slime Set 3 Jars,Toys (Consignment),NOT_IN_SHOPIFY,753,765,161,1,0,0,"Wave 4 — needs reorder, older range"
3168,1023891523010,0663 Boxer Shorts Pack Of 2,Clothing,NOT_IN_SHOPIFY,146,175,40,1,4,453,"Wave 2 — in stock, existing range"
3169,2073812170099,8017B-بيانوالحيوانات الموسيقي التعليمى,Toys (Consignment),ACTIVE_UNPUBLISHED,27,525,119,1,0,0,"Wave 3 — needs reorder, new range"
3170,2073812169099,8017B-بيانوالحيوانات الموسيقي التعليمى,Toys (Consignment),ACTIVE_UNPUBLISHED,27,525,119,1,0,0,"Wave 3 — needs reorder, new range"
3171,4002081288099,[40020-037-6G] 037-6G Jump Rope,Toys,ACTIVE_UNPUBLISHED,228,120,40,1,1,65,"Wave 2 — in stock, existing range"
3172,4000134982099,Girls Hair Elastic Hair Accessory - 1008,Various,NOT_IN_SHOPIFY,463,70,40,2,9,96,"Wave 2 — in stock, existing range"
3173,2025070100717,SY-2272J MANICURE KITS,Toys (Consignment),ACTIVE_UNPUBLISHED,64,565,119,1,0,0,"Wave 3 — needs reorder, new range"
3174,1071402173099,[10714-6735-2] Sonic the Hedgehog Sonic Plush Figure - Blue (Large),Various,ACTIVE_UNPUBLISHED,200,525,161,1,0,0,"Wave 4 — needs reorder, older range"
3175,4000732903099,512-Speed push machine bear,Toys,NOT_IN_SHOPIFY,126,450,160,3,0,0,"Wave 4 — needs reorder, older range"
3176,4000785675099,518A-24 سجاده بيبي بيانو بينك ZOO,Toys,ACTIVE_UNPUBLISHED,60,540,119,1,0,0,"Wave 3 — needs reorder, new range"
3177,1004434817099,[1004434817099] Baby Hollow Pillow,Baby Essentials,NOT_IN_SHOPIFY,186,114,40,1,9,540,"Wave 2 — in stock, existing range"
3178,1060154292099,BCT-1-Pencil Case,School,ACTIVE_UNPUBLISHED,109,340,118,2,0,0,"Wave 3 — needs reorder, new range"
3179,1060154304099,BCT-1-Pencil Case,School,ACTIVE_UNPUBLISHED,109,340,118,2,0,0,"Wave 3 — needs reorder, new range"
3180,9789779463834,[20664-13] Book Once Upon a Time (2),Various (Consignment),ACTIVE_UNPUBLISHED,368,900,159,1,0,0,"Wave 4 — needs reorder, older range"
3181,1014882750099,[10148-1688-20A-2] Toy Fishing Game - Yellow,Toys (Consignment),ACTIVE_UNPUBLISHED,172,570,159,1,0,0,"Wave 4 — needs reorder, older range"
3182,8693830034141,[3414] BABY SHAPE SORTER BASKET,Toys,ACTIVE_UNPUBLISHED,656,550,159,1,0,0,"Wave 4 — needs reorder, older range"
3183,4000176020099,346 Glitter Scrunchie,Clothing,NOT_IN_SHOPIFY,183,75,40,1,6,156,"Wave 2 — in stock, existing range"
3184,4892401088000,[4892401088000] Playgo Kids Clay Snack Set,Toys (Consignment),ACTIVE_UNPUBLISHED,580,700,159,1,0,0,"Wave 4 — needs reorder, older range"
3185,8005125239702,23970 Children's jigsaw puzzle with 104 extra-large pieces 62 x 42 cm,Toys (Consignment),ACTIVE_UNPUBLISHED,481,700,159,1,0,0,"Wave 4 — needs reorder, older range"
3186,2073891558099,[20738-S8250C] S8250C Kids PUBG Gel Blaster Gun with Soft Bullets & Accessories,Toys (Consignment),NOT_IN_SHOPIFY,272,699,159,1,0,0,"Wave 4 — needs reorder, older range"
3187,2056693259006, 971 Unisex Swim Robe,Clothing,ACTIVE_UNPUBLISHED,470,1150,159,1,0,0,"Wave 4 — needs reorder, older range"
3188,4000789261099,[4000789261099] HJ-02 Safety Gear Set - Black,Toys,NOT_IN_SHOPIFY,551,125,40,1,3,210,"Wave 2 — in stock, existing range"
3189,1073650659099, 15993 Gift clothes box,Clothing,ACTIVE_UNPUBLISHED,111,539,117,1,0,0,"Wave 3 — needs reorder, new range"
3190,1034052222099,Sorry Cards,Party,NOT_IN_SHOPIFY,751,105,40,3,200,3500,"Wave 2 — in stock, existing range"
3191,1034021361099,General Cards,Party,NOT_IN_SHOPIFY,751,105,40,3,12,210,"Wave 2 — in stock, existing range"
3192,1034021360099,Get Well Soon Cards,Party,NOT_IN_SHOPIFY,751,105,40,3,78,1365,"Wave 2 — in stock, existing range"
3193,2000001686676,[2000001686676] V79666B7 Light-Up Shoe Makeup Playset,Toys (Consignment),ACTIVE_UNPUBLISHED,522,565,158,1,0,0,"Wave 4 — needs reorder, older range"
3194,1033150329099,[10331-9263-81B-1] 9263-81B S-P Train Pullback Toy - Blue,Toys (Consignment),ACTIVE_UNPUBLISHED,197,750,158,2,0,0,"Wave 4 — needs reorder, older range"
3195,1071413288099,[1071413288099] Stitch Plush Large,Various,ACTIVE_UNPUBLISHED,264,864,158,1,0,0,"Wave 4 — needs reorder, older range"
3196,4001562859099,[4001562859099] Girls Hair Elastic Band,Various,NOT_IN_SHOPIFY,274,70,39,2,7,77,"Wave 2 — in stock, existing range"
3197,6956667596261,[6956667596261] ZY113 Kids Pottery Wheel Craft Kit,Toys (Consignment),NOT_IN_SHOPIFY,281,745,157,1,0,0,"Wave 4 — needs reorder, older range"
3198,9780198408000,OXF SCHOOL GERMAN DICTIONARY PB 2017,Various (Consignment),ACTIVE_UNPUBLISHED,25,511,116,1,0,0,"Wave 3 — needs reorder, new range"
3199,1053877863099,Necklace Rose Shell,Clothing,NOT_IN_SHOPIFY,751,92,39,1,9,378,"Wave 2 — in stock, existing range"
3200,1053876927099,Bracelet 4 Rows,Adults,NOT_IN_SHOPIFY,751,92,39,1,5,210,"Wave 2 — in stock, existing range"
3201,4000191203099,C151 Scrunchie & Fur Clip,Various,ACTIVE_UNPUBLISHED,253,76,39,1,6,168,"Wave 2 — in stock, existing range"
3202,1070385053026,3016 Sneakers,Clothing,NOT_IN_SHOPIFY,495,488,156,1,0,0,"Wave 4 — needs reorder, older range"
3203,2024110103008,2016-9 B/O THOR HAMMER WITH LIGHT AND SOUND(WITHOUT BATTERY),Toys (Consignment),ACTIVE_UNPUBLISHED,64,550,116,2,0,0,"Wave 3 — needs reorder, new range"
3204,4000185355099,613 - Transparent Cross Bag - Green,Various,ACTIVE_UNPUBLISHED,176,315,156,1,0,0,"Wave 4 — needs reorder, older range"
3205,4000714884099,6703B مسدس صوت ونور بطارية S-P,Toys,ACTIVE_UNPUBLISHED,97,400,116,1,0,0,"Wave 3 — needs reorder, new range"
3206,1071471049099,201-20 بوكس هدايا قلب لامع ص رقم 2,Toys,NOT_IN_SHOPIFY,60,360,116,2,0,0,"Wave 3 — needs reorder, new range"
3207,1023810764008,0664 Boxer Shorts Pack Of 2,Clothing,NOT_IN_SHOPIFY,756,155,39,1,7,714,"Wave 2 — in stock, existing range"
3208,1023810761008,0664 Boxer Shorts Pack Of 2,Clothing,NOT_IN_SHOPIFY,756,155,39,1,12,1193,"Wave 2 — in stock, existing range"
3209,1023891522008,0663 Boxer Shorts Pack Of 2,Clothing,NOT_IN_SHOPIFY,146,155,39,1,10,969,"Wave 2 — in stock, existing range"
3210,1067592651099,Nursing Pillow - Koala & Crescent & Stars Cashmere,Baby Essentials,ACTIVE_UNPUBLISHED,202,560,156,1,0,0,"Wave 4 — needs reorder, older range"
3211,4001590711099,291 A box of sticks,Clothing,NOT_IN_SHOPIFY,117,50,29,1,2,30,"Wave 1 — in stock, new arrival"
3212,4000176012099,371 Rose Bow Hair Clip,Clothing,NOT_IN_SHOPIFY,183,70,39,1,1,22,"Wave 2 — in stock, existing range"
3213,4001552992099,[40015-229-2] Toddler Girls Bandana,Clothing,NOT_IN_SHOPIFY,348,70,39,1,6,135,"Wave 2 — in stock, existing range"
3214,4000175960099,335-2 Girls Hair Elastic,Clothing,NOT_IN_SHOPIFY,183,70,39,2,9,101,"Wave 2 — in stock, existing range"
3215,6920240618169,"FN6172A/4 channel Hummer R/C car, not included battery",Toys (Consignment),NOT_IN_SHOPIFY,687,562,156,1,0,0,"Wave 4 — needs reorder, older range"
3216,1071495875099,52600  NEEDOH JELLY FISH سيمون,Toys,ARCHIVED,57,428,115,2,-1,-130,"Wave 3 — needs reorder, new range"
3217,2058075186099,3127-MY FIRST SMARTPHONE (3 COLOR MIXED),Toys (Consignment),ACTIVE_UNPUBLISHED,166,884,155,2,0,0,"Wave 4 — needs reorder, older range"
3218,2009737166006,102 Onesie,Clothing (Consignment),ACTIVE_UNPUBLISHED,151,678,154,2,0,0,"Wave 4 — needs reorder, older range"
3219,1023250704032,219 Ballarina,Clothing,ACTIVE_UNPUBLISHED,538,385,154,1,0,0,"Wave 4 — needs reorder, older range"
3220,4893156068026,[4893156068026] Unicorn Puzzle Game,Toys (Consignment),NOT_IN_SHOPIFY,678,875,38,1,6,4375,"Wave 2 — in stock, existing range"
3221,2073891336099,[20738-1111-176] Kids Stitch Shopping Cashier Register - Aqua/Navy,Toys (Consignment),NOT_IN_SHOPIFY,272,675,153,1,0,0,"Wave 4 — needs reorder, older range"
3222,2071996903099,YH-8521A DOCTOR SET(WITH SOUND/LIGHT),Toys (Consignment),ACTIVE_UNPUBLISHED,123,720,153,1,0,0,"Wave 4 — needs reorder, older range"
3223,1043679386099,1535 Tic Tac,Clothing,NOT_IN_SHOPIFY,173,80,38,2,6,96,"Wave 2 — in stock, existing range"
3224,8412668152359,2400 Baby Shark,Toys,ACTIVE_UNPUBLISHED,285,105,38,1,1,54,"Wave 2 — in stock, existing range"
3225,1071493770099,[10714-C19-1] C19-1 Metallic Birthday Candle Card 10 Candles Large - Cashmere,Party,NOT_IN_SHOPIFY,137,105,38,3,2,36,"Wave 2 — in stock, existing range"
3226,1071493761099,[10714-C3-3] C3-3 Birthday Candle Card with Base 24 Candles Round Cutter - Baby Blue,Party,NOT_IN_SHOPIFY,137,105,38,3,8,144,"Wave 2 — in stock, existing range"
3227,1071491248099,[10714-326] Metallic Pen Candle Card 12x1,Clothing,NOT_IN_SHOPIFY,281,105,38,3,3,54,"Wave 2 — in stock, existing range"
3228,2846678000007,ZC7150 Pistol + 20 Pcs Full Pump Action,Toys (Consignment),NOT_IN_SHOPIFY,530,670,152,1,0,0,"Wave 4 — needs reorder, older range"
3229,4000821447099,[4000821447099] Kids Waist Bag - Black,Various,NOT_IN_SHOPIFY,662,290,152,1,0,0,"Wave 4 — needs reorder, older range"
3230,4000175974099,320 Hair Clip & Hair Clip & Hair Elastic,Clothing,NOT_IN_SHOPIFY,183,70,38,1,3,70,"Wave 2 — in stock, existing range"
3231,5713795267491,BIBS Pacifier Studio Colour 2 PACK Block Latex Size 2 Ruby Pine Mix,Baby Essentials (Consignment),ACTIVE_UNPUBLISHED,628,855,152,1,0,0,"Wave 4 — needs reorder, older range"
3232,6223011114380,FG0102 Penduline Kids Shampoo Blue (For Dry Hair) 450 Ml,Baby Essentials (Consignment),ACTIVE_UNPUBLISHED,459,855,152,3,0,0,"Wave 4 — needs reorder, older range"
3233,5713795271818,BIBS Pacifier Studio Colour 2 PACK Fusion Latex Size 2 Baby Blue Petrol mix,Baby Essentials (Consignment),ACTIVE_UNPUBLISHED,292,855,152,1,0,0,"Wave 4 — needs reorder, older range"
3234,5713795276523,BIBS Pacifier Studio Colour 2 PACK Polka Latex Size 2 Blossom/Candy Apple,Baby Essentials (Consignment),ACTIVE_UNPUBLISHED,180,855,152,1,0,0,"Wave 4 — needs reorder, older range"
3235,5713795277148,BIBS x Liberty Pacifier Colour 2 PACK Chloe Meadow Latex Size 1 Ivory Mix,Baby Essentials (Consignment),ACTIVE_UNPUBLISHED,125,855,152,1,0,0,"Wave 4 — needs reorder, older range"
3236,1060150407099,XP-3084 Michael Shaped Sharpener,School,NOT_IN_SHOPIFY,463,118,38,2,3,98,"Wave 2 — in stock, existing range"
3237,1052864485099,301 Lunch Bag + Pencil Case - Purple/Fuchsia - Sweet Girl,School,ACTIVE_UNPUBLISHED,400,845,151,1,0,0,"Wave 4 — needs reorder, older range"
3238,1054485710003,8992 Dress,Clothing,ACTIVE_UNPUBLISHED,91,604,112,1,0,0,"Wave 3 — needs reorder, new range"
3239,2041036490099,TR:2024118TR Tro Gold Silicone Pacifier with Pouch 2 Colors,Baby Essentials (Consignment),ACTIVE_UNPUBLISHED,253,850,151,3,0,0,"Wave 4 — needs reorder, older range"
3240,2070514333099,Breastmilk cooler bag with 2 gel pouches,Baby Essentials (Consignment),NOT_IN_SHOPIFY,663,850,151,1,0,0,"Wave 4 — needs reorder, older range"
3241,4000169607099,499 A box of sticks,Clothing,NOT_IN_SHOPIFY,76,200,111,2,0,0,"Wave 3 — needs reorder, new range"
3242,1072654742099,جوندول جي كابس كوب مع ماصه 400 ملي  بينك,School,ACTIVE_UNPUBLISHED,36,423,111,9,0,0,"Wave 3 — needs reorder, new range"
3243,4000789262099,[4000789262099] HJ-02 Safety Gear Set - Blue,Toys,NOT_IN_SHOPIFY,551,122,37,1,7,490,"Wave 2 — in stock, existing range"
3244,2074512371099,O-N-1 It's a girl large card,Party (Consignment),NOT_IN_SHOPIFY,96,100,28,1,9,540,"Wave 1 — in stock, new arrival"
3245,2074512378099,O-GW-5 get well soon large card,Party (Consignment),NOT_IN_SHOPIFY,96,100,28,1,6,360,"Wave 1 — in stock, new arrival"
3246,4001591788099,[40015-194] Toddler Girls Hair Clip,Various,NOT_IN_SHOPIFY,337,70,37,2,7,84,"Wave 2 — in stock, existing range"
3247,1053848929099,Stone Leather Chain Necklace,Clothing,NOT_IN_SHOPIFY,751,88,37,1,3,120,"Wave 2 — in stock, existing range"
3248,1053875873099,Bracelet Set Evil Eye,Adults,NOT_IN_SHOPIFY,751,88,37,1,3,120,"Wave 2 — in stock, existing range"
3249,1053875867099,Necklace Stone - Multicolor,Adults,NOT_IN_SHOPIFY,751,88,37,1,3,120,"Wave 2 — in stock, existing range"
3250,2041060248099,TR:2022114TR Tru Wide Neck Bottle with Handle 180ml,Baby Essentials (Consignment),NOT_IN_SHOPIFY,363,265,37,1,1,195,"Wave 2 — in stock, existing range"
3251,6946806698369,HT-108-LEARN BOARD,Toys (Consignment),ACTIVE_UNPUBLISHED,537,535,148,1,0,0,"Wave 4 — needs reorder, older range"
3252,2073812121099,6215-صيادين السمك,Toys (Consignment),ACTIVE_UNPUBLISHED,27,568,110,2,0,0,"Wave 3 — needs reorder, new range"
3253,1073634673003,15977 Gift clothes box,Clothing,ACTIVE_UNPUBLISHED,144,470,148,1,0,0,"Wave 4 — needs reorder, older range"
3254,4000378272099,8899-305 راقص موسيقى ونور بينك stitch,Toys,ACTIVE_UNPUBLISHED,111,370,109,1,0,0,"Wave 3 — needs reorder, new range"
3255,4000378271099,8899-305 راقص موسيقى ونور لبنى stitch,Toys,ACTIVE_UNPUBLISHED,111,370,109,1,0,0,"Wave 3 — needs reorder, new range"
3256,6921635267801,DS-69 Military Missile Carrier Truck Sound & Light,Toys (Consignment),ACTIVE_UNPUBLISHED,574,650,148,1,0,0,"Wave 4 — needs reorder, older range"
3257,2073891548099,[20738-237-1] Kids Foam & Gel Bullet Gun,Toys (Consignment),ACTIVE_UNPUBLISHED,272,650,148,2,0,0,"Wave 4 — needs reorder, older range"
3258,8005125188215,18821 Clementoni Lovely Sweet Panda Make Up Set,Toys (Consignment),ACTIVE_UNPUBLISHED,427,650,148,1,0,0,"Wave 4 — needs reorder, older range"
3259,2073892696099,[20738-20881X] Super Sport Metal Basketball Stand 120cm,Toys (Consignment),ACTIVE_UNPUBLISHED,169,649,147,1,0,0,"Wave 4 — needs reorder, older range"
3260,2073891550099,[20738-588-2] Kids Foam & Gel Bullet Toy Gun with Glasses & Cans - Orange,Toys (Consignment),ACTIVE_UNPUBLISHED,272,649,147,1,0,0,"Wave 4 — needs reorder, older range"
3261,1070025175099,[1070025175099] Scooter 109 Batteries with Black Wheel,Various,NOT_IN_SHOPIFY,252,1935,147,1,0,0,"Wave 4 — needs reorder, older range"
3262,4897003971330,[4897003971330] Girls Beads Box Set,Toys (Consignment),NOT_IN_SHOPIFY,678,699,147,1,0,0,"Wave 4 — needs reorder, older range"
3263,1033192544099,[10331-898A-19AC-1] 898A-19AC Remote Control Hummer - Red,Toys (Consignment),ACTIVE_UNPUBLISHED,308,699,147,1,0,0,"Wave 4 — needs reorder, older range"
3264,6959912500341,[10331-989-1] 989-1 S-P Remote Control Blocks,Toys (Consignment),ACTIVE_UNPUBLISHED,168,699,147,1,0,0,"Wave 4 — needs reorder, older range"
3265,1033150342099,[10331-001B-1] Bubble Machine - Pink,Toys (Consignment),ACTIVE_UNPUBLISHED,197,699,147,1,0,0,"Wave 4 — needs reorder, older range"
3266,6940176622757,Snow White Princess 3D Rotating Compact,Toys (Consignment),ACTIVE_UNPUBLISHED,753,699,147,1,0,0,"Wave 4 — needs reorder, older range"
3267,1033191311099,[10331-858-310-2] 858-310 Remote Control Toy - Blue,Toys (Consignment),ACTIVE_UNPUBLISHED,330,699,147,1,0,0,"Wave 4 — needs reorder, older range"
3268,2073891464099,[20738-HE8011] HE8011 Baby Piano-Shaped Xylophone - Yellow,Toys (Consignment),ACTIVE_UNPUBLISHED,272,758,146,2,0,0,"Wave 4 — needs reorder, older range"
3269,6920251125274,[10148-6016] 6016 Baby Silicone Toy 6 Pieces,Toys (Consignment),ACTIVE_UNPUBLISHED,172,525,146,1,0,0,"Wave 4 — needs reorder, older range"
3270,4001537168099,3-5 استك شعر بناتي ,Various,NOT_IN_SHOPIFY,131,66,36,2,6,66,"Wave 2 — in stock, existing range"
3271,1071765849099,SQMM0165-Jazwares Squishmallows - Micromallows: Blinds Stuffed Animal Series 4 (One Random Piece) (CDU24PCS) (2.5 Inch),Toys,ACTIVE_UNPUBLISHED,109,350,107,1,0,0,"Wave 3 — needs reorder, new range"
3272,4001234618099,2517-8 Laser Stitched Football Baisidiwei,Toys,ACTIVE_UNPUBLISHED,208,375,145,1,0,0,"Wave 4 — needs reorder, older range"
3273,1071434851099,[10714-252] Pump Life Jacket (Size H-K M),Various,NOT_IN_SHOPIFY,382,450,145,1,0,0,"Wave 4 — needs reorder, older range"
3274,6959998613843,LD6082-1-MAKE-UP SET,Various,ACTIVE_UNPUBLISHED,487,410,145,1,0,0,"Wave 4 — needs reorder, older range"
3275,1071495844099,154 استاند اسكوشي دامبلبنج اشكال 12*1,Toys,ACTIVE_UNPUBLISHED,57,350,107,1,0,0,"Wave 3 — needs reorder, new range"
3276,4000384654099,B11-122 استاند اسكوشى دامبلنج 12*1,Toys,ACTIVE_UNPUBLISHED,46,350,107,1,0,0,"Wave 3 — needs reorder, new range"
3277,4895038507746,000774 Wobble Cake Stacker,Toys,ACTIVE_UNPUBLISHED,608,499,144,1,0,0,"Wave 4 — needs reorder, older range"
3278,8001619110038,[8001619110038] Gift Card B-N,Toys (Consignment),NOT_IN_SHOPIFY,750,105,36,16,309,1082,"Wave 2 — in stock, existing range"
3279,1071471035099,13-46 دبدوب جملى تى شيرت أصفر,Toys,ACTIVE_UNPUBLISHED,60,350,107,1,0,0,"Wave 3 — needs reorder, new range"
3280,1062489274026,M 9189 CRO,Clothing,ACTIVE_UNPUBLISHED,568,438,144,1,0,0,"Wave 4 — needs reorder, older range"
3281,4001562865099,[4001562865099] Girls Scrunchie,Various,NOT_IN_SHOPIFY,274,65,36,1,3,63,"Wave 2 — in stock, existing range"
3282,1071450655099,[1071450655099] 1273 Boo Monster Plush Doll,Various,ACTIVE_UNPUBLISHED,488,375,144,1,-1,-185,"Wave 4 — needs reorder, older range"
3283,1071437611099,[1071437611099] Gift Bag Assorted Rectangle - XS,Various,NOT_IN_SHOPIFY,425,98,36,5,23,230,"Wave 2 — in stock, existing range"
3284,1062450770017,S S40 Sneakers,Clothing,ACTIVE_UNPUBLISHED,529,398,144,1,0,0,"Wave 4 — needs reorder, older range"
3285,071662118396,68-1839-12 COLOURED PENCILS,Toys,ACTIVE_UNPUBLISHED,377,518,144,2,0,0,"Wave 4 — needs reorder, older range"
3286,1043686928099,Sortit Hair Accessories 1367,Clothing,NOT_IN_SHOPIFY,190,75,36,1,3,90,"Wave 2 — in stock, existing range"
3287,9781915355652,Wipe Clean I Can Write First Words,Various (Consignment),ACTIVE_UNPUBLISHED,105,600,106,2,0,0,"Wave 3 — needs reorder, new range"
3288,0007260016104,7260 Pajama,Clothing (Consignment),NOT_IN_SHOPIFY,29,600,106,1,0,0,"Wave 3 — needs reorder, new range"
3289,2072069856099,36606 2 X 0-2M NEWBORN SIL SOOTHER,Baby Essentials (Consignment),ACTIVE_UNPUBLISHED,83,600,106,1,0,0,"Wave 3 — needs reorder, new range"
3290,5903407164502,CB:22/500bluCB Silicon Pacifier Angled Star & Crescent Luminous Ring 0-6m - Blue,Baby Essentials (Consignment),ACTIVE_UNPUBLISHED,253,268,36,1,1,199,"Wave 2 — in stock, existing range"
3291,1054473652006,7603 Onesie,Clothing,ACTIVE_UNPUBLISHED,567,445,143,1,0,0,"Wave 4 — needs reorder, older range"
3292,1054450331004,10007 Shirt,Clothing,ACTIVE_UNPUBLISHED,428,360,36,1,8,2240,"Wave 2 — in stock, existing range"
3293,1043618075099,Hair Stick - White 4,School,NOT_IN_SHOPIFY,393,75,36,1,1,30,"Wave 2 — in stock, existing range"
3294,1043679364099,1490 Scrunchie Hair Tie,Clothing,NOT_IN_SHOPIFY,173,75,36,3,5,50,"Wave 2 — in stock, existing range"
3295,2073891588099,[20738-11-36-1] Kids Skating Safety Protection Set - 6 Pieces - Red,Toys (Consignment),ACTIVE_UNPUBLISHED,272,627,142,3,0,0,"Wave 4 — needs reorder, older range"
3296,4000835985099,14-79 Cap,Clothing,ACTIVE_UNPUBLISHED,111,200,105,1,0,0,"Wave 3 — needs reorder, new range"
3297,4000835992099,14-79 Cap,Clothing,ACTIVE_UNPUBLISHED,111,200,105,1,0,0,"Wave 3 — needs reorder, new range"
3298,4892900800417,80041 Takahe,Toys,ACTIVE_UNPUBLISHED,103,380,105,2,0,0,"Wave 3 — needs reorder, new range"
3299,1004485471099,[1004485471099] Pencil Case,School,NOT_IN_SHOPIFY,751,116,35,3,29,638,"Wave 2 — in stock, existing range"
3300,1033135820099,MY2001A سياره ريموت اشكال,Toys (Consignment),ACTIVE_UNPUBLISHED,106,499,105,1,0,0,"Wave 3 — needs reorder, new range"
3301,1023873024099,1-1707-26 Bib,Baby Essentials,ACTIVE_UNPUBLISHED,174,135,35,1,1,83,"Wave 2 — in stock, existing range"
3302,4001213546099,1401-12*1 bouncy ball استاند كأس العالم وسط,Various,NOT_IN_SHOPIFY,47,70,26,1,6,211,"Wave 1 — in stock, new arrival"
3303,6464653478113,956B مسدس مايه,Toys (Consignment),ACTIVE_UNPUBLISHED,55,498,105,2,0,0,"Wave 3 — needs reorder, new range"
3304,1023212859028,26112 Sneakers,Clothing,NOT_IN_SHOPIFY,223,531,141,1,0,0,"Wave 4 — needs reorder, older range"
3305,1003978532012,110200 Boxer,Clothing,NOT_IN_SHOPIFY,181,184,35,1,12,1519,"Wave 2 — in stock, existing range"
3306,1023810762004,0664 Boxer Shorts Pack Of 2,Clothing,NOT_IN_SHOPIFY,756,155,35,1,7,705,"Wave 2 — in stock, existing range"
3307,2073870527099,8156 ماكينة عمل صلصال هامبورجر واكلات شهية,Toys (Consignment),ACTIVE_UNPUBLISHED,116,459,104,1,0,0,"Wave 3 — needs reorder, new range"
3308,1003995481012,110200 Boxer,Clothing,NOT_IN_SHOPIFY,516,184,35,1,18,2280,"Wave 2 — in stock, existing range"
3309,1071075983099,100 Bed Sheets,Baby Essentials,ACTIVE_UNPUBLISHED,139,320,141,1,0,0,"Wave 4 — needs reorder, older range"
3310,1033135928099,1893-46 شخصيه لاعيب كورة قدم + كأس العالم,Toys (Consignment),ACTIVE_UNPUBLISHED,106,495,104,1,0,0,"Wave 3 — needs reorder, new range"
3311,2073891308099,[20738-J-507] J-507 Kids Hair Styling and Coloring Set,Toys (Consignment),NOT_IN_SHOPIFY,272,619,141,1,0,0,"Wave 4 — needs reorder, older range"
3312,4000135012099,Hair Clip 3x1 Hair Accessory - 957,Various,ACTIVE_UNPUBLISHED,463,60,35,1,2,35,"Wave 2 — in stock, existing range"
3313,1071493756099,[10714-C5-2] C5-2 Birthday Candle Card with Base 24 Candles H-B-D - Baby Blue,Party,NOT_IN_SHOPIFY,137,105,35,3,11,209,"Wave 2 — in stock, existing range"
3314,1071493692099,[10714-Z402] Z402 Party Horn Card Multicolor 6x1 H-B-D,Party,NOT_IN_SHOPIFY,137,105,35,3,4,76,"Wave 2 — in stock, existing range"
3315,5056657016005,INF-SF-10 SONIC SWIM VEST,Summer,ACTIVE_UNPUBLISHED,488,399,140,1,0,0,"Wave 4 — needs reorder, older range"
3316,5713795252909,BIBS Pacifier Boheme 2 PACK Latex Size 1 Dusty Pink/Elderberry,Baby Essentials (Consignment),ACTIVE_UNPUBLISHED,292,790,140,1,0,0,"Wave 4 — needs reorder, older range"
3317,5713795275229,BIBS Pacifier Boheme 2 PACK Latex Size 1 Baby Pink/Plum,Baby Essentials (Consignment),ACTIVE_UNPUBLISHED,125,790,140,1,0,0,"Wave 4 — needs reorder, older range"
3318,5713795250905, BIBS Pacifier Infinity 2 PACK Anatomical Silicone Size 1 Ivory/Sage ,Baby Essentials (Consignment),ACTIVE_UNPUBLISHED,291,790,140,1,0,0,"Wave 4 — needs reorder, older range"
3319,4000134980099,Hair Clip & Tic Tac Hair Accessory - 1000,Various,NOT_IN_SHOPIFY,463,60,35,1,2,35,"Wave 2 — in stock, existing range"
3320,4000134983099,Girls Hair Elastic Hair Accessory - 1007,Various,ACTIVE_UNPUBLISHED,463,60,35,1,14,248,"Wave 2 — in stock, existing range"
3321,4000190286099,34 Hair Clip & Claw S,Clothing,NOT_IN_SHOPIFY,377,60,35,1,24,425,"Wave 2 — in stock, existing range"
3322,4000113691099,Hair Clip Large,Various,NOT_IN_SHOPIFY,650,60,35,1,3,53,"Wave 2 — in stock, existing range"
3323,4000190320099,4 Hair Accessory - Claw Clip Small,Clothing,NOT_IN_SHOPIFY,377,60,35,1,17,301,"Wave 2 — in stock, existing range"
3324,1023895352099,4-0001 Breastfeeding cover,Clothing,ACTIVE_UNPUBLISHED,93,395,103,1,0,0,"Wave 3 — needs reorder, new range"
3325,1023885414099,4-0001 Baby Cotton Breastfeeding Cover Ornamental,Clothing,ACTIVE_UNPUBLISHED,56,395,103,1,0,0,"Wave 3 — needs reorder, new range"
3326,1071424598099,[10714-167-14-1] Stitch Star Sortit Stuffed Animal - Pink,Toys,ACTIVE_UNPUBLISHED,166,450,140,1,0,0,"Wave 4 — needs reorder, older range"
3327,4000147865099,746 Hair Clip,Various,NOT_IN_SHOPIFY,559,65,35,1,6,133,"Wave 2 — in stock, existing range"
3328,1014883498099,"[10148-DF-75218C-1] DF-75218C Stand Toy Gun with Sound, Light, Flash & Smoke 2 Colors 8pcs - Red",Toys (Consignment),ACTIVE_UNPUBLISHED,172,495,139,1,0,0,"Wave 4 — needs reorder, older range"
3329,1050815538099,[1050815538099] La Frutta Baby Milk Storage Bags 210ml 25 Pieces,Baby Essentials (Consignment),ACTIVE_UNPUBLISHED,617,885,139,3,0,0,"Wave 4 — needs reorder, older range"
3330,1003991260099,300 Baby Blanket,Clothing,ACTIVE_UNPUBLISHED,323,425,139,1,0,0,"Wave 4 — needs reorder, older range"
3331,4001273002099,JH-42 استاند بابلز مروحة 16*1 stitch,Toys,NOT_IN_SHOPIFY,104,75,26,1,5,200,"Wave 1 — in stock, new arrival"
3332,1023810763006,0664 Boxer Shorts Pack Of 2,Clothing,NOT_IN_SHOPIFY,756,155,35,1,6,608,"Wave 2 — in stock, existing range"
3333,4001564870099,[4001564870099] Girls Hair Elastic,Various,NOT_IN_SHOPIFY,321,60,35,2,24,216,"Wave 2 — in stock, existing range"
3334,1023863428006,0662 Boxer Shorts Pack Of 2,Clothing,NOT_IN_SHOPIFY,418,155,35,1,12,1216,"Wave 2 — in stock, existing range"
3335,9603622727532,Guess Who I Am Character Challenge Game,Toys (Consignment),ACTIVE_UNPUBLISHED,208,499,138,1,0,0,"Wave 4 — needs reorder, older range"
3336,6223007320467,Nilco Sketchure Card Game,Toys (Consignment),NOT_IN_SHOPIFY,756,195,35,1,9,1228,"Wave 2 — in stock, existing range"
3337,4000191300099,564 Hair Accessories Set - Acrylic,Various,NOT_IN_SHOPIFY,253,65,35,1,7,158,"Wave 2 — in stock, existing range"
3338,4001594541099,[40015-270-1] Toddler Girls Bow Hair Clip,Various,NOT_IN_SHOPIFY,270,65,35,1,1,22,"Wave 2 — in stock, existing range"
3339,4000191276099,c208 Girls Hair Elastic & Barrette Small,Various,NOT_IN_SHOPIFY,253,65,35,1,6,135,"Wave 2 — in stock, existing range"
3340,2024110101295,F2302 B/O TOASTER MACHINE,Toys (Consignment),ACTIVE_UNPUBLISHED,64,485,102,1,0,0,"Wave 3 — needs reorder, new range"
3341,2073870562099,HH4-1 العربية الشقية  تويستر شخصيات قابلة للشحن,Toys (Consignment),ACTIVE_UNPUBLISHED,116,449,102,1,0,0,"Wave 3 — needs reorder, new range"
3342,1003910285007,110200 Boxer,Clothing,NOT_IN_SHOPIFY,691,170,34,1,3,374,"Wave 2 — in stock, existing range"
3343,1004821460099,S100-سكاته كرويه بالغطاء مقاس0الى3,Baby Essentials,NOT_IN_SHOPIFY,756,112,34,1,3,193,"Wave 2 — in stock, existing range"
3344,4001590687099,72 Girls' hair elastic,Clothing,NOT_IN_SHOPIFY,117,50,25,1,1,18,"Wave 1 — in stock, new arrival"
3345,205669608403M, 23964 Girls Pants,Clothing,DRAFT,166,552,34,1,4,1800,"Wave 2 — in stock, existing range"
3346,4000191247099,c5 Hair Clip Stitch,Various,ACTIVE_UNPUBLISHED,253,68,34,1,5,125,"Wave 2 — in stock, existing range"
3347,1014882719099,[10148-HY883D-4-5] HY883D-4 Baby Car with Movement - Blue,Toys (Consignment),ACTIVE_UNPUBLISHED,172,490,137,2,0,0,"Wave 4 — needs reorder, older range"
3348,2068154716099,[2068154716099] Kids Make Your Own Pillow Set,Toys (Consignment),NOT_IN_SHOPIFY,751,165,34,1,1,111,"Wave 2 — in stock, existing range"
3349,7193040000000,[7193040000000] Makeup Small Shoe Doll Set,Toys (Consignment),ACTIVE_UNPUBLISHED,572,495,137,1,0,0,"Wave 4 — needs reorder, older range"
3350,1818546000007,868-E37 طقم شاى تلوين بورسلين 21 ق,Toys (Consignment),ACTIVE_UNPUBLISHED,96,445,101,1,0,0,"Wave 3 — needs reorder, new range"
3351,6921539558610,861-1 Blocks Car Set 220 pcs,Toys (Consignment),ACTIVE_UNPUBLISHED,552,600,136,1,0,0,"Wave 4 — needs reorder, older range"
3352,1038220239099,I-A Puzzle 100 pcs,Toys (Consignment),NOT_IN_SHOPIFY,751,150,34,1,1,98,"Wave 2 — in stock, existing range"
3353,2065650385099,151204 glass 24,School (Consignment),NOT_IN_SHOPIFY,425,150,34,1,2,195,"Wave 2 — in stock, existing range"
3354,2025010010046,[20730-SF9901-6] SF9901-6 Pokemon Secret Code Piggy Bank,Toys (Consignment),ACTIVE_UNPUBLISHED,211,600,136,1,0,0,"Wave 4 — needs reorder, older range"
3355,2073037962099,[20730-WJ1939J] WJ1939J School Supplies Set with Spider-Man Pencil Case,Toys (Consignment),ACTIVE_UNPUBLISHED,372,600,136,2,0,0,"Wave 4 — needs reorder, older range"
3356,4000134973099,Hair Elastic Star 999,Various,NOT_IN_SHOPIFY,463,60,34,2,2,19,"Wave 2 — in stock, existing range"
3357,2073891933099,[2073891933099] HJ-858C Silicone Doll with Accessories - Brown Checkered,Toys (Consignment),ACTIVE_UNPUBLISHED,272,599,136,1,0,0,"Wave 4 — needs reorder, older range"
3358,2073891424099,[20738-HJ-858C-1] HJ-858C Kids Silicone Doll with Accessories - White & Pink,Toys (Consignment),ACTIVE_UNPUBLISHED,272,599,136,1,0,0,"Wave 4 — needs reorder, older range"
3359,4041485431855,43185 Ballpoint Pen Black 1.0mm R-301,School (Consignment),NOT_IN_SHOPIFY,532,130,34,10,162,1296,"Wave 2 — in stock, existing range"
3360,1023863417008,0662 Boxer Shorts Pack Of 2,Clothing,NOT_IN_SHOPIFY,418,155,34,1,2,204,"Wave 2 — in stock, existing range"
3361,2024110107037,QX-B10-WORLD FOOTBALL STARS 10PCS PVC CARD SET,Toys (Consignment),NOT_IN_SHOPIFY,321,176,34,4,6,180,"Wave 2 — in stock, existing range"
3362,1023817522003,1-3406-25 Nightgown,Clothing,ACTIVE_UNPUBLISHED,524,338,34,1,2,524,"Wave 2 — in stock, existing range"
3363,2960830000008,8804 Pullback Toy - Tank Light & Sound + Military Plane,Toys (Consignment),ACTIVE_UNPUBLISHED,530,595,135,1,0,0,"Wave 4 — needs reorder, older range"
3364,1060135016099,Pencil Case 50A,School,ACTIVE_UNPUBLISHED,456,390,135,3,0,0,"Wave 4 — needs reorder, older range"
3365,2023010102883,[2023010102883] SB424C Spider-Man Gun with Shield,Toys (Consignment),ACTIVE_UNPUBLISHED,575,1748,135,3,0,0,"Wave 4 — needs reorder, older range"
3366,6403677646122,[6403677646122] Sleeping Turtle Soother Teether,Toys (Consignment),ACTIVE_UNPUBLISHED,669,485,134,1,0,0,"Wave 4 — needs reorder, older range"
3367,2056658643008,Beige 2-Piece Outfit Set,Clothing,NOT_IN_SHOPIFY,756,699,134,1,0,0,"Wave 4 — needs reorder, older range"
3368,1033191309099,[10331-858-310] 858-310 Remote Control Toy - Yellow,Toys (Consignment),ACTIVE_UNPUBLISHED,330,683,133,1,0,0,"Wave 4 — needs reorder, older range"
3369,1023896619099,3-2701-25 Laklok,Clothing,ACTIVE_UNPUBLISHED,372,510,133,2,0,0,"Wave 4 — needs reorder, older range"
3370,1071473662099,15251 بقره فرو راقصه متحركه 7 نغمات,Various,ACTIVE_UNPUBLISHED,117,711,99,1,0,0,"Wave 3 — needs reorder, new range"
3371,6222046300301,MH6-41 Coloring Education Models - Dinosaurs,Toys,NOT_IN_SHOPIFY,411,379,133,1,0,0,"Wave 4 — needs reorder, older range"
3372,1023858644006,0573 Pantie,Clothing,ACTIVE_UNPUBLISHED,36,133,25,2,6,276,"Wave 1 — in stock, new arrival"
3373,2024110109222,628-A46 CUTLEY TROLLEY BOX,Toys (Consignment),ACTIVE_UNPUBLISHED,64,560,98,2,0,0,"Wave 3 — needs reorder, new range"
3374,1043679385099,1560 Necklace Gwisha,Clothing,NOT_IN_SHOPIFY,173,72,33,1,1,30,"Wave 2 — in stock, existing range"
3375,1023896512009,3-2103-25 Onesie,Clothing,ACTIVE_UNPUBLISHED,372,450,133,1,0,0,"Wave 4 — needs reorder, older range"
3376,1003971472009,26203632 Romper,Clothing,ACTIVE_UNPUBLISHED,120,459,98,2,0,0,"Wave 3 — needs reorder, new range"
3377,6920241281089,[6920241281089] Dinosaur Figures Bag Set 6 PCS,Toys (Consignment),NOT_IN_SHOPIFY,494,475,132,1,0,0,"Wave 4 — needs reorder, older range"
3378,1071493664099,[10714-MR-9] H-B-D Round Birthday Plate Stars and Hearts,Party,NOT_IN_SHOPIFY,137,115,33,3,2,45,"Wave 2 — in stock, existing range"
3379,20036150,MAINTENANCE,Services,NOT_IN_SHOPIFY,711,150,132,1,0,0,"Wave 4 — needs reorder, older range"
3380,1065550490018,HY612 Romper,Clothing,ACTIVE_UNPUBLISHED,516,305,33,1,1,235,"Wave 2 — in stock, existing range"
3381,8058664166206,Baby Bottle 150ml Silicone Boys,Baby Essentials,ACTIVE_UNPUBLISHED,575,479,131,1,0,0,"Wave 4 — needs reorder, older range"
3382,2025010010128,[2025010010128] 3201A Chess Game,Toys (Consignment),ACTIVE_UNPUBLISHED,260,575,131,1,0,0,"Wave 4 — needs reorder, older range"
3383,4001514258099,[4001514258099] Kids Girls Hair Elastics,Various,NOT_IN_SHOPIFY,326,60,33,2,27,270,"Wave 2 — in stock, existing range"
3384,1053857422099,260 Wood Star Necklace,Various,NOT_IN_SHOPIFY,516,106,33,1,7,420,"Wave 2 — in stock, existing range"
3385,4001514241099,[4001514241099] Kids Girls Large Bow Hair Clip,Various,NOT_IN_SHOPIFY,326,60,33,1,2,40,"Wave 2 — in stock, existing range"
3386,4001562848099,[4001562848099] Girls Loli Hair Clips,Various,NOT_IN_SHOPIFY,274,60,33,1,3,60,"Wave 2 — in stock, existing range"
3387,4001583955099,121 قفاش ص كريز,Clothing,NOT_IN_SHOPIFY,134,60,33,1,26,520,"Wave 2 — in stock, existing range"
3388,4000191268099,c130 Hair Clip,Various,NOT_IN_SHOPIFY,253,60,33,1,21,420,"Wave 2 — in stock, existing range"
3389,4000191228099,C131 Hair Clip,Various,NOT_IN_SHOPIFY,253,60,33,1,11,220,"Wave 2 — in stock, existing range"
3390,4001583970099,208 مشبك قلب ,Clothing,NOT_IN_SHOPIFY,134,60,33,1,9,180,"Wave 2 — in stock, existing range"
3391,4000191250099,c75 Scrunchie Bow,Various,ACTIVE_UNPUBLISHED,253,60,33,1,11,220,"Wave 2 — in stock, existing range"
3392,4000175944099,295-1 Hair Clip Jeans,Clothing,NOT_IN_SHOPIFY,183,60,33,1,1,20,"Wave 2 — in stock, existing range"
3393,4001513123099,[4001513123099] Toddler Girls Hair Elastic,Various,NOT_IN_SHOPIFY,215,60,33,1,8,160,"Wave 2 — in stock, existing range"
3394,4001515327099,[4001515327099] Kids Hair Clip - Multicolor,Various,NOT_IN_SHOPIFY,477,60,33,1,11,220,"Wave 2 — in stock, existing range"
3395,4001537915099,[4001537915099] Toddler Girls 3D Charm Bracelet - Multicolor,Various,NOT_IN_SHOPIFY,452,60,33,1,5,100,"Wave 2 — in stock, existing range"
3396,4895038507760,[000776] Spin Rattle‘N Teether,Toys,ACTIVE_UNPUBLISHED,756,450,130,1,0,0,"Wave 4 — needs reorder, older range"
3397,4001591787099,[40015-1857-1] Girls Hair Accessories Sortie Set,Various,NOT_IN_SHOPIFY,337,240,130,5,0,0,"Wave 4 — needs reorder, older range"
3398,1053848937099,Charm Bracelet,Adults,NOT_IN_SHOPIFY,751,77,33,1,2,70,"Wave 2 — in stock, existing range"
3399,1053854713099,Shell Evil Eye Bracelet,Clothing,NOT_IN_SHOPIFY,751,77,33,1,12,420,"Wave 2 — in stock, existing range"
3400,1062497542009,Hy 075 Romper,Clothing,ACTIVE_UNPUBLISHED,126,661,130,2,0,0,"Wave 4 — needs reorder, older range"
3401,1071434297099,2523-2 كورة قدم كأس العالم,Toys,ACTIVE_UNPUBLISHED,106,275,96,1,0,0,"Wave 3 — needs reorder, new range"
3402,1060154170099,H-6907/93310-Plastic Water Bottle,School,ACTIVE_UNPUBLISHED,109,275,96,1,0,0,"Wave 3 — needs reorder, new range"
3403,1052564769010,100101032 Swimsuit Overall,Clothing,NOT_IN_SHOPIFY,498,450,130,1,0,0,"Wave 4 — needs reorder, older range"
3404,1052537939014,100101036 Swimsuit Overall,Clothing,ACTIVE_UNPUBLISHED,470,450,130,1,0,0,"Wave 4 — needs reorder, older range"
3405,4001591775099,[40015-035] Girls Hair Clip,Various,NOT_IN_SHOPIFY,337,55,32,1,5,80,"Wave 2 — in stock, existing range"
3406,1003971474018,26203632 Romper,Clothing,ACTIVE_UNPUBLISHED,120,456,95,2,0,0,"Wave 3 — needs reorder, new range"
3407,2066980268030,355  Socks (Pack Of 3),Clothing (Consignment),NOT_IN_SHOPIFY,468,115,32,1,34,2346,"Wave 2 — in stock, existing range"
3408,20704009099,Sitting White Cat with Bow Ice Cream F342,Toys,NOT_IN_SHOPIFY,697,550,127,1,0,0,"Wave 4 — needs reorder, older range"
3409,4000175991099,358 Kids Ring,Clothing,NOT_IN_SHOPIFY,183,60,32,2,1,10,"Wave 2 — in stock, existing range"
3410,1038220247099,D-A Puzzle 60 pcs,Toys (Consignment),NOT_IN_SHOPIFY,751,140,32,1,1,91,"Wave 2 — in stock, existing range"
3411,6224000718606,606 Puzzle 60pcs 8 Shapes,Toys (Consignment),NOT_IN_SHOPIFY,741,140,32,1,1,91,"Wave 2 — in stock, existing range"
3412,1038286325099,Q9899-X3 2pcs Horse Boxed Die Cast - 4 Shapes,Toys (Consignment),ACTIVE_UNPUBLISHED,342,560,127,1,0,0,"Wave 4 — needs reorder, older range"
3413,4001235445099,816333 Dancing Figure Sound & Light Stitch,Toys,ACTIVE_UNPUBLISHED,246,350,127,1,0,0,"Wave 4 — needs reorder, older range"
3414,4000191209099,C220 Rose Hair Claw Small,Various,ACTIVE_UNPUBLISHED,253,59,32,1,6,120,"Wave 2 — in stock, existing range"
3415,1054490885099,136 Bib,Clothing,NOT_IN_SHOPIFY,98,300,94,2,0,0,"Wave 3 — needs reorder, new range"
3416,6942377627104,Kids Double Action Hand Pump,Summer,ACTIVE_UNPUBLISHED,39,300,94,1,0,0,"Wave 3 — needs reorder, new range"
3417,1043615627099,1507 Hair Clip,Various,NOT_IN_SHOPIFY,113,45,23,1,1,16,"Wave 1 — in stock, new arrival"
3418,1023850405012,1-1733-25 Romper,Clothing,NOT_IN_SHOPIFY,560,319,32,1,1,248,"Wave 2 — in stock, existing range"
3419,1023885412099,1-1736-26 Bib,Clothing,ACTIVE_UNPUBLISHED,56,360,94,3,0,0,"Wave 3 — needs reorder, new range"
3420,1033157486099,1284-131 فرو سلاحف النينجا 30 سم,Toys (Consignment),ACTIVE_UNPUBLISHED,100,445,94,1,0,0,"Wave 3 — needs reorder, new range"
3421,2025010108353,X168-3 CLAY SET(2 COLOR MIXED),Toys (Consignment),ACTIVE_UNPUBLISHED,64,445,94,1,0,0,"Wave 3 — needs reorder, new range"
3422,2025010108346,X168-2 CLAY SET(2 COLOR MIXED),Toys (Consignment),ACTIVE_UNPUBLISHED,64,445,94,1,0,0,"Wave 3 — needs reorder, new range"
3423,4897126750379,KH22/002 [4897126750379] KH22/002/Push and Pull Lion,Toys (Consignment),ACTIVE_UNPUBLISHED,113,445,94,1,0,0,"Wave 3 — needs reorder, new range"
3424,6223003247706,Tank BTL Move350ml Sky Blue,Various,ACTIVE_UNPUBLISHED,298,590,126,1,0,0,"Wave 4 — needs reorder, older range"
3425,1051514669099,Girls Bandana,Clothing,NOT_IN_SHOPIFY,752,69,32,1,1,29,"Wave 2 — in stock, existing range"
3426,2024110101592,[10331-9302] 9302 Maze Puzzle Game 328 Pieces,Toys (Consignment),ACTIVE_UNPUBLISHED,308,599,126,1,0,0,"Wave 4 — needs reorder, older range"
3427,6930518959184,[6930518959184] 215019-1 Glitter Donuts Coloring Kit,Toys (Consignment),NOT_IN_SHOPIFY,610,599,126,1,0,0,"Wave 4 — needs reorder, older range"
3428,4893156032652,[4893156032652] 4M Magic Science Game Kit,Toys (Consignment),ACTIVE_UNPUBLISHED,753,599,126,1,0,0,"Wave 4 — needs reorder, older range"
3429,6952228044516,[10331-8830] 8830 Kids Nail Art Craft Set,Toys (Consignment),ACTIVE_UNPUBLISHED,434,599,126,1,0,0,"Wave 4 — needs reorder, older range"
3430,1062486060033,L107-5 CRO,Clothing,NOT_IN_SHOPIFY,754,366,126,1,0,0,"Wave 4 — needs reorder, older range"
3431,6901907111407,[6901907111407] ZC40-PK40 Pokemon Cards,Toys (Consignment),NOT_IN_SHOPIFY,753,149,31,1,2,199,"Wave 2 — in stock, existing range"
3432,2058064886009,440031 DINOSAUR / ANIMAL / FARM / OCEAN SET,Toys (Consignment),ACTIVE_UNPUBLISHED,595,595,125,1,0,0,"Wave 4 — needs reorder, older range"
3433,2073072763099,[20730-BM23A/C/D/E/F-5] BM23A/C/D/E/F A-V Action Figure - SP Black,Toys (Consignment),ACTIVE_UNPUBLISHED,211,550,125,1,0,0,"Wave 4 — needs reorder, older range"
3434,2073892586099,[20738-6554B] 6554B 5D Creative Colorful Shape Learning Clay Set,Toys (Consignment),ACTIVE_UNPUBLISHED,169,550,125,2,0,0,"Wave 4 — needs reorder, older range"
3435,6222368920113,[20730-FB01-13] FB01-13 Pizza Set with Cutting Tools,Toys (Consignment),ACTIVE_UNPUBLISHED,341,550,125,1,0,0,"Wave 4 — needs reorder, older range"
3436,1066648618099,677881-1 Backpack Mermaid Design 17 Inch,School,ACTIVE_UNPUBLISHED,49,1644,93,1,0,0,"Wave 3 — needs reorder, new range"
3437,8005125350964,"35096 PZL 500 HQC AFRICAN SUNSET
500-piece jigsaw puzzle for adults
Size of completed jigsaw puzzle: 49 x 36 cm",Toys (Consignment),ACTIVE_UNPUBLISHED,427,550,125,1,0,0,"Wave 4 — needs reorder, older range"
3438,8005125351275,"35127 PZL 500 HQC JAGUAR IN THE JUNGLE
 Jaguar In The Jungle, 500 Pieces
puzzle size:49 x 36",Toys (Consignment),ACTIVE_UNPUBLISHED,427,550,125,1,0,0,"Wave 4 — needs reorder, older range"
3439,8005125305452,30545 PZL 500 KITTENS HQC ,Toys (Consignment),ACTIVE_UNPUBLISHED,427,550,125,1,0,0,"Wave 4 — needs reorder, older range"
3440,1071415792099,[10714-1281-4] Stitch Sleeping Plush with Party Hat - Baby Blue,Toys,ACTIVE_UNPUBLISHED,167,450,125,1,0,0,"Wave 4 — needs reorder, older range"
3441,4895038513020,001302 My Animal Pals - Farm Set,Toys,ACTIVE_UNPUBLISHED,756,496,125,1,0,0,"Wave 4 — needs reorder, older range"
3442,1071725478099,Maltose - Slow Rising - Rebound Sugar Ice Cube Bubbles Shining Mixed color CDU 12PCS,Toys,NOT_IN_SHOPIFY,43,300,92,2,0,0,"Wave 3 — needs reorder, new range"
3443,6222360613260,[20730-3260] 3260 Toy Vacuum Cleaner with Sound and Light,Toys (Consignment),ACTIVE_UNPUBLISHED,341,1105,124,1,0,0,"Wave 4 — needs reorder, older range"
3444,1052537976002,100101056 Swim Shorts,Clothing,ACTIVE_UNPUBLISHED,470,330,124,1,0,0,"Wave 4 — needs reorder, older range"
3445,5010415335326,35326 2 X 0-6M CHERRY LATEX SOOTHER ,Baby Essentials (Consignment),ACTIVE_UNPUBLISHED,302,700,124,1,0,0,"Wave 4 — needs reorder, older range"
3446,4000191222099,C161 Girls Fur Hair Elastic,Various,NOT_IN_SHOPIFY,253,57,31,1,7,133,"Wave 2 — in stock, existing range"
3447,1004821503099,[1004841213099] S561 Baby Silicone Toothbrush - Fuchsia,Baby Essentials,ACTIVE_UNPUBLISHED,756,125,31,1,16,1260,"Wave 2 — in stock, existing range"
3448,2056619428010,Birdy Orange Swim Suit,Clothing,ACTIVE_UNPUBLISHED,756,365,31,1,6,1734,"Wave 2 — in stock, existing range"
3449,1071417396099,[10714-491] Birthday Cake Candle 12cm,Various,NOT_IN_SHOPIFY,347,57,31,3,82,525,"Wave 2 — in stock, existing range"
3450,6920241280327,[6920241280327] Pullback Metal Car Set 12 PCS,Toys (Consignment),ACTIVE_UNPUBLISHED,528,444,123,1,0,0,"Wave 4 — needs reorder, older range"
3451,1060150426099,1108 Michael Shaped Eraser,School,NOT_IN_SHOPIFY,463,97,31,14,26,101,"Wave 2 — in stock, existing range"
3452,4000191236099,C136 Rose Clip & Hair Elastic,Various,ACTIVE_UNPUBLISHED,253,55,31,1,3,52,"Wave 2 — in stock, existing range"
3453,4000191234099,C134 Butterfly Clip & Hair Elastic,Various,NOT_IN_SHOPIFY,253,55,31,1,7,122,"Wave 2 — in stock, existing range"
3454,SAN-25-GT-131,243PCS SUPER MARIO BLOCKS(4PCS/PDQ) GT-131,Toys,NOT_IN_SHOPIFY,530,400,123,1,0,0,"Wave 4 — needs reorder, older range"
3455,2065663530099,[2065663530099] SP Kids Unisex Knit Cap Spider-Man - Grey,Various (Consignment),NOT_IN_SHOPIFY,407,135,31,1,3,263,"Wave 2 — in stock, existing range"
3456,2065663540099,[2065663540099] Kids Cap SM - Blue,Various (Consignment),NOT_IN_SHOPIFY,407,135,31,1,3,263,"Wave 2 — in stock, existing range"
3457,2065663533099,[2065663533099] SP Kids Unisex Knit Cap - Grey,Various (Consignment),NOT_IN_SHOPIFY,407,135,31,1,3,263,"Wave 2 — in stock, existing range"
3458,5615030000002,حلقات تركيب بشبكه-730,Toys (Consignment),ACTIVE_UNPUBLISHED,96,400,91,1,0,0,"Wave 3 — needs reorder, new range"
3459,1023834835006,0558 Pantie,Clothing,NOT_IN_SHOPIFY,259,140,31,2,1,46,"Wave 2 — in stock, existing range"
3460,1006657139099,[1006657139099] Kids Coloring Apron - Cars,Various,NOT_IN_SHOPIFY,742,399,122,1,0,0,"Wave 4 — needs reorder, older range"
3461,5204549096219,[ 10066-SCH25-22153001] Kids Painting Apron F-Z,School,ACTIVE_UNPUBLISHED,369,399,122,1,-1,-228,"Wave 4 — needs reorder, older range"
3462,1062450367036,L S19 Sneakers,Clothing,NOT_IN_SHOPIFY,523,647,122,1,0,0,"Wave 4 — needs reorder, older range"
3463,1071752861099,"ZUR-XS-WA-118164TQ1-XSHOT WATER -WATER WARFARE-SERIES 1-FOAM SMALL BLASTER-HANG TAG, 4FACING 12PCS/PDQ",Toys,ACTIVE_UNPUBLISHED,109,295,91,1,0,0,"Wave 3 — needs reorder, new range"
3464,1023846255010,0550 Pantie,Clothing,NOT_IN_SHOPIFY,418,142,31,2,13,622,"Wave 2 — in stock, existing range"
3465,2073812190099,D6610E-موبايل بيبى +مسجل ,Toys (Consignment),ACTIVE_UNPUBLISHED,27,398,90,2,0,0,"Wave 3 — needs reorder, new range"
3466,2893517000001,65185 Baby Educational Piano,Toys (Consignment),NOT_IN_SHOPIFY,530,788,122,1,0,0,"Wave 4 — needs reorder, older range"
3467,2025090102760,70035-B/OSPIDERMAN SAVING POT(LIGHT/MUSIC/ROTATE THE,Toys (Consignment),ACTIVE_UNPUBLISHED,231,440,122,1,0,0,"Wave 4 — needs reorder, older range"
3468,4897115690631,"113103 250g cotton sand, 24 pcs",Toys (Consignment),NOT_IN_SHOPIFY,382,110,30,1,1,66,"Wave 2 — in stock, existing range"
3469,4000959001099,5040-7 Crown Stick Candle Number 7,Party,NOT_IN_SHOPIFY,603,70,30,2,2,31,"Wave 2 — in stock, existing range"
3470,8412497019069,EASY TUMBLER 430 ML - PJ MASKS,School,ACTIVE_UNPUBLISHED,756,99,30,1,1,56,"Wave 2 — in stock, existing range"
3471,2025010010022,[20730-J-3007] J-3007 Girls Hair Coloring Craft Set,Toys (Consignment),ACTIVE_UNPUBLISHED,211,535,122,1,0,0,"Wave 4 — needs reorder, older range"
3472,4001964784099,[4001964784099] Toy Iron Man Light & Sound Action Figure,Toys,NOT_IN_SHOPIFY,329,300,121,1,0,0,"Wave 4 — needs reorder, older range"
3473,6464653090926,[20695-HE0291-1] HE0291 Baby Rolling Ball Pacifier Set 8 Pieces,Toys (Consignment),ACTIVE_UNPUBLISHED,167,440,121,1,0,0,"Wave 4 — needs reorder, older range"
3474,1043684538099,Kids Girls Sunglasses 195,Various,NOT_IN_SHOPIFY,638,275,121,1,0,0,"Wave 4 — needs reorder, older range"
3475,6932995442760,Funny Dough Set Playset 22Pcs,Toys (Consignment),NOT_IN_SHOPIFY,567,575,121,1,0,0,"Wave 4 — needs reorder, older range"
3476,2025070103039,[2025070103039] Spiderman Character Figure Boxed Set - Model ZS.222-28,Toys (Consignment),ACTIVE_UNPUBLISHED,246,575,121,1,0,0,"Wave 4 — needs reorder, older range"
3477,4001594537099,[40015-246] Toddler Girls Bow Hair Clip,Various,NOT_IN_SHOPIFY,270,55,30,1,2,36,"Wave 2 — in stock, existing range"
3478,4001556125099,[40015-322] Girls Rose Hair Claw Clip,Clothing,NOT_IN_SHOPIFY,225,55,30,1,2,36,"Wave 2 — in stock, existing range"
3479,4001514247099,[4001514247099] Kids Girls Wide Headband,Various,NOT_IN_SHOPIFY,326,55,30,1,3,54,"Wave 2 — in stock, existing range"
3480,4001556113099,[40015-189-1] Girls Bow Hair Clip,Clothing,NOT_IN_SHOPIFY,225,55,30,1,1,18,"Wave 2 — in stock, existing range"
3481,4001520044099,[4001520044099] Toddler Girls Labubu Hair Claw Clip - Multicolor,Clothing,NOT_IN_SHOPIFY,414,55,30,1,13,234,"Wave 2 — in stock, existing range"
3482,4001537620099,[4001537620099] Kids Satin Scrunchie 6693 Large - Size 7,Various,NOT_IN_SHOPIFY,421,55,30,1,2,36,"Wave 2 — in stock, existing range"
3483,4001520043099,[4001520043099] Toddler Girls F-Z Letters Hair Claw Clip - Multicolor,Clothing,NOT_IN_SHOPIFY,414,55,30,1,5,90,"Wave 2 — in stock, existing range"
3484,1071402188099,[10714-02439-2] RUSS Plush Bunny - Brown,Various,ACTIVE_UNPUBLISHED,200,400,121,1,0,0,"Wave 4 — needs reorder, older range"
3485,1073634705099,7166 Baby Blanket,Clothing,ACTIVE_UNPUBLISHED,144,385,121,1,0,0,"Wave 4 — needs reorder, older range"
3486,2036585363099,271005 Cap,Clothing (Consignment),ACTIVE_UNPUBLISHED,96,300,89,2,0,0,"Wave 3 — needs reorder, new range"
3487,1043686929099,Sortit Hair Accessories 1370,Clothing,NOT_IN_SHOPIFY,190,65,30,1,1,27,"Wave 2 — in stock, existing range"
3488,1043679374099,1457 Sortit,Clothing,NOT_IN_SHOPIFY,173,65,30,1,1,27,"Wave 2 — in stock, existing range"
3489,2070150612099,Colored Hair Clip,School,NOT_IN_SHOPIFY,704,68,30,2,6,90,"Wave 2 — in stock, existing range"
3490,2025010100692,09205-B/O FISHING DISC WITH MUSIC(WITHOUT BATTERY),Toys (Consignment),ACTIVE_UNPUBLISHED,321,570,120,2,0,0,"Wave 4 — needs reorder, older range"
3491,4001550365099,[4001550365099] Girls Hair Ties,Clothing,NOT_IN_SHOPIFY,484,57,30,2,24,240,"Wave 2 — in stock, existing range"
3492,2071996728099,HT-35 SOFT BOOK,Toys (Consignment),ACTIVE_UNPUBLISHED,123,420,120,2,0,0,"Wave 4 — needs reorder, older range"
3493,9781849994514,My Busy Book Animals,Various (Consignment),ACTIVE_UNPUBLISHED,105,500,89,1,0,0,"Wave 3 — needs reorder, new range"
3494,4001562867099,[4001562867099] Girls Kitty Hair Clip,Various,NOT_IN_SHOPIFY,274,50,30,1,12,168,"Wave 2 — in stock, existing range"
3495,4001590702099,3900 Sortit 2*1,Clothing,NOT_IN_SHOPIFY,117,40,22,1,4,52,"Wave 1 — in stock, new arrival"
3496,6222366692311,[20730-231A] 231A Pizza Playset with Accessories,Toys (Consignment),ACTIVE_UNPUBLISHED,211,525,119,1,0,0,"Wave 4 — needs reorder, older range"
3497,6222360409154,[20730-B09-154] B09-154 Beads Box Arts & Crafts Set,Toys (Consignment),ACTIVE_UNPUBLISHED,407,525,119,1,0,0,"Wave 4 — needs reorder, older range"
3498,4000176001099,333 Hair Clip & Bow Hair Elastic,Clothing,NOT_IN_SHOPIFY,183,55,30,1,6,111,"Wave 2 — in stock, existing range"
3499,6944167105175,HE8966-RECORD&LEARN BABY PHONE,Toys (Consignment),ACTIVE_UNPUBLISHED,166,565,119,1,0,0,"Wave 4 — needs reorder, older range"
3500,4000135019099,Bow Headband Hair Accessory - 1034,Various,NOT_IN_SHOPIFY,463,50,30,1,10,142,"Wave 2 — in stock, existing range"
3501,1004802140099,S560-ماصه فواكه سيليكون,Baby Essentials,ACTIVE_UNPUBLISHED,751,610,119,4,0,0,"Wave 4 — needs reorder, older range"
3502,6223012632821,2x Super Kids Roll-On Pineapple 30ml,Baby Essentials,NOT_IN_SHOPIFY,656,247,30,2,1,94,"Wave 2 — in stock, existing range"
3503,4041485467649,46764 Ballpoint Pen Blue 0.7mm R-301 Original with Spring,School (Consignment),NOT_IN_SHOPIFY,532,105,30,5,75,938,"Wave 2 — in stock, existing range"
3504,1060134932099,Pencil Case 503,School,ACTIVE_UNPUBLISHED,456,340,118,1,0,0,"Wave 4 — needs reorder, older range"
3505,2073891257099,[20738-2153-1] Kids Doctor Trolley Bag - Pink,Toys (Consignment),ACTIVE_UNPUBLISHED,272,519,118,1,0,0,"Wave 4 — needs reorder, older range"
3506,4000191210099,C219 Floral Hair Claw Small,Various,NOT_IN_SHOPIFY,253,53,29,1,5,88,"Wave 2 — in stock, existing range"
3507,4000190291099,32 Hair Clip - Rose,Clothing,NOT_IN_SHOPIFY,377,50,29,1,10,146,"Wave 2 — in stock, existing range"
3508,4001590705099,135 Tic tac,Clothing,NOT_IN_SHOPIFY,117,40,22,1,1,14,"Wave 1 — in stock, new arrival"
3509,6223003242473,"Tank Insulated Plastic Water Bottle Mini Super Cool 650ml, Pink, BPA Free",School,ACTIVE_UNPUBLISHED,756,180,29,1,1,129,"Wave 2 — in stock, existing range"
3510,20701572099,Girls Hair Elastic Band,Clothing,NOT_IN_SHOPIFY,751,63,29,1,1,26,"Wave 2 — in stock, existing range"
3511,1071424612099,[10714-6346] Sitting Dog T-Shirt Plush Toy Large - Red,Toys,ACTIVE_UNPUBLISHED,166,400,116,1,0,0,"Wave 4 — needs reorder, older range"
3512,1071493687099,[10714-H293-1] H293-1 H-B-D Glitter Glasses Headband - Silver,Party,NOT_IN_SHOPIFY,137,90,29,2,4,100,"Wave 2 — in stock, existing range"
3513,5900511105285,[5900511105285] Puzzle 1000 Pieces - No. 10528,Toys (Consignment),NOT_IN_SHOPIFY,753,549,116,1,0,0,"Wave 4 — needs reorder, older range"
3514,5900511100808,[5900511100808] 10080 Puzzle (P1000),Toys (Consignment),ACTIVE_UNPUBLISHED,631,549,116,1,0,0,"Wave 4 — needs reorder, older range"
3515,5900511107647,[5900511107647] Puzzle 1000 Pieces - No. 10764,Toys (Consignment),NOT_IN_SHOPIFY,435,549,116,1,0,0,"Wave 4 — needs reorder, older range"
3516,4895038501805,000180 Soft Rattle Ball-Lion,Toys,ACTIVE_UNPUBLISHED,751,399,116,1,0,0,"Wave 4 — needs reorder, older range"
3517,4001591774099,[40015-036-1] Girls Hair Clip,Various,NOT_IN_SHOPIFY,337,50,29,1,7,105,"Wave 2 — in stock, existing range"
3518,4001564852099,3904 Kids Hair Elastic,Various,NOT_IN_SHOPIFY,321,50,29,1,8,120,"Wave 2 — in stock, existing range"
3519,0027084425611,"Mattel Hot Wheels 3 Car Pack, Multipack of 3 Hot Wheels Vehicles, Instant Starter Set, Collection of 1:64 K5904",Toys,NOT_IN_SHOPIFY,152,375,115,1,0,0,"Wave 4 — needs reorder, older range"
3520,1044885186099,20020201 Baby Cotton Blanket Set Boy - Fox & Bear & Lion,Various,ACTIVE_UNPUBLISHED,167,300,115,1,0,0,"Wave 4 — needs reorder, older range"
3521,1023895163099, 3-2004-26 Baby Blanket,Clothing,ACTIVE_UNPUBLISHED,204,390,115,1,0,0,"Wave 4 — needs reorder, older range"
3522,202512115495,789-19A جيتار صغير فرقة البوب الكورية صيادين الشياطين,Toys (Consignment),ACTIVE_UNPUBLISHED,99,375,85,1,0,0,"Wave 3 — needs reorder, new range"
3523,2073082416099,HJS5511 عروسة مرميد بالصوت و النور,Toys (Consignment),ACTIVE_UNPUBLISHED,99,375,85,1,0,0,"Wave 3 — needs reorder, new range"
3524,1023850778014,0662 Boxer Shorts Pack Of 2,Clothing,NOT_IN_SHOPIFY,553,158,29,1,6,656,"Wave 2 — in stock, existing range"
3525,1023891529010,0664 Boxer Shorts Pack Of 2,Clothing,NOT_IN_SHOPIFY,146,158,29,1,9,1008,"Wave 2 — in stock, existing range"
3526,1023891519010,0662 Boxer Shorts Pack Of 2,Clothing,NOT_IN_SHOPIFY,146,158,29,1,7,766,"Wave 2 — in stock, existing range"
3527,1023850779014,0662 Boxer Shorts Pack Of 2,Clothing,NOT_IN_SHOPIFY,553,158,29,1,2,219,"Wave 2 — in stock, existing range"
3528,2024050106190,20PCS P/B ALLOY CAR(47DESIGN MIXED),Toys (Consignment),NOT_IN_SHOPIFY,567,545,115,1,0,0,"Wave 4 — needs reorder, older range"
3529,681070107600,1549318-A Star Is Born Pink,Toys,NOT_IN_SHOPIFY,616,177,115,1,0,0,"Wave 4 — needs reorder, older range"
3530,4000732887099,320479-Animalsقاعدة تواليت سوفيت2يدأحمر*أبيض,Toys,ACTIVE_UNPUBLISHED,126,370,114,1,0,0,"Wave 4 — needs reorder, older range"
3531,1003971471006,26203632 Romper,Clothing,ACTIVE_UNPUBLISHED,120,270,85,1,0,0,"Wave 3 — needs reorder, new range"
3532,1060150424099,6562 Michael Shaped Eraser,School,NOT_IN_SHOPIFY,463,90,29,13,80,312,"Wave 2 — in stock, existing range"
3533,8001619110342,[8001619110342] Gift Card B-M,Toys (Consignment),NOT_IN_SHOPIFY,750,76,28,11,56,196,"Wave 2 — in stock, existing range"
3534,5903407164953,CB:22/580pinCB (سكاتة سيليكون متناسقة بغطاء 1ق  Newborn baby 06m روز),Baby Essentials (Consignment),ACTIVE_UNPUBLISHED,92,777,84,3,0,0,"Wave 3 — needs reorder, new range"
3535,4000176015099,310 Stitch Snap Clip,Clothing,NOT_IN_SHOPIFY,183,54,28,1,5,95,"Wave 2 — in stock, existing range"
3536,2021090113003,7757B　 شنطة ادوات دكتور,Toys (Consignment),ACTIVE_UNPUBLISHED,130,410,113,1,0,0,"Wave 4 — needs reorder, older range"
3537,4893156034410,[4893156034410] 4M Toy DIY Traffic Light Kit,Toys (Consignment),NOT_IN_SHOPIFY,753,645,28,1,5,2688,"Wave 2 — in stock, existing range"
3538,1052576000014,Captain America Swim Suit,Clothing,NOT_IN_SHOPIFY,756,300,113,1,0,0,"Wave 4 — needs reorder, older range"
3539,2073892724099,[20738-S-B24] S-B24 Kids Classic Guitar Dream Sound - Dark Brown,Toys (Consignment),ACTIVE_UNPUBLISHED,169,498,113,2,0,0,"Wave 4 — needs reorder, older range"
3540,2024121300328,HT-53 SOFT BOOK,Toys (Consignment),NOT_IN_SHOPIFY,470,105,28,1,4,255,"Wave 2 — in stock, existing range"
3541,1071474144099,[10714-111-2] Mug 1200ml S-T - Mint,Various,ACTIVE_UNPUBLISHED,235,425,113,1,0,0,"Wave 4 — needs reorder, older range"
3542,2071935806099,HT-380 CAR TOYS,Toys (Consignment),NOT_IN_SHOPIFY,438,408,113,1,0,0,"Wave 4 — needs reorder, older range"
3543,2041040428099,TR:2024805TR (ترو علاقة سكاتة شريط),Baby Essentials (Consignment),ACTIVE_UNPUBLISHED,25,464,83,4,0,0,"Wave 3 — needs reorder, new range"
3544,1067858837099,[1067858837099] 100 Baby Swaddle - Grey Animals,Clothing,ACTIVE_UNPUBLISHED,587,299,112,1,0,0,"Wave 4 — needs reorder, older range"
3545,2025070103411,1123 ROLLER COSTAR,Toys (Consignment),ACTIVE_UNPUBLISHED,64,395,83,1,0,0,"Wave 3 — needs reorder, new range"
3546,1054485650012,9029 Romper,Clothing,ACTIVE_UNPUBLISHED,91,452,83,1,0,0,"Wave 3 — needs reorder, new range"
3547,4001837928099,[40018-2288Q-5] Vacuum Bowling Set C-R,Toys,ACTIVE_UNPUBLISHED,321,350,112,1,0,0,"Wave 4 — needs reorder, older range"
3548,4001035747099,LT3954 Baby Soft Book Set 4*1,Toys,ACTIVE_UNPUBLISHED,307,350,112,1,0,0,"Wave 4 — needs reorder, older range"
3549,2024120100424,988-55 FRICTION FIRE TRUCK SET,Toys (Consignment),ACTIVE_UNPUBLISHED,64,608,83,1,0,0,"Wave 3 — needs reorder, new range"
3550,1069750337099,[1069750337099] Girls Hair Sortie Set,Clothing,NOT_IN_SHOPIFY,523,50,28,1,1,16,"Wave 2 — in stock, existing range"
3551,1053854720099,Shapes Bracelet Set,Adults,NOT_IN_SHOPIFY,751,66,28,1,3,90,"Wave 2 — in stock, existing range"
3552,4000150398099,1063 Hair Strand Braid Shell,Clothing,NOT_IN_SHOPIFY,456,50,28,1,1,16,"Wave 2 — in stock, existing range"
3553,4001591759099,[40015-29-6] Toddler Girls Chrome Hair Clip - Small,Various,NOT_IN_SHOPIFY,337,50,28,2,7,56,"Wave 2 — in stock, existing range"
3554,4000175984099,290 Bow Hair Clip & Hair Clip,Clothing,NOT_IN_SHOPIFY,183,50,28,1,13,208,"Wave 2 — in stock, existing range"
3555,4001583957099,211 مشبك   تيك تاك جينز,Clothing,NOT_IN_SHOPIFY,134,50,28,1,13,208,"Wave 2 — in stock, existing range"
3556,4001591793099,[40015-029] Girls Butterfly Hair Clip Small,Various,NOT_IN_SHOPIFY,337,50,28,2,12,96,"Wave 2 — in stock, existing range"
3557,4001562864099,[4001562864099] Girls Scrunchie,Various,NOT_IN_SHOPIFY,274,50,28,1,6,96,"Wave 2 — in stock, existing range"
3558,4000191284099,215 Barrette Medium,Various,NOT_IN_SHOPIFY,253,50,28,1,3,48,"Wave 2 — in stock, existing range"
3559,1044885142099,20040102 Nursing Cover Shapes (Blue),Various,ACTIVE_UNPUBLISHED,167,450,111,1,0,0,"Wave 4 — needs reorder, older range"
3560,8051708029383,FIFA world cup 2026 eco blister,Various,ACTIVE_UNPUBLISHED,117,465,82,1,0,0,"Wave 3 — needs reorder, new range"
3561,6920003351265,AST401 Magic water balloon,Toys (Consignment),ACTIVE_UNPUBLISHED,477,400,111,2,-1,-120,"Wave 4 — needs reorder, older range"
3562,071662183400,58-8340-12 PENNARELLI MAXI PUNTA LAVABILI,Toys,ACTIVE_UNPUBLISHED,377,399,111,1,0,0,"Wave 4 — needs reorder, older range"
3563,2072375354099,Art Set Bag 150pcs,Toys (Consignment),NOT_IN_SHOPIFY,396,399,111,1,0,0,"Wave 4 — needs reorder, older range"
3564,1004467511099,[1004467511099] Mobile Holder Glasses,Toys,NOT_IN_SHOPIFY,750,100,28,5,32,382,"Wave 2 — in stock, existing range"
3565,4000791284099,[40007-MBK-272K] MBK-272K Kids Hair Beading & Bracelet Making Machine Set,Toys,NOT_IN_SHOPIFY,291,405,110,1,0,0,"Wave 4 — needs reorder, older range"
3566,1054474358099,Bear Head Baby Sleeping Bag,Clothing,ACTIVE_UNPUBLISHED,706,602,110,1,0,0,"Wave 4 — needs reorder, older range"
3567,1069717532099,[1069717532099] Girls Hair Clip,Various,NOT_IN_SHOPIFY,554,50,27,1,3,48,"Wave 2 — in stock, existing range"
3568,4000191237099,C130 Clip & Hair Elastic,Various,NOT_IN_SHOPIFY,253,54,27,1,10,200,"Wave 2 — in stock, existing range"
3569,4001513113099,[4001513113099] Toddler Girls Lolly Scrunchie,Various,ACTIVE_UNPUBLISHED,215,54,27,1,4,80,"Wave 2 — in stock, existing range"
3570,4001556983099,[40015-200-1] Toddler Girls Hair Clip - Gold,Clothing,NOT_IN_SHOPIFY,341,54,27,1,3,60,"Wave 2 — in stock, existing range"
3571,2041084252099,TR:2025123TR Tro Teether & Pacifier - Silicone Bottle & Nipple Cleaning Brush GOLD,Baby Essentials (Consignment),ACTIVE_UNPUBLISHED,174,984,109,3,0,0,"Wave 4 — needs reorder, older range"
3572,5900511109306,[10331-10930] Puzzle 1000 Pieces,Toys (Consignment),ACTIVE_UNPUBLISHED,330,615,109,1,0,0,"Wave 4 — needs reorder, older range"
3573,4041485310594,31059 Ballpoint Pen Blue 0.7mm R-301,School (Consignment),NOT_IN_SHOPIFY,532,104,27,8,89,712,"Wave 2 — in stock, existing range"
3574,4041485431848,43184 Ballpoint Pen Blue 1.0mm R-301,School (Consignment),NOT_IN_SHOPIFY,532,104,27,8,64,512,"Wave 2 — in stock, existing range"
3575,1054492146099, 8908 Bib,Clothing,ACTIVE_UNPUBLISHED,201,335,109,1,0,0,"Wave 4 — needs reorder, older range"
3576,6223006011250,BO-1001Toy Story Bowling Set,Toys,ACTIVE_UNPUBLISHED,571,285,109,1,0,0,"Wave 4 — needs reorder, older range"
3577,1071413228099,[1071413228099] Plush Sitting Teddy Bear with Bow - Light Brown,Various,ACTIVE_UNPUBLISHED,264,500,109,1,0,0,"Wave 4 — needs reorder, older range"
3578,1014150394032,514 Sandal,Clothing,NOT_IN_SHOPIFY,502,564,27,2,3,701,"Wave 2 — in stock, existing range"
3579,1014156055035,079 Sandal,Clothing,NOT_IN_SHOPIFY,550,564,27,2,5,1169,"Wave 2 — in stock, existing range"
3580,4892900887258,88725 Nile Crocodile,Toys,ACTIVE_UNPUBLISHED,348,390,108,1,0,0,"Wave 4 — needs reorder, older range"
3581,2024110107112,[2024110107112] Toy Microwave with Sound & Light + Accessories,Toys (Consignment),ACTIVE_UNPUBLISHED,260,698,108,1,0,0,"Wave 4 — needs reorder, older range"
3582,6937645542142,4214 BLOCK COGO,Toys (Consignment),ACTIVE_UNPUBLISHED,655,610,108,1,0,0,"Wave 4 — needs reorder, older range"
3583,1053874274099,294 Pendant Beads,Various,NOT_IN_SHOPIFY,223,65,27,1,6,180,"Wave 2 — in stock, existing range"
3584,1053837648099,Cat Initial 272,Various,NOT_IN_SHOPIFY,420,65,27,1,12,360,"Wave 2 — in stock, existing range"
3585,5060926686813,Original Hair Brush - Blue,Various,NOT_IN_SHOPIFY,418,613,108,1,0,0,"Wave 4 — needs reorder, older range"
3586,1043686935099,Hair Elastic 1159,Clothing,NOT_IN_SHOPIFY,190,58,27,1,1,24,"Wave 2 — in stock, existing range"
3587,2073339461012,CD031-B-PEB Romper ,Clothing (Consignment),ACTIVE_UNPUBLISHED,134,1079,107,1,0,0,"Wave 4 — needs reorder, older range"
3588,4000732906099,616-Speed push machine capy bara,Toys,ACTIVE_UNPUBLISHED,126,300,107,2,0,0,"Wave 4 — needs reorder, older range"
3589,4000732905099,615-Speed push machine labubu beig,Toys,ACTIVE_UNPUBLISHED,126,300,107,2,0,0,"Wave 4 — needs reorder, older range"
3590,4001064871099,6286A Kuromi Bubble Gun - Purple,Toys,NOT_IN_SHOPIFY,298,350,107,1,0,0,"Wave 4 — needs reorder, older range"
3591,1069237987099,B02706AN-650 ML Red Cool Gear Water Bottle ,School,ACTIVE_UNPUBLISHED,398,369,107,1,0,0,"Wave 4 — needs reorder, older range"
3592,205669369509M,23617 Girls Skirt,Clothing,NOT_IN_SHOPIFY,413,314,27,1,6,1494,"Wave 2 — in stock, existing range"
3593,6920250106670,V21-3A WATER BALLOONS 111 PIC,Toys,NOT_IN_SHOPIFY,476,189,107,1,0,0,"Wave 4 — needs reorder, older range"
3594,1033135906099,1893-44 شخصيه لاعيب كورة,Toys (Consignment),ACTIVE_UNPUBLISHED,106,375,79,1,0,0,"Wave 3 — needs reorder, new range"
3595,1033135919099,1893-44 شخصيه لاعيب كورة,Toys (Consignment),ACTIVE_UNPUBLISHED,106,375,79,1,0,0,"Wave 3 — needs reorder, new range"
3596,9781408849583,Lulu Loves Shapes,Various (Consignment),ACTIVE_UNPUBLISHED,82,445,79,1,0,0,"Wave 3 — needs reorder, new range"
3597,9781408849637,Lulu Loves Noises,Various (Consignment),ACTIVE_UNPUBLISHED,82,445,79,1,0,0,"Wave 3 — needs reorder, new range"
3598,9781916549425, Roblox Unite Tin,School (Consignment),NOT_IN_SHOPIFY,745,600,106,1,0,0,"Wave 4 — needs reorder, older range"
3599,9781910764435, Sticker Fun  Unicorns,Various (Consignment),NOT_IN_SHOPIFY,751,150,27,1,1,105,"Wave 2 — in stock, existing range"
3600,2072012652099,TT 2X 0-6M MODA STHR (Pack Of 2),Baby Essentials (Consignment),ACTIVE_UNPUBLISHED,600,600,106,1,0,0,"Wave 4 — needs reorder, older range"
3601,2072086925099, 2X 0-6M ANYTIME STHR  (Pack Of 2) 33544,Baby Essentials (Consignment),ACTIVE_UNPUBLISHED,140,600,106,1,0,0,"Wave 4 — needs reorder, older range"
3602,6222049760330,Tropical Fruits Medium Pouch,Summer (Consignment),ACTIVE_UNPUBLISHED,138,599,106,1,0,0,"Wave 4 — needs reorder, older range"
3603,1071431604099,[10714-2090B2] Water Gun - White & Navy,Toys,NOT_IN_SHOPIFY,389,360,106,1,0,0,"Wave 4 — needs reorder, older range"
3604,1004850691099,S241-كوب شاليموه بيد 260ملى +12,Baby Essentials,ACTIVE_UNPUBLISHED,517,603,106,2,0,0,"Wave 4 — needs reorder, older range"
3605,0025746,Gift Card 46,Party,NOT_IN_SHOPIFY,751,70,26,2,76,1330,"Wave 2 — in stock, existing range"
3606,4000175968099,304 Large Scrunchie,Clothing,NOT_IN_SHOPIFY,183,50,26,1,12,210,"Wave 2 — in stock, existing range"
3607,4001273003099,1904 Magic sand art 600G,Toys,ACTIVE_UNPUBLISHED,104,260,78,1,0,0,"Wave 3 — needs reorder, new range"
3608,2071996895099,5050 FISHING SET,Toys (Consignment),ACTIVE_UNPUBLISHED,123,380,105,1,0,0,"Wave 4 — needs reorder, older range"
3609,2024110104067,1135 DINOSAUR PAIRMG SHAPE,Toys (Consignment),ACTIVE_UNPUBLISHED,64,370,78,2,0,0,"Wave 3 — needs reorder, new range"
3610,4001590698099,449-1 Girls' hair elastic,Clothing,NOT_IN_SHOPIFY,117,35,19,1,6,68,"Wave 1 — in stock, new arrival"
3611,4001590699099,449-2 bow clip,Clothing,NOT_IN_SHOPIFY,117,35,19,1,6,68,"Wave 1 — in stock, new arrival"
3612,4000190359099,1 Hair Clip,Clothing,NOT_IN_SHOPIFY,377,45,26,1,6,80,"Wave 2 — in stock, existing range"
3613,4000190334099,76 Hair Accessory - Elastic,Clothing,NOT_IN_SHOPIFY,377,45,26,1,1,13,"Wave 2 — in stock, existing range"
3614,6223007320856,Mafia Board Game,Toys (Consignment),ACTIVE_UNPUBLISHED,751,590,105,2,0,0,"Wave 4 — needs reorder, older range"
3615,1023850734004,0558 Pantie,Clothing,ACTIVE_UNPUBLISHED,553,133,26,2,3,136,"Wave 2 — in stock, existing range"
3616,1060134686099,نوتة سلك مائية A5 اشكال  2134-7,School,ACTIVE_UNPUBLISHED,83,219,77,1,0,0,"Wave 3 — needs reorder, new range"
3617,2073870526099,5203-1 صياد سمك ,Toys (Consignment),ACTIVE_UNPUBLISHED,116,339,77,1,0,0,"Wave 3 — needs reorder, new range"
3618,2025010107868,KSY911 DIY HAIR BRAIDER,Toys (Consignment),ACTIVE_UNPUBLISHED,64,365,77,1,0,0,"Wave 3 — needs reorder, new range"
3619,8001619302815,[8001619302815] Gift Card M-K,Various (Consignment),NOT_IN_SHOPIFY,753,69,26,10,77,270,"Wave 2 — in stock, existing range"
3620,1071452474099,[1071452474099] Jumbo Birthday Candle - Number 3,Various,NOT_IN_SHOPIFY,581,75,26,2,1,20,"Wave 2 — in stock, existing range"
3621,8003511409579,[8003511409579] Carioca Jumbo Fabric Felt Tip Markers 12 Colors,School,ACTIVE_UNPUBLISHED,756,336,103,1,0,0,"Wave 4 — needs reorder, older range"
3622,4892900880365,88036 Tyrannosaurs rex,Toys,ACTIVE_UNPUBLISHED,103,275,76,1,0,0,"Wave 3 — needs reorder, new range"
3623,1071493690099,[10714-808-1] Party Hat Medium - Multicolor,Party,NOT_IN_SHOPIFY,137,100,26,4,3,46,"Wave 2 — in stock, existing range"
3624,4000191220099,2 Girls Hair Elastic,Various,NOT_IN_SHOPIFY,253,48,26,2,7,56,"Wave 2 — in stock, existing range"
3625,2036585358099,271005 Cap,Clothing (Consignment),ACTIVE_UNPUBLISHED,96,285,76,2,0,0,"Wave 3 — needs reorder, new range"
3626,20701034099,Handball - Assorted Designs,Toys,NOT_IN_SHOPIFY,751,144,26,1,10,1007,"Wave 2 — in stock, existing range"
3627,2220000002367,Tote Bag (Large) - M-O,School (Consignment),ACTIVE_UNPUBLISHED,567,450,102,1,0,0,"Wave 4 — needs reorder, older range"
3628,2220000003159,Drawstring Bag - Gymnastics,School (Consignment),ACTIVE_UNPUBLISHED,567,450,102,1,0,0,"Wave 4 — needs reorder, older range"
3629,2220000002368,Tote Bag (Large) - Cats,School (Consignment),ACTIVE_UNPUBLISHED,567,450,102,1,0,0,"Wave 4 — needs reorder, older range"
3630,2220000002372,Tote Bag (Large) - B-R,School (Consignment),ACTIVE_UNPUBLISHED,567,450,102,1,0,0,"Wave 4 — needs reorder, older range"
3631,2220000002375,Tote Bag (Large) - Unicorn,School (Consignment),ACTIVE_UNPUBLISHED,567,450,102,1,0,0,"Wave 4 — needs reorder, older range"
3632,2220000003157,Drawstring Bag - Cats,School (Consignment),ACTIVE_UNPUBLISHED,567,450,102,1,0,0,"Wave 4 — needs reorder, older range"
3633,2220000002365,Tote Bag (Large) - Stitch,School (Consignment),ACTIVE_UNPUBLISHED,567,450,102,1,0,0,"Wave 4 — needs reorder, older range"
3634,2220000002383,Tote Bag (Large) - Gamer,School (Consignment),ACTIVE_UNPUBLISHED,567,450,102,1,0,0,"Wave 4 — needs reorder, older range"
3635,6464655483894,[6464655483894] MJ212 Girls Makeup Pretend Play Set,Toys (Consignment),ACTIVE_UNPUBLISHED,678,485,102,1,0,0,"Wave 4 — needs reorder, older range"
3636,8003511406165,[8003511406165] Carioca Joy Felt Tip Markers 36 Colors,School,ACTIVE_UNPUBLISHED,750,333,102,1,0,0,"Wave 4 — needs reorder, older range"
3637,4000464885099,WD1 Assorted Gift Bag Square XS,Toys,NOT_IN_SHOPIFY,657,45,25,2,6,42,"Wave 2 — in stock, existing range"
3638,1023810775006,0664 Boxer Shorts Pack Of 2,Clothing,NOT_IN_SHOPIFY,756,140,25,1,3,291,"Wave 2 — in stock, existing range"
3639,4001591767099,[40015-6035-5] Girls Snap Clips,Various,NOT_IN_SHOPIFY,337,45,25,1,5,70,"Wave 2 — in stock, existing range"
3640,4001513110099,[4001513110099] Toddler Girls Bow Hair Elastic,Various,ACTIVE_UNPUBLISHED,215,45,25,1,3,42,"Wave 2 — in stock, existing range"
3641,4000191212099,455 Hairband 2x1,Various,NOT_IN_SHOPIFY,253,50,25,1,6,108,"Wave 2 — in stock, existing range"
3642,1071493760099,[10714-C3-2] C3-2 Birthday Candle Card with Base 24 Candles Small Cutter - Red,Party,NOT_IN_SHOPIFY,137,70,25,2,7,126,"Wave 2 — in stock, existing range"
3643,1071493773099,[10714-C19-4] C19-4 Metallic Birthday Candle Card 10 Candles Large - Red,Party,NOT_IN_SHOPIFY,137,70,25,2,5,90,"Wave 2 — in stock, existing range"
3644,4000190327099,46 Hair Accessory - Claw Clip Large,Clothing,NOT_IN_SHOPIFY,377,40,25,1,2,19,"Wave 2 — in stock, existing range"
3645,281126,NEW PARTY 50,Clothing (Consignment),NOT_IN_SHOPIFY,752,95,25,2,12,348,"Wave 2 — in stock, existing range"
3646,4000190266099,12 Girls Hair Elastic,Clothing,NOT_IN_SHOPIFY,377,45,25,1,7,99,"Wave 2 — in stock, existing range"
3647,1023867011004,1481 Sleeveless Undershirt,Clothing,NOT_IN_SHOPIFY,756,85,25,1,6,296,"Wave 2 — in stock, existing range"
3648,1071491245099,[10714-323] Candle Card 3x1 - Purple (M-M),Clothing,NOT_IN_SHOPIFY,281,80,25,2,1,22,"Wave 2 — in stock, existing range"
3649,2072362121099,2878 مجموعة شخاليل 5ق 2878Rattles Pack 5pcs,Baby Essentials (Consignment),NOT_IN_SHOPIFY,96,269,75,1,0,0,"Wave 3 — needs reorder, new range"
3650,1023851152004,1477 Sleeveless Undershirt,Clothing,NOT_IN_SHOPIFY,104,85,19,1,3,168,"Wave 1 — in stock, new arrival"
3651,1017086954099,BO-1006 Sonic Bowling Set,Toys,ACTIVE_UNPUBLISHED,161,285,100,1,0,0,"Wave 4 — needs reorder, older range"
3652,6223006066366,BO-1003/BO-10038 Pins + 2 Bowling Balls,Toys,ACTIVE_UNPUBLISHED,700,285,100,1,0,0,"Wave 4 — needs reorder, older range"
3653,1071493758099,[10714-C1-2] C1-2 HBD Birthday Candle Card with Base 12 Candles Large - Gold,Party,NOT_IN_SHOPIFY,137,90,25,2,11,297,"Wave 2 — in stock, existing range"
3654,2073891414099,[20738-3109E-1] Dream Voice Classic Series Musical Instrument - Aqua,Toys (Consignment),ACTIVE_UNPUBLISHED,272,439,100,1,0,0,"Wave 4 — needs reorder, older range"
3655,1054496603099,116 Baby pillow,Baby Essentials,ACTIVE_UNPUBLISHED,78,225,74,1,0,0,"Wave 3 — needs reorder, new range"
3656,2024030300082,[10331-SY1074-14] SY1074-14 Kids Swimming Board M-I,Summer (Consignment),ACTIVE_UNPUBLISHED,435,568,100,2,0,0,"Wave 4 — needs reorder, older range"
3657,1071493737099,[10714-4000-1] Birthday Cake Candle Number 1 Glitter - Silver,Party,NOT_IN_SHOPIFY,137,60,25,4,5,35,"Wave 2 — in stock, existing range"
3658,1068380378034,2401 Sneakers,Clothing,NOT_IN_SHOPIFY,544,562,99,1,0,0,"Wave 4 — needs reorder, older range"
3659,2073812236099,ZL8290Z-ساعة يد (موسيقى - أضواء - أصوات),Toys (Consignment),ACTIVE_UNPUBLISHED,27,378,73,2,0,0,"Wave 3 — needs reorder, new range"
3660,1073634590003,15966 Gift clothes box,Clothing,ACTIVE_UNPUBLISHED,204,420,98,1,0,0,"Wave 4 — needs reorder, older range"
3661,1071402181099,[10714-02426-1] 02426 Plush Teddy Bear Medium - Grey,Various,ACTIVE_UNPUBLISHED,200,340,98,1,0,0,"Wave 4 — needs reorder, older range"
3662,1033150336099,[10331-LC75A-2] LC75A Airplane Shape Piano - Turquoise,Toys (Consignment),ACTIVE_UNPUBLISHED,197,465,98,1,0,0,"Wave 4 — needs reorder, older range"
3663,4000175962099,373 Bow Hair Clip Jeans,Clothing,NOT_IN_SHOPIFY,183,45,24,1,3,45,"Wave 2 — in stock, existing range"
3664,4001520042099,[4001520042099] Toddler Girls Acrylic Hair Clips Sortie - Multicolor,Clothing,NOT_IN_SHOPIFY,414,45,24,1,44,660,"Wave 2 — in stock, existing range"
3665,4001583961099,32 تيك تاك وردة ,Clothing,NOT_IN_SHOPIFY,134,45,24,1,1,15,"Wave 2 — in stock, existing range"
3666,4001520037099,[4001520037099] Toddler Girls Printed Bracelet - Multicolor,Clothing,NOT_IN_SHOPIFY,414,45,24,1,1,15,"Wave 2 — in stock, existing range"
3667,4000191223099,C163 Girls Bow Hair Elastic,Various,ACTIVE_UNPUBLISHED,253,45,24,1,8,120,"Wave 2 — in stock, existing range"
3668,4001562868099,[4001562868099] Girls Bandana,Various,NOT_IN_SHOPIFY,274,45,24,1,23,345,"Wave 2 — in stock, existing range"
3669,4001556986099,[40015-96-1] Toddler Girls Hair Elastic,Clothing,NOT_IN_SHOPIFY,341,45,24,1,26,390,"Wave 2 — in stock, existing range"
3670,4001556984099,[40015-235-2] Toddler Girls Hair Claw Clip - Large,Clothing,NOT_IN_SHOPIFY,341,45,24,1,10,150,"Wave 2 — in stock, existing range"
3671,2024110109253,628-A42 DOCTOR SET,Toys (Consignment),ACTIVE_UNPUBLISHED,64,531,72,2,0,0,"Wave 3 — needs reorder, new range"
3672,6941607331415,26034 Bestway Aquanaut Essentialâ„¢ protection set from 7 years,Summer,ACTIVE_UNPUBLISHED,756,350,98,2,0,0,"Wave 4 — needs reorder, older range"
3673,6222360201886,[20730-JX20188F-6] JX20188 Girls Frozen Coloring Bag Set,Toys (Consignment),ACTIVE_UNPUBLISHED,211,630,98,1,0,0,"Wave 4 — needs reorder, older range"
3674,9781837953882,My First Words,Various (Consignment),ACTIVE_UNPUBLISHED,25,318,72,1,0,0,"Wave 3 — needs reorder, new range"
3675,5010065030077,54-3007-5 PENNELLI ASSORTITI,Toys,NOT_IN_SHOPIFY,377,350,97,1,0,0,"Wave 4 — needs reorder, older range"
3676,8001011169122,Paw Patrol Multicolor Inflatable Mat (50 x 75 cm),Summer,ACTIVE_UNPUBLISHED,756,200,97,1,0,0,"Wave 4 — needs reorder, older range"
3677,9781837951437,My First 1000 Words,Various (Consignment),ACTIVE_UNPUBLISHED,25,315,72,1,0,0,"Wave 3 — needs reorder, new range"
3678,2073072751099,[20730-2802L-2] 2802L Labubu Guitar - Blue,Toys (Consignment),ACTIVE_UNPUBLISHED,211,425,97,1,0,0,"Wave 4 — needs reorder, older range"
3679,4893156032706,[4893156032706] 4M Build Your Own Robot Kit,Toys (Consignment),ACTIVE_UNPUBLISHED,753,706,96,1,0,0,"Wave 4 — needs reorder, older range"
3680,1069750706099,[1069750706099] Baby Girls Bracelet,Clothing,NOT_IN_SHOPIFY,531,40,24,1,3,33,"Wave 2 — in stock, existing range"
3681,4000958979099,4320-5 Jumbo Candle Number 5,Party,NOT_IN_SHOPIFY,603,42,24,1,6,80,"Wave 2 — in stock, existing range"
3682,4000958981099,4320-7 Jumbo Candle Number 7,Party,NOT_IN_SHOPIFY,603,42,24,1,6,80,"Wave 2 — in stock, existing range"
3683,4000958976099,4320-2 Jumbo Candle Number 2,Party,NOT_IN_SHOPIFY,603,42,24,1,11,146,"Wave 2 — in stock, existing range"
3684,20700525099,Balloon Inflator Pump,Party,NOT_IN_SHOPIFY,751,110,24,2,1,36,"Wave 2 — in stock, existing range"
3685,1003971495099,146 Bib,Baby Essentials,ACTIVE_UNPUBLISHED,120,216,71,3,0,0,"Wave 3 — needs reorder, new range"
3686,9781788244275,barbie colour by numbmers,Various (Consignment),ACTIVE_UNPUBLISHED,105,400,71,1,0,0,"Wave 3 — needs reorder, new range"
3687,9781788242295,aqua magic paw patrol,Various (Consignment),ACTIVE_UNPUBLISHED,105,400,71,1,0,0,"Wave 3 — needs reorder, new range"
3688,1038286280099,WBL25-2 Pull-String Snail Baby Toy with Light & Music,Toys (Consignment),ACTIVE_UNPUBLISHED,342,420,95,1,0,0,"Wave 4 — needs reorder, older range"
3689,9781663356246,Unicorn Gift Box,Various (Consignment),ACTIVE_UNPUBLISHED,756,420,95,1,0,0,"Wave 4 — needs reorder, older range"
3690,1071493683099,[10714-H292-1] H292-1 H-B-D Sash Headband Gold & Black,Party,NOT_IN_SHOPIFY,137,75,24,1,12,504,"Wave 2 — in stock, existing range"
3691,2056656761006,Yellow Checkered Short-Sleeved Shirt,Clothing,NOT_IN_SHOPIFY,756,399,95,1,0,0,"Wave 4 — needs reorder, older range"
3692,6954444071185,[10331-77788] Kids Hockey Playground Game Set,Toys (Consignment),ACTIVE_UNPUBLISHED,330,487,95,1,0,0,"Wave 4 — needs reorder, older range"
3693,1033192541099,[10331-S90-AV] S90-AV RC Avengers Smoke Stunt Car,Toys (Consignment),ACTIVE_UNPUBLISHED,308,450,95,1,0,0,"Wave 4 — needs reorder, older range"
3694,205669702002Y,23988 Girls Outfit Set,Clothing,ACTIVE_UNPUBLISHED,98,875,18,1,8,6000,"Wave 1 — in stock, new arrival"
3695,205669701606M,23988 Girls Outfit Set,Clothing,ACTIVE_UNPUBLISHED,98,875,18,1,7,5250,"Wave 1 — in stock, new arrival"
3696,205669702103Y,23988 Girls Outfit Set,Clothing,ACTIVE_UNPUBLISHED,98,875,18,1,8,6000,"Wave 1 — in stock, new arrival"
3697,1023885125012,0573 Pantie,Clothing,NOT_IN_SHOPIFY,62,80,18,1,1,53,"Wave 1 — in stock, new arrival"
3698,5900511148183,[10331-14818] Puzzle 100 Pieces Glitter,Toys (Consignment),ACTIVE_UNPUBLISHED,330,449,95,1,0,0,"Wave 4 — needs reorder, older range"
3699,1069785221099,[1069785221099] Toddler Girls Hair Elastic,Toys,NOT_IN_SHOPIFY,525,40,24,1,6,69,"Wave 2 — in stock, existing range"
3700,1050848604099,[1050848604099] La Frutta Baby Rubber Handle Hair Brush and Comb Set - Pink & White,Baby Essentials (Consignment),NOT_IN_SHOPIFY,751,150,24,1,1,108,"Wave 2 — in stock, existing range"
3701,1071445702099,[10714-234] Laser Football,Toys,NOT_IN_SHOPIFY,168,250,94,1,0,0,"Wave 4 — needs reorder, older range"
3702,2072596391099,"AST352 ""11.5-INCH JOE LEER JOINT DOLL SKI SUIT""",Toys (Consignment),ACTIVE_UNPUBLISHED,333,340,94,1,0,0,"Wave 4 — needs reorder, older range"
3703,1071423165099,[1071423165099] Touche Kids Silicone Swim Cap,Toys,ACTIVE_UNPUBLISHED,313,60,24,1,2,58,"Wave 2 — in stock, existing range"
3704,1069782667099,[1069782667099] Toddler Girls Hair Clip,Clothing,ACTIVE_UNPUBLISHED,606,45,24,1,5,80,"Wave 2 — in stock, existing range"
3705,1069750339099,[1069750339099] Girls Hair Sortie Set,Clothing,NOT_IN_SHOPIFY,523,45,24,1,3,48,"Wave 2 — in stock, existing range"
3706,6923364189201,18920TR True Breast Pads 30 Pieces,Baby Essentials (Consignment),ACTIVE_UNPUBLISHED,720,869,94,3,0,0,"Wave 4 — needs reorder, older range"
3707,6223007321990,The Jungle Book Snakes And Ladders,Toys (Consignment),ACTIVE_UNPUBLISHED,756,530,94,2,0,0,"Wave 4 — needs reorder, older range"
3708,4000191273099,c150 Girls Hair Elastic Fur,Various,ACTIVE_UNPUBLISHED,253,45,23,1,6,96,"Wave 2 — in stock, existing range"
3709,6957776834985,[6957776834985] G0888B Die Cast Cars Set 4 pcs,Toys (Consignment),NOT_IN_SHOPIFY,753,445,94,1,0,0,"Wave 4 — needs reorder, older range"
3710,6950329820053,Kid E Cats Block Set 16 Pcs,Toys (Consignment),ACTIVE_UNPUBLISHED,567,445,94,1,0,0,"Wave 4 — needs reorder, older range"
3711,1067896596099,B-129  Baby Potty Training Seat  space ازرق,Baby Essentials,ACTIVE_UNPUBLISHED,60,250,69,1,0,0,"Wave 3 — needs reorder, new range"
3712,1050850700099,[1050850700099] WEE Baby Pacifier with Chain (0-6M) - Fuchsia,Baby Essentials (Consignment),NOT_IN_SHOPIFY,526,198,23,1,1,150,"Wave 2 — in stock, existing range"
3713,2025010108278,X168-15 DIY CLAY SET,Toys (Consignment),ACTIVE_UNPUBLISHED,64,325,68,1,0,0,"Wave 3 — needs reorder, new range"
3714,2025010108285,X168-16A DIY CLAY SET,Toys (Consignment),ACTIVE_UNPUBLISHED,64,325,68,1,0,0,"Wave 3 — needs reorder, new range"
3715,4001537169099,249 استك شعر بناتي ,Various,NOT_IN_SHOPIFY,131,40,23,1,13,156,"Wave 2 — in stock, existing range"
3716,4000185288099,631- Waist Bag C-A - Blue,Various,ACTIVE_UNPUBLISHED,176,185,92,1,0,0,"Wave 4 — needs reorder, older range"
3717,4000185292099,631- Waist Bag Stitch - Blue,Various,ACTIVE_UNPUBLISHED,176,185,92,1,0,0,"Wave 4 — needs reorder, older range"
3718,1065895749099,[1065895749099] M944 Baby Rubber Knee Pad - Baby Blue Elephant,Baby Essentials,ACTIVE_UNPUBLISHED,727,170,92,2,0,0,"Wave 4 — needs reorder, older range"
3719,2073614864099,ZTYN612P Plasma Car,Toys (Consignment),NOT_IN_SHOPIFY,286,26,23,0,1,918,"Wave 2 — in stock, existing range"
3720,1023850330004,0558 Pantie,Clothing,ACTIVE_UNPUBLISHED,428,420,92,6,0,0,"Wave 4 — needs reorder, older range"
3721,5900511343960,[5900511343960] Puzzle 4-in-1 Set - Style 34396,Toys (Consignment),NOT_IN_SHOPIFY,753,481,92,1,0,0,"Wave 4 — needs reorder, older range"
3722,6464654309492,[6464654309492] ZY2001 Toy Basketball Gym,Toys (Consignment),NOT_IN_SHOPIFY,533,435,92,1,0,0,"Wave 4 — needs reorder, older range"
3723,1069765890099,[1069765890099] Kids Smiley Shoulder Bag - Blue,Various,ACTIVE_UNPUBLISHED,623,180,92,1,0,0,"Wave 4 — needs reorder, older range"
3724,4893156034359,[4893156034359] 4M Toy DIY Wacky Robot Kit,Toys (Consignment),NOT_IN_SHOPIFY,753,670,91,1,0,0,"Wave 4 — needs reorder, older range"
3725,6920003351739,AST028-SPACE SAND DINOSAUR SET (70G),Toys (Consignment),NOT_IN_SHOPIFY,447,108,23,1,1,72,"Wave 2 — in stock, existing range"
3726,2220000002289,Tote Bag (Medium) - A-V,School (Consignment),ACTIVE_UNPUBLISHED,567,400,91,1,0,0,"Wave 4 — needs reorder, older range"
3727,2220000002265,Tote Bag (Medium) - Birds,School (Consignment),ACTIVE_UNPUBLISHED,567,400,91,1,0,0,"Wave 4 — needs reorder, older range"
3728,2220000002288,Tote Bag (Medium) - Dino,School (Consignment),ACTIVE_UNPUBLISHED,567,400,91,1,0,0,"Wave 4 — needs reorder, older range"
3729,8008324099658,[8008324099658] Lisciani Avengers Double Face Maxi Plus Puzzle 60 Pieces,Toys (Consignment),ACTIVE_UNPUBLISHED,439,400,91,1,0,0,"Wave 4 — needs reorder, older range"
3730,8005125247547,24754 PZL 2X20 UNICORNS,Toys (Consignment),ACTIVE_UNPUBLISHED,427,400,91,1,0,0,"Wave 4 — needs reorder, older range"
3731,8005125293094,29309 PZL 180 FROZEN 2,Toys (Consignment),ACTIVE_UNPUBLISHED,481,400,91,1,0,0,"Wave 4 — needs reorder, older range"
3732,1069750732099,[1069750732099] Girls Rose Hair Ties Set,Clothing,NOT_IN_SHOPIFY,531,40,23,1,1,12,"Wave 2 — in stock, existing range"
3733,0795847087351,Vegetable and fruit cleaner 500ml,Baby Essentials (Consignment),NOT_IN_SHOPIFY,547,100,23,1,49,3182,"Wave 2 — in stock, existing range"
3734,2072596372099,6055412 BAT FGR 6in Value Figs GML8pkM06,Toys (Consignment),ACTIVE_UNPUBLISHED,333,325,91,1,0,0,"Wave 4 — needs reorder, older range"
3735,2072596373099,6055412 BAT FGR 6in Value Figs GML8pkM06,Toys (Consignment),ACTIVE_UNPUBLISHED,333,325,91,1,0,0,"Wave 4 — needs reorder, older range"
3736,2072596377099,6055412 BAT FGR 6in Value Figs GML8pkM06,Toys (Consignment),ACTIVE_UNPUBLISHED,333,325,91,1,0,0,"Wave 4 — needs reorder, older range"
3737,2073835854099,"[20738-BB992W3] BB992W3 Spider-Man Gel Blaster Gloves, Mask & Figure Set - Multicolor",Toys (Consignment),ACTIVE_UNPUBLISHED,246,399,91,1,0,0,"Wave 4 — needs reorder, older range"
3738,5900511372892,"Jigsaw Puzzle Galloping White Horses, 500 Piece",Toys (Consignment),NOT_IN_SHOPIFY,756,430,91,1,0,0,"Wave 4 — needs reorder, older range"
3739,6222025704594,[6222025704594] Mickey Gift Wrapping Paper,Various (Consignment),NOT_IN_SHOPIFY,753,60,23,2,19,285,"Wave 2 — in stock, existing range"
3740,1023866973010,1477 Sleeveless Undershirt,Clothing,NOT_IN_SHOPIFY,756,95,23,1,5,311,"Wave 2 — in stock, existing range"
3741,1071493660099,[10714-853] Balloon Bag 6x1 Boy or Girl,Party,NOT_IN_SHOPIFY,137,60,23,3,20,200,"Wave 2 — in stock, existing range"
3742,1060852331099,m217 Baby diaper,Baby Essentials,ACTIVE_UNPUBLISHED,725,159,90,1,0,0,"Wave 4 — needs reorder, older range"
3743,1060852330099,m217 Baby diaper,Baby Essentials,ACTIVE_UNPUBLISHED,725,159,90,1,0,0,"Wave 4 — needs reorder, older range"
3744,000228170008,22817- Socks ,Clothing (Consignment),NOT_IN_SHOPIFY,278,99,22,1,5,322,"Wave 2 — in stock, existing range"
3745,5900511343816,[5900511343816] Puzzle 4-in-1 Set - Style 34381,Toys (Consignment),ACTIVE_UNPUBLISHED,631,425,89,1,0,0,"Wave 4 — needs reorder, older range"
3746,6932995432198,D3219/Air Dry Soft Clay 24 Colors,Toys (Consignment),ACTIVE_UNPUBLISHED,751,425,89,1,0,0,"Wave 4 — needs reorder, older range"
3747,6464655118604,[6464655118604] Kids Nail Accessories Pretend Play Set,Toys (Consignment),ACTIVE_UNPUBLISHED,558,425,89,1,0,0,"Wave 4 — needs reorder, older range"
3748,6222025700978,[6222025700978] Carpenter Playset M-K,Toys (Consignment),NOT_IN_SHOPIFY,753,425,89,1,0,0,"Wave 4 — needs reorder, older range"
3749,2024050105667,8080A-7\FRICTION DISMOUNTING  MOTORCYCLE WITH SOUND/LIGHT/MUSIC,Toys (Consignment),ACTIVE_UNPUBLISHED,690,425,89,1,0,0,"Wave 4 — needs reorder, older range"
3750,6924124145215,HT-215-CAR TOYS,Toys (Consignment),NOT_IN_SHOPIFY,537,393,89,1,0,0,"Wave 4 — needs reorder, older range"
3751,1054496597099,5419 Bib,Baby Essentials,ACTIVE_UNPUBLISHED,78,200,66,1,0,0,"Wave 3 — needs reorder, new range"
3752,4000191252099,c57 Hair Clip & Bobby Pin,Various,NOT_IN_SHOPIFY,253,165,89,3,0,0,"Wave 4 — needs reorder, older range"
3753,1043615618099,1510 Hair Clip,Various,NOT_IN_SHOPIFY,113,130,66,2,0,0,"Wave 3 — needs reorder, new range"
3754,4041485617099,Sticky Note Fluorescent Blue 40*50mm - 300 Sheets,School (Consignment),NOT_IN_SHOPIFY,532,80,22,1,4,192,"Wave 2 — in stock, existing range"
3755,6224002327413,Purple Lunch Box,School,ACTIVE_UNPUBLISHED,749,320,22,2,5,646,"Wave 2 — in stock, existing range"
3756,5713795249251,BIBS Pacifiers Try-it Colour 3 PACK Ivory,Baby Essentials (Consignment),ACTIVE_UNPUBLISHED,180,891,89,1,0,0,"Wave 4 — needs reorder, older range"
3757,1023274547028,1001 Sneakers,Clothing,NOT_IN_SHOPIFY,580,477,88,1,0,0,"Wave 4 — needs reorder, older range"
3758,1043686943099,Bandana 1328,Clothing,NOT_IN_SHOPIFY,190,48,22,1,3,60,"Wave 2 — in stock, existing range"
3759,4000191221099,C235 Bow Hair Claw Small,Various,ACTIVE_UNPUBLISHED,253,40,22,1,18,234,"Wave 2 — in stock, existing range"
3760,4001552991099,[40015-273] Toddler Girls Shaped Hair Elastics - Small,Clothing,NOT_IN_SHOPIFY,348,40,22,1,2,26,"Wave 2 — in stock, existing range"
3761,1071474115099,[10714-668-2] Kids Alarm Clock Large H-K - Black,Various,ACTIVE_UNPUBLISHED,235,300,88,1,0,0,"Wave 4 — needs reorder, older range"
3762,1071474118099,[10714-258-304-1] Labubu Kids Alarm Clock - Red,Various,ACTIVE_UNPUBLISHED,235,300,88,1,0,0,"Wave 4 — needs reorder, older range"
3763,1071437225099,[1071437226099] Porcelain Bow Handle Mug - Yellow,Various,NOT_IN_SHOPIFY,516,300,88,1,0,0,"Wave 4 — needs reorder, older range"
3764,1023863241003,1-1220-25 Pajama,Clothing,NOT_IN_SHOPIFY,417,375,22,1,6,1842,"Wave 2 — in stock, existing range"
3765,1072335794024,2520G3 Slippers,Clothing,ACTIVE_UNPUBLISHED,476,240,88,1,0,0,"Wave 4 — needs reorder, older range"
3766,20036100,MAINTENANCE ,Services,NOT_IN_SHOPIFY,711,100,88,1,0,0,"Wave 4 — needs reorder, older range"
3767,4001550356099,[4001550356099] Girls Plain Hair Ties Set,Clothing,NOT_IN_SHOPIFY,484,40,22,2,22,147,"Wave 2 — in stock, existing range"
3768,1044885164099,20050209 Swaddle - Stars,Various,ACTIVE_UNPUBLISHED,167,345,86,1,0,0,"Wave 4 — needs reorder, older range"
3769,1044885162099,20050206 Swaddle - Smiley Blue,Various,ACTIVE_UNPUBLISHED,167,345,86,1,0,0,"Wave 4 — needs reorder, older range"
3770,1043679359099,1488 Scrunchie Hair Tie,Clothing,NOT_IN_SHOPIFY,173,45,21,1,2,36,"Wave 2 — in stock, existing range"
3771,6920251125366,[10148-BP1968125] BP1968125 Kids Die-Cast Pull Back Metal Cars 12 pieces,Toys (Consignment),ACTIVE_UNPUBLISHED,172,310,86,2,0,0,"Wave 4 — needs reorder, older range"
3772,5903407993430,CB:22/647bluCB Symmetrical Silicon Pacifier with Sterilizer Box 2pc Bonjour Paris 0-6m - Blue,Baby Essentials (Consignment),ACTIVE_UNPUBLISHED,720,908,86,2,0,0,"Wave 4 — needs reorder, older range"
3773,4000384641099,AF410 نظارة سباحة علبة بينك,Summer,ACTIVE_UNPUBLISHED,46,215,64,1,0,0,"Wave 3 — needs reorder, new range"
3774,1071493657099,[10714-850] Balloon Pump Regular 50,Party,NOT_IN_SHOPIFY,137,70,21,2,8,160,"Wave 2 — in stock, existing range"
3775,1060134981099,Pencil Case 0109,School,ACTIVE_UNPUBLISHED,456,240,86,1,0,0,"Wave 4 — needs reorder, older range"
3776,1065963567099,[1065963567099] Lunch Bag Ballerina Print - Salmon,School,ACTIVE_UNPUBLISHED,404,345,86,1,0,0,"Wave 4 — needs reorder, older range"
3777,1062496792009,Q2507 Outfit Set,Clothing,ACTIVE_UNPUBLISHED,520,451,85,1,0,0,"Wave 4 — needs reorder, older range"
3778,2024110102988,213-815X P/B CARS (30PCS/PDQ),Toys (Consignment),NOT_IN_SHOPIFY,64,75,16,3,25,417,"Wave 1 — in stock, new arrival"
3779,2073891416099,[20738-J91-01-1] J91-01 Kids Mini Violinist Musical Toy - Pink,Toys (Consignment),NOT_IN_SHOPIFY,272,375,85,1,0,0,"Wave 4 — needs reorder, older range"
3780,1023886522099,4-0228-03 Mattress baby ,Baby Essentials,ACTIVE_UNPUBLISHED,564,325,85,1,0,0,"Wave 4 — needs reorder, older range"
3781,1053178569099,[10531-5857/41482-1] Snack Attack Duo Lunch Box 975ml - Aqua,Various,NOT_IN_SHOPIFY,351,450,85,1,0,0,"Wave 4 — needs reorder, older range"
3782,2041020326099, Glass feeding bottle 120 ml true gold,Baby Essentials (Consignment),NOT_IN_SHOPIFY,751,279,21,1,2,447,"Wave 2 — in stock, existing range"
3783,4041485044338,4433 Glue Stick 8g,School (Consignment),NOT_IN_SHOPIFY,532,108,21,4,35,648,"Wave 2 — in stock, existing range"
3784,2000000959580,[20695-A2-4/5] A2-4/5 Ninja Characters with Foam Gun,Toys (Consignment),ACTIVE_UNPUBLISHED,335,300,85,1,0,0,"Wave 4 — needs reorder, older range"
3785,1003937289018,26203625  Romper,Clothing,ACTIVE_UNPUBLISHED,132,270,85,1,0,0,"Wave 4 — needs reorder, older range"
3786,2041040423099,TR:2024805TR (ترو علاقة سكاتة شريط),Baby Essentials (Consignment),ACTIVE_UNPUBLISHED,25,348,63,3,0,0,"Wave 3 — needs reorder, new range"
3787,2041040430099,TR:2024805TR (ترو علاقة سكاتة شريط),Baby Essentials (Consignment),ACTIVE_UNPUBLISHED,25,348,63,3,0,0,"Wave 3 — needs reorder, new range"
3788,4001264746099,M-12 Bubbles Gun - Hello Kitty,Toys,ACTIVE_UNPUBLISHED,447,250,84,1,0,0,"Wave 4 — needs reorder, older range"
3789,769700071122,[769700071122] D7112G Toy Glowing Dinosaur Excavation Dig Kit,Toys (Consignment),NOT_IN_SHOPIFY,753,399,84,1,0,0,"Wave 4 — needs reorder, older range"
3790,3555801235030,[3555801235030] Unicorn Magic Ball - Model SEN003,Toys (Consignment),NOT_IN_SHOPIFY,576,399,84,1,0,0,"Wave 4 — needs reorder, older range"
3791,4893156047083,[4893156047083] 4M Make Your Own Plaster Pony Kit,Toys (Consignment),ACTIVE_UNPUBLISHED,678,399,84,1,0,0,"Wave 4 — needs reorder, older range"
3792,4893156047533,[4893156047533] Plaster Animals Coloring Kit,Toys (Consignment),NOT_IN_SHOPIFY,678,399,84,1,0,0,"Wave 4 — needs reorder, older range"
3793,6956667413940,[6956667413940] LD6145 Kids Makeup Pretend Play Set,Various (Consignment),ACTIVE_UNPUBLISHED,729,399,84,1,0,0,"Wave 4 — needs reorder, older range"
3794,5900511348859,[10331-34885] Puzzle 80 Pieces x3,Toys (Consignment),NOT_IN_SHOPIFY,330,399,84,1,0,0,"Wave 4 — needs reorder, older range"
3795,4001136945099,438-35 استاند تليفون وعضاضه 12*1 UNICORN,Toys,NOT_IN_SHOPIFY,110,150,62,1,0,0,"Wave 3 — needs reorder, new range"
3796,2024110109208,628-A45 ORNAMENTS TROLLEY,Toys (Consignment),ACTIVE_UNPUBLISHED,64,295,62,1,0,0,"Wave 3 — needs reorder, new range"
3797,2041052503099,TR:2025405TR (سلسلة سكاتة سيليكون ترو جولد),Baby Essentials (Consignment),ACTIVE_UNPUBLISHED,117,347,62,2,0,0,"Wave 3 — needs reorder, new range"
3798,4000113155099,685-Black crossbody bag,Various,NOT_IN_SHOPIFY,69,200,15,1,4,640,"Wave 1 — in stock, new arrival"
3799,0736658543995,Wetbrush Princess Celebration-Moana,Various,ACTIVE_UNPUBLISHED,648,365,83,1,0,0,"Wave 4 — needs reorder, older range"
3800,1060815380099,m395 Bib,Clothing,ACTIVE_UNPUBLISHED,98,120,62,1,0,0,"Wave 3 — needs reorder, new range"
3801,1060815368099,m395 Bib,Clothing,ACTIVE_UNPUBLISHED,98,120,62,1,0,0,"Wave 3 — needs reorder, new range"
3802,1060815375099,m395 Bib,Clothing,ACTIVE_UNPUBLISHED,98,120,62,1,0,0,"Wave 3 — needs reorder, new range"
3803,3986371568325,Candy Intellect Puzzle,Toys (Consignment),NOT_IN_SHOPIFY,523,299,83,1,0,0,"Wave 4 — needs reorder, older range"
3804,1014057483099,[1014057483099] 34180-2 Animal Inflatable Float - Bear,Summer,ACTIVE_UNPUBLISHED,751,299,83,1,0,0,"Wave 4 — needs reorder, older range"
3805,2072372651099,Primo Puzzle - Forest Animals 3-in-1,Toys (Consignment),ACTIVE_UNPUBLISHED,208,299,83,1,0,0,"Wave 4 — needs reorder, older range"
3806,1060150413099,602A Michael Eraser Pen Shaped / Stand,School,NOT_IN_SHOPIFY,463,67,21,3,12,153,"Wave 2 — in stock, existing range"
3807,1023885215008,0573 Pantie,Clothing,ACTIVE_UNPUBLISHED,81,70,15,1,7,323,"Wave 1 — in stock, new arrival"
3808,1023858645006,0573 Pantie,Clothing,NOT_IN_SHOPIFY,36,70,15,1,6,276,"Wave 1 — in stock, new arrival"
3809,1023836521004,0558 Pantie,Clothing,NOT_IN_SHOPIFY,6,70,15,1,1,46,"Wave 1 — in stock, new arrival"
3810,4041485044451,4445 Glue Stick 8g (Disappears After Application),School (Consignment),NOT_IN_SHOPIFY,532,76,21,2,29,667,"Wave 2 — in stock, existing range"
3811,1071493767099,[10714-C18-2] C18-2 HBD Birthday Candle Card 6 Candles - Red,Party,NOT_IN_SHOPIFY,137,60,21,2,5,80,"Wave 2 — in stock, existing range"
3812,2041040432099,TR:2025405TR (سلسلة سكاتة سيليكون ترو جولد),Baby Essentials (Consignment),ACTIVE_UNPUBLISHED,25,346,61,2,0,0,"Wave 3 — needs reorder, new range"
3813,1051585019099,Tic Tac & Hair Clip Set,Clothing,NOT_IN_SHOPIFY,751,45,20,1,1,19,"Wave 2 — in stock, existing range"
3814,4001519360099,[4001519360099] Girls Sunglasses - Multicolor,Toys,NOT_IN_SHOPIFY,488,150,82,1,-1,-50,"Wave 4 — needs reorder, older range"
3815,1033135884099,1893-22 شخصيه سوبر ماريو علبه,Toys (Consignment),ACTIVE_UNPUBLISHED,106,285,60,1,0,0,"Wave 3 — needs reorder, new range"
3816,1033135880099,1893-22 شخصيه سوبر ماريو علبه,Toys (Consignment),ACTIVE_UNPUBLISHED,106,285,60,1,0,0,"Wave 3 — needs reorder, new range"
3817,4000175990099,357 Kids Characters Ring,Clothing,NOT_IN_SHOPIFY,183,35,20,1,11,116,"Wave 2 — in stock, existing range"
3818,4000191266099,218 Barrette Small,Various,NOT_IN_SHOPIFY,253,35,20,1,12,126,"Wave 2 — in stock, existing range"
3819,281131,ASTEK 25,Clothing (Consignment),NOT_IN_SHOPIFY,752,72,20,3,4,58,"Wave 2 — in stock, existing range"
3820,4000190356099,45 Hair Claw Medium,Clothing,NOT_IN_SHOPIFY,377,36,20,1,16,184,"Wave 2 — in stock, existing range"
3821,2073012578099,8818A-شخصيات افنجرز بالصوت و النور,Toys (Consignment),ACTIVE_UNPUBLISHED,126,518,80,1,0,0,"Wave 4 — needs reorder, older range"
3822,1070220385024,4408 Dress,Clothing,ACTIVE_UNPUBLISHED,459,416,80,1,0,0,"Wave 4 — needs reorder, older range"
3823,2058091421099,XS977-119-IQ MINI PUZZLE(24PCS/PQD),Toys (Consignment),NOT_IN_SHOPIFY,321,95,20,1,13,823,"Wave 2 — in stock, existing range"
3824,1060154311099,BCT-1-Pencil Case,School,ACTIVE_UNPUBLISHED,109,170,59,1,0,0,"Wave 3 — needs reorder, new range"
3825,1023885139099,1-1806-26 Bib,Clothing,ACTIVE_UNPUBLISHED,74,256,59,2,0,0,"Wave 3 — needs reorder, new range"
3826,4001562854099,[4001562854099] Girls Hair Clips,Various,NOT_IN_SHOPIFY,274,35,20,1,9,97,"Wave 2 — in stock, existing range"
3827,2220000002168,Tote Bag (Small) - Ballerina,Various (Consignment),ACTIVE_UNPUBLISHED,267,350,80,1,0,0,"Wave 4 — needs reorder, older range"
3828,2220000002143,Tote Bag (Small) - Ben & Holly,School (Consignment),ACTIVE_UNPUBLISHED,567,350,80,1,0,0,"Wave 4 — needs reorder, older range"
3829,2073891452099,[20738-HE0549] Flavilo Baby Musical Piano Toy,Toys (Consignment),ACTIVE_UNPUBLISHED,272,349,79,1,0,0,"Wave 4 — needs reorder, older range"
3830,2073892703099,[20738-482-2] Kids Noodle Clay Machine - Baby Blue,Toys (Consignment),ACTIVE_UNPUBLISHED,169,349,79,1,0,0,"Wave 4 — needs reorder, older range"
3831,2073891275099,[20738-7041-1] 7041 Kids Magic Drawing Board - Aqua,Toys (Consignment),ACTIVE_UNPUBLISHED,272,349,79,1,0,0,"Wave 4 — needs reorder, older range"
3832,4000714871099,555-006A مكياج 2 دور stitch,Toys,ACTIVE_UNPUBLISHED,97,284,59,1,0,0,"Wave 3 — needs reorder, new range"
3833,4001891038099,8104-sand art 5 bottels,Toys,ACTIVE_UNPUBLISHED,232,250,79,1,0,0,"Wave 4 — needs reorder, older range"
3834,6938242957711,M38-B0901-TOWN - Electric Car,Toys (Consignment),ACTIVE_UNPUBLISHED,321,375,79,1,0,0,"Wave 4 — needs reorder, older range"
3835,2025010104706,868-E15-CERAMICS TEA SET,Toys (Consignment),ACTIVE_UNPUBLISHED,321,375,79,1,0,0,"Wave 4 — needs reorder, older range"
3836,2025010102993,[10331-1210-W4] Cars Set,Toys (Consignment),ACTIVE_UNPUBLISHED,330,375,79,1,0,0,"Wave 4 — needs reorder, older range"
3837,6959994024117,[10331-8821] 8821 Kids Nail Art Craft Set,Toys (Consignment),ACTIVE_UNPUBLISHED,330,375,79,1,0,0,"Wave 4 — needs reorder, older range"
3838,6999242953677,M38-B0663B-CAR CLUB-OFFROAD 145PCS,Toys (Consignment),ACTIVE_UNPUBLISHED,321,375,79,1,0,0,"Wave 4 — needs reorder, older range"
3839,1033150334099,[10331-9263-86B-2] 9263-86B Super Mario Train Pullback Toy - Red,Toys (Consignment),ACTIVE_UNPUBLISHED,197,375,79,1,0,0,"Wave 4 — needs reorder, older range"
3840,4001556120099,[40015-153-1] Girls Plain Hair Elastic,Clothing,NOT_IN_SHOPIFY,225,140,79,4,0,0,"Wave 4 — needs reorder, older range"
3841,1071476172099,[10714-1229] Birthday Cup Stitch 10x1 - Blue,Various,NOT_IN_SHOPIFY,314,60,20,3,8,88,"Wave 2 — in stock, existing range"
3842,1060150396099,QB-051-36 Michael Pastel Highlighter Pen 6 Colors / Stand,School,NOT_IN_SHOPIFY,463,56,20,2,30,442,"Wave 2 — in stock, existing range"
3843,6921626262808,BJ006 Pizza Cutting & Accessories Set,Toys (Consignment),ACTIVE_UNPUBLISHED,680,345,78,1,0,0,"Wave 4 — needs reorder, older range"
3844,2959775000006,91610 Blocks - Ambulance Station & Car 15 Pcs,Toys (Consignment),ACTIVE_UNPUBLISHED,530,345,78,1,0,0,"Wave 4 — needs reorder, older range"
3845,9781803680361,Five-Minute Stories for 1 Year Olds,Various (Consignment),ACTIVE_UNPUBLISHED,82,325,58,1,0,0,"Wave 3 — needs reorder, new range"
3846,1051584737099,Sortit,Clothing,NOT_IN_SHOPIFY,752,52,19,1,3,79,"Wave 2 — in stock, existing range"
3847,2009737519006,105 Onesie,Clothing (Consignment),ACTIVE_UNPUBLISHED,141,339,77,1,0,0,"Wave 4 — needs reorder, older range"
3848,1065812363099,M965 Baby Teether Gloves ,Baby Essentials,ACTIVE_UNPUBLISHED,751,169,77,1,-1,-71,"Wave 4 — needs reorder, older range"
3849,2073891446099,[20738-A578] A578 Baby Bath & Puzzle Book Toy Set - Multicolor,Toys (Consignment),ACTIVE_UNPUBLISHED,272,338,77,2,0,0,"Wave 4 — needs reorder, older range"
3850,5901691844414,CB:35/234bluCB Canpol EasyStart Wide Neck Bottle 240ml Royal Baby 3+m - Blue,Baby Essentials (Consignment),NOT_IN_SHOPIFY,659,374,19,1,1,309,"Wave 2 — in stock, existing range"
3851,6937645530224,3022-3 Kogo Fire Truck Car Blocks,Toys (Consignment),ACTIVE_UNPUBLISHED,655,430,76,1,0,0,"Wave 4 — needs reorder, older range"
3852,1050872688099,[10508-LFP:24105] La Frutta Baby Feeding Bottle Perfect Latch 150ml - Off White,Baby Essentials (Consignment),ACTIVE_UNPUBLISHED,141,300,76,1,0,0,"Wave 4 — needs reorder, older range"
3853,1043615657099,35 Sortit,Various,NOT_IN_SHOPIFY,113,105,56,3,0,0,"Wave 3 — needs reorder, new range"
3854,1023853321018,0801 Underwear Pants,Clothing,NOT_IN_SHOPIFY,372,75,19,1,12,562,"Wave 2 — in stock, existing range"
3855,1023853320012,0801 Underwear Pants,Clothing,NOT_IN_SHOPIFY,372,75,19,1,25,1172,"Wave 2 — in stock, existing range"
3856,4041485487838,48783 Eraser Assorted Colors Pixel,School (Consignment),NOT_IN_SHOPIFY,532,66,19,2,18,351,"Wave 2 — in stock, existing range"
3857,1071476147099,[10714-1204] Vacuum Candle Number 5,Various,NOT_IN_SHOPIFY,314,50,19,2,4,50,"Wave 2 — in stock, existing range"
3858,1071493676099,[10714-806-2] H-B-D Plastic Cake Topper - Gold,Party,NOT_IN_SHOPIFY,137,50,19,2,16,200,"Wave 2 — in stock, existing range"
3859,9781837956012,Baby's First Year,Various (Consignment),ACTIVE_UNPUBLISHED,439,425,75,1,0,0,"Wave 4 — needs reorder, older range"
3860,9789776624559,[9789776624559] Book - My Voice,Various (Consignment),ACTIVE_UNPUBLISHED,664,330,75,1,0,0,"Wave 4 — needs reorder, older range"
3861,6939775004811,Plus Pen 3000 Fineliner 0.4mm - Sky Blue,Various (Consignment),NOT_IN_SHOPIFY,751,68,19,5,10,81,"Wave 2 — in stock, existing range"
3862,4000378275099,QT-18 Magnetic battle chess,Toys,ACTIVE_UNPUBLISHED,111,200,55,1,0,0,"Wave 3 — needs reorder, new range"
3863,2019101026893,1804-Aerospace Lunar Rover (96pcs),Toys (Consignment),NOT_IN_SHOPIFY,523,269,75,1,0,0,"Wave 4 — needs reorder, older range"
3864,1003937284099,26203625  Romper,Clothing,ACTIVE_UNPUBLISHED,132,432,74,2,0,0,"Wave 4 — needs reorder, older range"
3865,2056619439012,Unisex Yellow Swim Robe,Clothing,NOT_IN_SHOPIFY,756,807,19,1,6,4134,"Wave 2 — in stock, existing range"
3866,6223011114373,FG0101 Penduline Kids Shampoo Blue (For Dry Hair) 250 Ml,Baby Essentials (Consignment),ARCHIVED,459,418,74,2,-1,-146,"Wave 4 — needs reorder, older range"
3867,2024030202485,[2024030202485] 610 Toy Car Garage Playset,Toys (Consignment),NOT_IN_SHOPIFY,575,539,74,1,0,0,"Wave 4 — needs reorder, older range"
3868,5900511132359,[5900511132359] Puzzle 200 Pieces,Toys (Consignment),ACTIVE_UNPUBLISHED,631,349,73,1,0,0,"Wave 4 — needs reorder, older range"
3869,4001550367099,[4001550367099] Kids Padded Aqua Mirror,Adults,NOT_IN_SHOPIFY,484,135,73,1,0,0,"Wave 4 — needs reorder, older range"
3870,8690797108236,[10508-823] WEE Baby Classic Silicone Angled Nipple No. 2 - White,Baby Essentials (Consignment),NOT_IN_SHOPIFY,449,95,18,1,2,130,"Wave 2 — in stock, existing range"
3871,1071419843099,[10714-JZ-8] JZ Costume Halloween Face Paint Set Medium,Various,NOT_IN_SHOPIFY,320,55,18,1,1,30,"Wave 2 — in stock, existing range"
3872,2065618299099,[20656-NBG25-3] NBG25 Kids Cat Waist Bag - Purple,Various (Consignment),NOT_IN_SHOPIFY,326,320,73,1,0,0,"Wave 4 — needs reorder, older range"
3873,1033142817099,[1033142817099] D-023B Protection Set 4-Piece - Black,Toys (Consignment),NOT_IN_SHOPIFY,749,345,73,1,0,0,"Wave 4 — needs reorder, older range"
3874,1073794168099,930 Romper,Clothing,ACTIVE_UNPUBLISHED,173,275,72,1,0,0,"Wave 4 — needs reorder, older range"
3875,1073794167003,930 Romper,Clothing,ACTIVE_UNPUBLISHED,173,275,72,1,0,0,"Wave 4 — needs reorder, older range"
3876,2041084247099,TR:2025800TR Tro Teether & Pacifier - 2-Stage Drinking Cup GOLD with Handles 300ml 12+ Months Silicone & Hard Straw,Baby Essentials (Consignment),ACTIVE_UNPUBLISHED,174,541,72,1,0,0,"Wave 4 — needs reorder, older range"
3877,1062492610099,[10624-S26-F3055-4] F3055 Kids Plain Waist Bag - Navy,School,ACTIVE_UNPUBLISHED,200,145,72,1,0,0,"Wave 4 — needs reorder, older range"
3878,1060184240099, HY (U)-استيكرات,Various,ACTIVE_UNPUBLISHED,64,160,53,4,0,0,"Wave 3 — needs reorder, new range"
3879,1003910268007,110200 Boxer,Clothing,NOT_IN_SHOPIFY,691,355,72,2,0,0,"Wave 4 — needs reorder, older range"
3880,4001591781099,[40015-6035-2-3] Girls Snap Clips,Various,NOT_IN_SHOPIFY,337,30,18,1,2,17,"Wave 2 — in stock, existing range"
3881,9781835441541,First Colours,Various (Consignment),ACTIVE_UNPUBLISHED,141,315,72,1,0,0,"Wave 4 — needs reorder, older range"
3882,281132,FIONKA 30,Clothing (Consignment),NOT_IN_SHOPIFY,751,60,18,2,22,383,"Wave 2 — in stock, existing range"
3883,121987,NECKLES 2023,Various (Consignment),NOT_IN_SHOPIFY,751,60,18,1,3,104,"Wave 2 — in stock, existing range"
3884,4892900886183,88618 Orca Calf,Toys,ACTIVE_UNPUBLISHED,103,190,53,1,0,0,"Wave 3 — needs reorder, new range"
3885,9781913906313,Wipe Clean Mixed Up Unicors And Fairies,Various (Consignment),NOT_IN_SHOPIFY,751,400,71,1,0,0,"Wave 4 — needs reorder, older range"
3886,9789463998239,Les bébés animaux: J'aperçois,School (Consignment),NOT_IN_SHOPIFY,745,400,71,1,0,0,"Wave 4 — needs reorder, older range"
3887,2056654756008,Unisex Navy Comfy Shorts,Clothing,NOT_IN_SHOPIFY,756,467,71,1,0,0,"Wave 4 — needs reorder, older range"
3888,1071413239099,[1071413239099] Plush Bunny - Grey,Various,NOT_IN_SHOPIFY,264,280,71,1,0,0,"Wave 4 — needs reorder, older range"
3889,4001057971099,40010-23003-5 Action Figure Super Mario - Purple Hat,Toys,ACTIVE_UNPUBLISHED,630,200,70,1,0,0,"Wave 4 — needs reorder, older range"
3890,4001252352099,6617-20B USB Space Lampshade - Blue,Toys,ACTIVE_UNPUBLISHED,175,180,70,1,0,0,"Wave 4 — needs reorder, older range"
3891,4893156035448,[4893156035448] 4M Kids Cars Plaster Shapes Kit,Toys (Consignment),NOT_IN_SHOPIFY,753,399,18,1,1,332,"Wave 2 — in stock, existing range"
3892,1069717563099,[1069717563099] Girls Hair Elastic,Toys,NOT_IN_SHOPIFY,526,30,17,1,3,27,"Wave 2 — in stock, existing range"
3893,2071996906099,02A HELMET,Toys (Consignment),ACTIVE_UNPUBLISHED,123,255,70,1,0,0,"Wave 4 — needs reorder, older range"
3894,2070125521099,Hat Frilled - Off White,Clothing,NOT_IN_SHOPIFY,752,187,70,1,0,0,"Wave 4 — needs reorder, older range"
3895,2071935802099,HT-139 BABY SOFT TOYS,Toys (Consignment),NOT_IN_SHOPIFY,438,330,70,1,0,0,"Wave 4 — needs reorder, older range"
3896,1004850681099,S110-سكاته مشطوفه بالغطاء مقاس0الى3,Baby Essentials,ACTIVE_UNPUBLISHED,517,238,69,2,0,0,"Wave 4 — needs reorder, older range"
3897,4001514245099,[4001514245099] Kids Girls Hair Elastics,Various,NOT_IN_SHOPIFY,326,30,17,1,1,9,"Wave 2 — in stock, existing range"
3898,4001582069099,[4001582069099] Toddler Girls Hair Elastic 46,Clothing,NOT_IN_SHOPIFY,496,30,17,1,19,171,"Wave 2 — in stock, existing range"
3899,4041485431954,Ballpoint Pen Black 0.7mm R-301 (Orange Body),School (Consignment),NOT_IN_SHOPIFY,532,62,17,5,9,68,"Wave 2 — in stock, existing range"
3900,1023250696034,214 Ballarina,Clothing,ACTIVE_UNPUBLISHED,538,289,69,1,0,0,"Wave 4 — needs reorder, older range"
3901,1069214888099,B02700AN-709 MLBlack Smiley Faces Cool Gear Water Bottle ,School,ACTIVE_UNPUBLISHED,750,305,69,1,0,0,"Wave 4 — needs reorder, older range"
3902,8001619302723,[8001619302723] Gift Card T-S,Various (Consignment),NOT_IN_SHOPIFY,753,48,17,7,105,368,"Wave 2 — in stock, existing range"
3903,4002148554099,6155-أستيكة شيكولاتة ستيكرز,Various,ACTIVE_UNPUBLISHED,52,116,51,11,0,0,"Wave 3 — needs reorder, new range"
3904,1071493742099,[10714-4000-6] Birthday Cake Candle Number 3 Glitter - Gold,Party,NOT_IN_SHOPIFY,137,44,17,3,2,14,"Wave 2 — in stock, existing range"
3905,2058091312099,2038-FRICTION CAR,Toys (Consignment),ACTIVE_UNPUBLISHED,321,325,68,1,0,0,"Wave 4 — needs reorder, older range"
3906,1014882720099,[10148-HY883D-4-6] HY883D-4 Baby Car with Movement - Orange,Toys (Consignment),ACTIVE_UNPUBLISHED,172,245,68,1,0,0,"Wave 4 — needs reorder, older range"
3907,1071493679099,[10714-807-1] H-B-D Plastic Hair Clip - Gold,Party,NOT_IN_SHOPIFY,137,40,17,2,4,36,"Wave 2 — in stock, existing range"
3908,1049048989007,213134 Short,Clothing,NOT_IN_SHOPIFY,755,467,68,1,0,0,"Wave 4 — needs reorder, older range"
3909,1014050378099,[1014050378099] 52287 Boxing Toy 89cm - Beige,Toys,ACTIVE_UNPUBLISHED,498,235,68,1,0,0,"Wave 4 — needs reorder, older range"
3910,6944167180882,808-DANCING DUCK B/O WITH LIGHT AND MUSIC,Toys (Consignment),ACTIVE_UNPUBLISHED,166,720,68,1,0,0,"Wave 4 — needs reorder, older range"
3911,1054496594099,4698 Bib,Baby Essentials,ACTIVE_UNPUBLISHED,78,155,50,1,0,0,"Wave 3 — needs reorder, new range"
3912,1071490265099,1-HK-27 خروف ميداليه زعبوط,Various,ACTIVE_UNPUBLISHED,118,200,50,1,0,0,"Wave 3 — needs reorder, new range"
3913,1071480371099,MH 36-1 كوره بلاستيك دبدوب,Toys,NOT_IN_SHOPIFY,68,40,13,1,2,45,"Wave 1 — in stock, new arrival"
3914,20703229099,Snow White Baby Blue Pencil Case,School,ACTIVE_UNPUBLISHED,750,300,68,3,0,0,"Wave 4 — needs reorder, older range"
3915,4041485336167,Plastic Sharpener 2-Hole Duo,School (Consignment),NOT_IN_SHOPIFY,532,62,17,1,6,222,"Wave 2 — in stock, existing range"
3916,1054450469099,116 Pillow + Pillowcase,Baby Essentials,ACTIVE_UNPUBLISHED,468,225,67,1,0,0,"Wave 4 — needs reorder, older range"
3917,6223007323482,Fun School Arts & Crafts Clay Set 10pcs 25g,Toys (Consignment),NOT_IN_SHOPIFY,652,95,17,1,1,66,"Wave 2 — in stock, existing range"
3918,4001050976099,C6897-5 Unicorn Makeup 2 Tier,Toys,NOT_IN_SHOPIFY,519,225,67,1,0,0,"Wave 4 — needs reorder, older range"
3919,1071419297099,GL-2 نظارة سباحة أسود*أبيض joelang,Summer,NOT_IN_SHOPIFY,102,165,50,1,0,0,"Wave 3 — needs reorder, new range"
3920,4001562857099,[4001562857099] Girls Hair Clip Tick Tack,Various,NOT_IN_SHOPIFY,274,30,17,1,3,29,"Wave 2 — in stock, existing range"
3921,1023896648099,3-2731-25 Laklok,Clothing,ARCHIVED,372,255,67,1,0,0,"Wave 4 — needs reorder, older range"
3922,1071402178099,[10714-02425-1] 02425 Plush Teddy Bear Small - Grey,Various,ACTIVE_UNPUBLISHED,200,230,67,1,0,0,"Wave 4 — needs reorder, older range"
3923,8801067437240,FX Style Ballpoint Pen 0.5mm,Various (Consignment),NOT_IN_SHOPIFY,751,60,17,5,62,446,"Wave 2 — in stock, existing range"
3924,1049085984010,Gabardine Shorts,Clothing,NOT_IN_SHOPIFY,756,455,67,1,0,0,"Wave 4 — needs reorder, older range"
3925,6937544364494,Clipboard Fiber (6 Layers) with Pen Holder,Various (Consignment),NOT_IN_SHOPIFY,751,60,17,1,30,1080,"Wave 2 — in stock, existing range"
3926,2070110656099,Girls Hair Elastic,Various,NOT_IN_SHOPIFY,698,36,17,1,4,60,"Wave 2 — in stock, existing range"
3927,2070174589099,Hair Clip M - White,Clothing,NOT_IN_SHOPIFY,734,36,17,1,2,30,"Wave 2 — in stock, existing range"
3928,205669645703Y,23915 Girls Outfit Set,Clothing,ACTIVE_UNPUBLISHED,106,1610,12,2,10,7000,"Wave 1 — in stock, new arrival"
3929,1067896604099,6018-5 Smart Baby Baby Gauntlet Teether - Purple,Baby Essentials,ACTIVE_UNPUBLISHED,60,130,49,1,0,0,"Wave 3 — needs reorder, new range"
3930,1004467510099,[1004467510099] Mobile Holder Keychain,Various,NOT_IN_SHOPIFY,752,60,17,3,69,824,"Wave 2 — in stock, existing range"
3931,1060150391099,XP-2959 Michael Eraser Pen Shaped / Stand,School,NOT_IN_SHOPIFY,463,47,16,1,8,198,"Wave 2 — in stock, existing range"
3932,5053307076464,Topps Premier League 2026 - Single Pack (Box of 28 packs),Toys,ACTIVE_UNPUBLISHED,152,300,66,2,0,0,"Wave 4 — needs reorder, older range"
3933,1071491326099,[10714-2517-13] Handball Unicorn Ball,Toys,NOT_IN_SHOPIFY,328,246,66,2,0,0,"Wave 4 — needs reorder, older range"
3934,20700545099,Plastic Ball - Multicolor,Toys,NOT_IN_SHOPIFY,751,70,16,1,12,540,"Wave 2 — in stock, existing range"
3935,4041485218333,21833 Smart & Sharp Plastic Sharpener with Container,School (Consignment),NOT_IN_SHOPIFY,532,58,16,1,15,518,"Wave 2 — in stock, existing range"
3936,1014021014099,26025 غطاء راس على شكل سمكة,Summer,ACTIVE_UNPUBLISHED,119,175,49,1,0,0,"Wave 3 — needs reorder, new range"
3937,4001573974099,[4001573974099] Women Hair Clip,Various,NOT_IN_SHOPIFY,502,30,16,1,9,90,"Wave 2 — in stock, existing range"
3938,4001536444099,[4001536444099] Girls Hair Elastic 1587,Various,NOT_IN_SHOPIFY,468,30,16,1,9,90,"Wave 2 — in stock, existing range"
3939,4001515333099,[4001515333099] Girls Hair Elastic Set - Multicolor,Various,NOT_IN_SHOPIFY,477,30,16,1,12,120,"Wave 2 — in stock, existing range"
3940,2056653520009,"""King Of My Heart"" Short-Sleeved T-Shirt",Clothing,ACTIVE_UNPUBLISHED,756,406,16,2,1,170,"Wave 2 — in stock, existing range"
3941,2058079345099,LZ002-12 PRESS ANIMAL CAR(12PCS/PDQ),Toys (Consignment),ACTIVE_UNPUBLISHED,64,276,48,2,0,0,"Wave 3 — needs reorder, new range"
3942,6223003249205,Tank BTL Magnet 1000ml Matcha,School,ACTIVE_UNPUBLISHED,369,885,65,1,0,0,"Wave 4 — needs reorder, older range"
3943,4001286542099,828-SR Bullet Launcher Glove with Character C-A,Toys,ACTIVE_UNPUBLISHED,456,150,65,1,0,0,"Wave 4 — needs reorder, older range"
3944,5903407993447,CB:22/647pin CB Canpol Pacifier Set + Sterilizer Box 2pcs Bonjour Paris 0-6m - Rose,Toys (Consignment),ACTIVE_UNPUBLISHED,449,478,64,1,0,0,"Wave 4 — needs reorder, older range"
3945,8008324099443,[8008324099443] Lisciani Barbie Puzzle Plus Feel Magic 48 Pieces,Toys (Consignment),ACTIVE_UNPUBLISHED,439,280,64,1,0,0,"Wave 4 — needs reorder, older range"
3946,1054490886099,136 Bib,Clothing,NOT_IN_SHOPIFY,98,150,47,1,0,0,"Wave 3 — needs reorder, new range"
3947,1054490865099,136 Bib,Clothing,NOT_IN_SHOPIFY,98,150,47,1,0,0,"Wave 3 — needs reorder, new range"
3948,1054490856099,136 Bib,Clothing,NOT_IN_SHOPIFY,98,150,47,1,0,0,"Wave 3 — needs reorder, new range"
3949,1054490863099,136 Bib,Clothing,NOT_IN_SHOPIFY,98,150,47,1,0,0,"Wave 3 — needs reorder, new range"
3950,4892900880860,Doberman Pinscher,Toys,ACTIVE_UNPUBLISHED,684,229,63,1,0,0,"Wave 4 — needs reorder, older range"
3951,4892900887579,Hirola,Toys,ACTIVE_UNPUBLISHED,684,229,63,1,0,0,"Wave 4 — needs reorder, older range"
3952,8001619302747,[8001619302747] Gift Card D-A,Various (Consignment),NOT_IN_SHOPIFY,751,42,16,6,270,945,"Wave 2 — in stock, existing range"
3953,4000175958099,336-2 Girls Hair Elastic,Clothing,NOT_IN_SHOPIFY,183,30,16,1,5,52,"Wave 2 — in stock, existing range"
3954,4000779494099,[4000779494099] CK040 Medium Metal Piggy Bank - S-P,Toys,ACTIVE_UNPUBLISHED,523,220,63,2,0,0,"Wave 4 — needs reorder, older range"
3955,8659000038425,[8659000038425] 824-19 Sesame Street Family Plush - Green/Yellow Striped,Toys (Consignment),NOT_IN_SHOPIFY,753,299,63,1,0,0,"Wave 4 — needs reorder, older range"
3956,6954444457934,[6954444457934] Kids Pretend Play Kitchen Blender Set,Toys (Consignment),ACTIVE_UNPUBLISHED,558,299,63,1,0,0,"Wave 4 — needs reorder, older range"
3957,6464652798397,[10331-20818] GYM Basketball Set,Toys (Consignment),ACTIVE_UNPUBLISHED,330,299,63,1,0,0,"Wave 4 — needs reorder, older range"
3958,5900511154252,[10331-15425] Puzzle 160 Pieces,Toys (Consignment),NOT_IN_SHOPIFY,330,299,63,1,0,0,"Wave 4 — needs reorder, older range"
3959,5900511344325,[10331-34432] Kids Puzzle 24 Pieces x 2,Toys (Consignment),NOT_IN_SHOPIFY,330,299,63,1,0,0,"Wave 4 — needs reorder, older range"
3960,4000254900099,Birthday Confetti Cannon 30cm,Party,NOT_IN_SHOPIFY,683,35,16,1,6,90,"Wave 2 — in stock, existing range"
3961,1023858652099,3-2129-25 Ice cap,Clothing,ACTIVE_UNPUBLISHED,36,175,47,1,0,0,"Wave 3 — needs reorder, new range"
3962,1073634687012,15990 Romper,Clothing,ACTIVE_UNPUBLISHED,144,364,63,1,0,0,"Wave 4 — needs reorder, older range"
3963,1004817465099,S66-اسفنج استحمام اشكال,Baby Essentials,ACTIVE_UNPUBLISHED,518,255,63,3,0,0,"Wave 4 — needs reorder, older range"
3964,4001250342099,35 Dragon Ball Fast Push Popit - Orange,Toys,ACTIVE_UNPUBLISHED,456,150,63,1,0,0,"Wave 4 — needs reorder, older range"
3965,6941607330920,[6941607330920] Hydro Pro Swimming Goggles,Summer,ACTIVE_UNPUBLISHED,752,225,62,1,0,0,"Wave 4 — needs reorder, older range"
3966,1065895746099,[1065895746099] M824 Baby Knitted Bib with Pocket & Snaps - White Lion,Baby Essentials,ACTIVE_UNPUBLISHED,727,109,62,1,0,0,"Wave 4 — needs reorder, older range"
3967,1065895744099,[1065895744099] M824 Baby Knitted Bib with Pocket & Snaps - Pink Rabbit,Baby Essentials,ACTIVE_UNPUBLISHED,727,109,62,1,0,0,"Wave 4 — needs reorder, older range"
3968,1065885335099,M824-Bib,Baby Essentials,ACTIVE_UNPUBLISHED,751,109,62,1,0,0,"Wave 4 — needs reorder, older range"
3969,1065885332099,M824-Bib,Baby Essentials,ACTIVE_UNPUBLISHED,751,109,62,1,0,0,"Wave 4 — needs reorder, older range"
3970,2058064889009,510100 HEY BUTTY STRETCHY  MONSTER,Toys (Consignment),ACTIVE_UNPUBLISHED,595,295,62,1,0,0,"Wave 4 — needs reorder, older range"
3971,9780709726128,Large Print Magical Stories,Various (Consignment),ACTIVE_UNPUBLISHED,756,350,62,1,0,0,"Wave 4 — needs reorder, older range"
3972,9781408367780,i love you,Various (Consignment),NOT_IN_SHOPIFY,588,350,62,1,0,0,"Wave 4 — needs reorder, older range"
3973,6941607347553,[6941607347553] Disney Inflatable Float,Summer,ACTIVE_UNPUBLISHED,751,220,62,1,0,0,"Wave 4 — needs reorder, older range"
3974,2041084220099,TR:2025405TR Tro Teether & Pacifier - Silicone Pacifier Chain GOLD,Baby Essentials (Consignment),ACTIVE_UNPUBLISHED,174,347,62,2,0,0,"Wave 4 — needs reorder, older range"
3975,1014885296099,[1014885296099] Party Bubbles Charger Shape 2 Designs,Toys (Consignment),NOT_IN_SHOPIFY,751,223,62,1,0,0,"Wave 4 — needs reorder, older range"
3976,1050480704099,Hoverboard Charger,Various,NOT_IN_SHOPIFY,15,565,46,1,0,0,"Wave 3 — needs reorder, new range"
3977,1060875631099,m395 Bib,Clothing,ACTIVE_UNPUBLISHED,622,120,62,1,0,0,"Wave 4 — needs reorder, older range"
3978,1060850357099,m395 Bib,Baby Essentials,ACTIVE_UNPUBLISHED,565,120,62,1,0,0,"Wave 4 — needs reorder, older range"
3979,2058085607099,KZ958-1802A\FRICTION MOTORBIKE(2DESIGN MIXED),Toys (Consignment),NOT_IN_SHOPIFY,690,112,15,1,1,83,"Wave 2 — in stock, existing range"
3980,2072585232099,9263-17A SPIDER-MAN B/O UNIVERSAL TELEPHONE CAR(18PCS/PDQ),Toys (Consignment),ACTIVE_UNPUBLISHED,231,275,61,1,0,0,"Wave 4 — needs reorder, older range"
3981,6941607356135,[6941607356135] 3D Swimming Goggles - M-K,Summer,ACTIVE_UNPUBLISHED,752,220,61,1,0,0,"Wave 4 — needs reorder, older range"
3982,1071476164099,[10714-1221] Birthday Cup Polka Dot 10x1 - Kashmir,Various,NOT_IN_SHOPIFY,314,63,15,2,10,200,"Wave 2 — in stock, existing range"
3983,2073812234099,ZL8290SDZ-ساعة يد (موسيقى - أضواء - أصوات),Toys (Consignment),ACTIVE_UNPUBLISHED,27,199,45,1,0,0,"Wave 3 — needs reorder, new range"
3984,2073812189099,D6610E-موبايل بيبى +مسجل ,Toys (Consignment),ACTIVE_UNPUBLISHED,27,199,45,1,0,0,"Wave 3 — needs reorder, new range"
3985,6920003353566,AST162 (GCC) 231 PIECES OF PUZZLE,Toys (Consignment),ACTIVE_UNPUBLISHED,382,220,61,1,0,0,"Wave 4 — needs reorder, older range"
3986,4000959000099,5040-6 Crown Stick Candle Number 6,Party,NOT_IN_SHOPIFY,603,35,15,1,4,62,"Wave 2 — in stock, existing range"
3987,4000958997099,5040-3 Crown Stick Candle Number 3,Party,NOT_IN_SHOPIFY,603,35,15,1,1,15,"Wave 2 — in stock, existing range"
3988,4001217871099,123-122C Makeup & Shoe Set B-R,Toys,ACTIVE_UNPUBLISHED,520,160,61,1,0,0,"Wave 4 — needs reorder, older range"
3989,1065550414012,Q2508 Outfit Set,Clothing,ACTIVE_UNPUBLISHED,516,451,60,1,0,0,"Wave 4 — needs reorder, older range"
3990,6625000471045,48-5/55 CASPER,Various (Consignment),NOT_IN_SHOPIFY,454,340,60,2,0,0,"Wave 4 — needs reorder, older range"
3991,2036585377099,271005 Cap,Clothing (Consignment),ACTIVE_UNPUBLISHED,96,150,45,1,0,0,"Wave 3 — needs reorder, new range"
3992,2036585376099,271005 Cap,Clothing (Consignment),ACTIVE_UNPUBLISHED,96,150,45,1,0,0,"Wave 3 — needs reorder, new range"
3993,1003950314018,25203630 Romper,Clothing,NOT_IN_SHOPIFY,419,180,15,1,5,714,"Wave 2 — in stock, existing range"
3994,5900511164589,[10331-16458] Puzzle 100 Pieces,Toys (Consignment),ACTIVE_UNPUBLISHED,330,285,60,1,0,0,"Wave 4 — needs reorder, older range"
3995,8001619109131,[8001619109131] Gift Card C-R,Party (Consignment),NOT_IN_SHOPIFY,750,49,15,8,111,388,"Wave 2 — in stock, existing range"
3996,6939775004972,Plus Pen 3000 Fineliner 0.4mm - Purple,Various (Consignment),NOT_IN_SHOPIFY,751,54,15,4,21,170,"Wave 2 — in stock, existing range"
3997,6939775004743,Plus Pen 3000 Fineliner 0.4mm - Dark Green,Various (Consignment),NOT_IN_SHOPIFY,751,54,15,4,17,138,"Wave 2 — in stock, existing range"
3998,8803733210560,[10726-LLS222] Lock & Lock Plastic Container with Shared Lid 2-Piece Set (560ml) - LLS222,Clothing,ACTIVE_UNPUBLISHED,379,225,60,1,0,0,"Wave 4 — needs reorder, older range"
3999,1014156047027,079 Sandal,Clothing,NOT_IN_SHOPIFY,550,550,15,2,3,701,"Wave 2 — in stock, existing range"
4000,2041084249099,TR:2025111TR Tro Teether & Pacifier - 5-in-1 Bottle Cleaning Brush Set,Baby Essentials (Consignment),ACTIVE_UNPUBLISHED,174,870,60,4,0,0,"Wave 4 — needs reorder, older range"
4001,1054450454009,8251 Romper,Clothing,ARCHIVED,468,436,60,1,0,0,"Wave 4 — needs reorder, older range"
4002,1050822453099,لافروتا مشمع غيار قابل للطى,Baby Essentials (Consignment),ACTIVE_UNPUBLISHED,57,280,44,1,0,0,"Wave 3 — needs reorder, new range"
4003,9781837954841,Who am I? Under The Sea,Various (Consignment),ACTIVE_UNPUBLISHED,439,335,59,1,0,0,"Wave 4 — needs reorder, older range"
4004,1067896593099,B-602  Baby Potty Training Seat طائرات,Baby Essentials,ACTIVE_UNPUBLISHED,60,50,44,0,0,0,"Wave 3 — needs reorder, new range"
4005,4001069587099,518 Fast push S-P,Various,ACTIVE_UNPUBLISHED,593,150,59,1,0,0,"Wave 4 — needs reorder, older range"
4006,1003915093012,25203626 Romper,Clothing,NOT_IN_SHOPIFY,496,176,15,1,1,140,"Wave 2 — in stock, existing range"
4007,2069537548099,[20695-33611/12-1] 33611/12 Kids Collect & Play - Elephant,Toys (Consignment),NOT_IN_SHOPIFY,335,284,59,1,0,0,"Wave 4 — needs reorder, older range"
4008,2073891315099,[20738-LY001-4] LY001-4 Heart-Shaped Makeup Set,Toys (Consignment),ACTIVE_UNPUBLISHED,272,259,59,1,0,0,"Wave 4 — needs reorder, older range"
4009,1061484979012,258119 Blouse,Clothing,ACTIVE_UNPUBLISHED,522,336,59,1,0,0,"Wave 4 — needs reorder, older range"
4010,1070220401003,10135 Dress,Clothing,ACTIVE_UNPUBLISHED,459,744,15,2,2,638,"Wave 2 — in stock, existing range"
4011,6940176625024,[10331-S22502] S22502 Girls Makeup Set,Various (Consignment),NOT_IN_SHOPIFY,323,275,58,1,0,0,"Wave 4 — needs reorder, older range"
4012,2058064879009,440030 DINOSAUR/ANIMAL/FARM  /OCEAN SET 12PCS IN JAR,Toys (Consignment),ACTIVE_UNPUBLISHED,595,275,58,1,0,0,"Wave 4 — needs reorder, older range"
4013,4001272975099,B01-030 استاند سلايم شخصيات 12*1,Toys,ACTIVE_UNPUBLISHED,104,140,43,2,0,0,"Wave 3 — needs reorder, new range"
4014,4001552980099,[40015-25] Toddler Girls Solid Hair Snap Clips,Clothing,NOT_IN_SHOPIFY,348,100,58,2,0,0,"Wave 4 — needs reorder, older range"
4015,4001552985099,[40015-3-1-34] Toddler Girls Bandana,Clothing,NOT_IN_SHOPIFY,348,100,58,2,0,0,"Wave 4 — needs reorder, older range"
4016,4001532199099,[4001532199099] Girls Plastic Hair Accessories Sortie Set 1953,Various,NOT_IN_SHOPIFY,469,25,14,1,2,15,"Wave 2 — in stock, existing range"
4017,107144842099,WG-04D/استاند40سم 24*1 water gun ,Toys,ACTIVE_UNPUBLISHED,102,140,43,2,0,0,"Wave 3 — needs reorder, new range"
4018,2070191330099,Hair Clip L - White,Clothing,NOT_IN_SHOPIFY,729,30,14,1,5,60,"Wave 2 — in stock, existing range"
4019,4650184613631,61363-Animals Watercolor Set 12 Colors (Inside Plastic Box) + Palette & Brush,Various (Consignment),NOT_IN_SHOPIFY,532,205,57,1,-1,-123,"Wave 4 — needs reorder, older range"
4020,6222368910822,[20730-CY082A] CY082A Pizza & Kitchen Tools Pretend Play Set,Toys (Consignment),ACTIVE_UNPUBLISHED,341,250,57,1,0,0,"Wave 4 — needs reorder, older range"
4021,4000190293099,114 Hair Clip,Clothing,NOT_IN_SHOPIFY,377,25,14,1,38,294,"Wave 2 — in stock, existing range"
4022,4000135024099,Girls Wide Headband Hair Accessory - 81-82,Various,NOT_IN_SHOPIFY,463,100,57,1,-1,-31,"Wave 4 — needs reorder, older range"
4023,2073082431099,626-4 ستاند تليفون تعليمي 12 ق,Toys (Consignment),ACTIVE_UNPUBLISHED,99,185,42,1,0,0,"Wave 3 — needs reorder, new range"
4024,6937620225206,[10508-22520A] La Frutta Baby High Absorbency Breast Pads 20pcs,Baby Essentials (Consignment),ACTIVE_UNPUBLISHED,176,360,57,2,0,0,"Wave 4 — needs reorder, older range"
4025,2071935790099,HT-54 SOFT BOOK,Toys (Consignment),ACTIVE_UNPUBLISHED,438,210,57,2,0,0,"Wave 4 — needs reorder, older range"
4026,4650184613808,Safari Watercolor Set 18 Colors Fluorescent & Pastel & Pearl (Inside Plastic Box),Various (Consignment),NOT_IN_SHOPIFY,532,202,56,1,0,0,"Wave 4 — needs reorder, older range"
4027,1014896772099,[1014896772099] Toy Doll Display Set 12 Pieces - 1124-12,Toys (Consignment),NOT_IN_SHOPIFY,687,65,14,1,16,687,"Wave 2 — in stock, existing range"
4028,4001591779099,[40015-0178] Girls Plain Colored Hair Elastics,Various,NOT_IN_SHOPIFY,337,25,14,1,1,8,"Wave 2 — in stock, existing range"
4029,4041485481881,Ballpoint Pen Blue 1.2mm Dolphin,School (Consignment),NOT_IN_SHOPIFY,532,50,14,2,42,630,"Wave 2 — in stock, existing range"
4030,1071476184099,[10714-1241] HBD Birthday Glasses,Various,NOT_IN_SHOPIFY,314,50,14,2,1,15,"Wave 2 — in stock, existing range"
4031,1071475885099,[1071475885099] Decoration Branch H-B-D - Blue,Various,NOT_IN_SHOPIFY,517,50,14,2,1,15,"Wave 2 — in stock, existing range"
4032,2025121155475,YX6768-26 DIY COLOR DRAWING BOARD,Toys (Consignment),ACTIVE_UNPUBLISHED,64,195,41,1,0,0,"Wave 3 — needs reorder, new range"
4033,2025121155536,YX6768-24 DIY COLOR DRAWING BOARD,Toys (Consignment),NOT_IN_SHOPIFY,64,195,41,1,0,0,"Wave 3 — needs reorder, new range"
4034,1065975563099,[1065975563099] Happy Cup 500ml - Olive,Various,ACTIVE_UNPUBLISHED,286,165,55,1,0,0,"Wave 4 — needs reorder, older range"
4035,1004879500099,[1004879500099] S563 Baby Silicone Bib with Pouch - Baby Blue,Baby Essentials,ACTIVE_UNPUBLISHED,747,225,55,1,0,0,"Wave 4 — needs reorder, older range"
4036,4001590690099,206 Kids Bandana,Clothing,NOT_IN_SHOPIFY,117,75,41,1,0,0,"Wave 3 — needs reorder, new range"
4037,1050812461099,[1050812461099] WEE Baby Bottle & Nipple Cleaning Brush - Multicolor,Baby Essentials (Consignment),NOT_IN_SHOPIFY,751,350,55,1,0,0,"Wave 4 — needs reorder, older range"
4038,1034089594099,engagment cards,Party,NOT_IN_SHOPIFY,54,32,10,1,11,192,"Wave 1 — in stock, new arrival"
4039,1044885176099,20020103 Cotton Baby Bib – Little Hero Dog Design,Various,ACTIVE_UNPUBLISHED,167,220,55,2,0,0,"Wave 4 — needs reorder, older range"
4040,4650184613525,Jolly Friends Clay Pack 12 Pieces - 216g Pastel (+ Modeling Tool),Toys (Consignment),NOT_IN_SHOPIFY,532,196,54,1,0,0,"Wave 4 — needs reorder, older range"
4041,2056656349006,Flowery Cache Maillot,Clothing,NOT_IN_SHOPIFY,756,254,54,1,0,0,"Wave 4 — needs reorder, older range"
4042,2024040060105,8802-1 حبل نط برنسس,Toys (Consignment),ACTIVE_UNPUBLISHED,99,175,40,1,0,0,"Wave 3 — needs reorder, new range"
4043,2041049999099,2024129TR Tro Water-Filled Teether 2 Colors,Baby Essentials (Consignment),ACTIVE_UNPUBLISHED,751,304,54,2,0,0,"Wave 4 — needs reorder, older range"
4044,4000732901099,508A-Speed push machine mario green,Toys,ACTIVE_UNPUBLISHED,126,150,53,1,0,0,"Wave 4 — needs reorder, older range"
4045,1071647637004,B11403-1 Pants,Clothing,NOT_IN_SHOPIFY,337,584,13,1,2,998,"Wave 2 — in stock, existing range"
4046,9781839033780,5 Minute Tales: Pets Stories  ,Various (Consignment),NOT_IN_SHOPIFY,314,300,53,1,0,0,"Wave 4 — needs reorder, older range"
4047,9781910764275,Lets Doodle Pirates,Various (Consignment),ACTIVE_UNPUBLISHED,195,300,53,1,0,0,"Wave 4 — needs reorder, older range"
4048,9780709725596,Wipe Clean - Ready for School Writing B2,Various (Consignment),ACTIVE_UNPUBLISHED,751,300,53,1,0,0,"Wave 4 — needs reorder, older range"
4049,1065975564099,[1065975564099] Happy Cup 500ml - Fuchsia,Various,ACTIVE_UNPUBLISHED,286,165,53,1,0,0,"Wave 4 — needs reorder, older range"
4050,4041485616573,Sticky Notes Fluorescent Pink 75x75mm - 100 Sheets,School (Consignment),NOT_IN_SHOPIFY,532,47,13,1,5,140,"Wave 2 — in stock, existing range"
4051,4041485616924,Sticky Note Fluorescent Green 50*75mm - 100 Sheets,School (Consignment),NOT_IN_SHOPIFY,532,47,13,1,8,224,"Wave 2 — in stock, existing range"
4052,1054454799099,"""Sweet Dino"" Baby Blanket",Baby Essentials,ACTIVE_UNPUBLISHED,756,362,53,1,0,0,"Wave 4 — needs reorder, older range"
4053,2071986360099,HT-38 SOFT BOOK,Various (Consignment),NOT_IN_SHOPIFY,386,72,13,1,1,50,"Wave 2 — in stock, existing range"
4054,9695585341955,Colored Markers 24pcs,Toys (Consignment),NOT_IN_SHOPIFY,396,251,53,1,0,0,"Wave 4 — needs reorder, older range"
4055,1034056585099,Good Luck Cards,Party,NOT_IN_SHOPIFY,751,35,13,1,17,298,"Wave 2 — in stock, existing range"
4056,1034045626099,Best Wishes Cards,Party,NOT_IN_SHOPIFY,751,35,13,1,9,158,"Wave 2 — in stock, existing range"
4057,4001195845099,2232 استاند بابلز  24*1 M-M,Toys,ACTIVE_UNPUBLISHED,49,90,39,6,0,0,"Wave 3 — needs reorder, new range"
4058,1060850362099,m120 Towel,Baby Essentials,ACTIVE_UNPUBLISHED,565,125,53,1,0,0,"Wave 4 — needs reorder, older range"
4059,4892900880945,88094 Loggerhead turtle,Toys,ACTIVE_UNPUBLISHED,348,190,53,1,0,0,"Wave 4 — needs reorder, older range"
4060,1060267525099,[1060267525099] Cutlery Set Spoon Fork & Knife 9pcs - Fuchsia,School,ACTIVE_UNPUBLISHED,751,218,53,3,0,0,"Wave 4 — needs reorder, older range"
4061,1071474102099,[10714-1067] Stitch Figural Alarm Clock - Baby Blue,Various,ACTIVE_UNPUBLISHED,235,202,53,1,0,0,"Wave 4 — needs reorder, older range"
4062,2024110104371,9897-5C FRICTION CAR WITH LIGHT/SOUND,Toys (Consignment),ACTIVE_UNPUBLISHED,64,185,39,1,0,0,"Wave 3 — needs reorder, new range"
4063,1043679387099,1538 Tic Tac Glitter,Clothing,NOT_IN_SHOPIFY,173,110,52,2,0,0,"Wave 4 — needs reorder, older range"
4064,1006612261030,780215 Girls' Clogs Slippers F-Z,Clothing,NOT_IN_SHOPIFY,575,254,52,1,0,0,"Wave 4 — needs reorder, older range"
4065,6901907111964,[6901907111964] ZC96-PK96 Pokemon Cards Metal Box,Toys (Consignment),NOT_IN_SHOPIFY,753,249,52,1,0,0,"Wave 4 — needs reorder, older range"
4066,4000114768099,644 Loli Hair Clip,School,NOT_IN_SHOPIFY,392,90,52,1,0,0,"Wave 4 — needs reorder, older range"
4067,1043615637099,1458 Sortit,Various,NOT_IN_SHOPIFY,113,75,39,1,0,0,"Wave 3 — needs reorder, new range"
4068,1062486159031,L8618 CRO,Clothing,NOT_IN_SHOPIFY,750,282,52,1,0,0,"Wave 4 — needs reorder, older range"
4069,4892900885681,88568 Beluga Whale,Toys,ACTIVE_UNPUBLISHED,348,248,52,1,0,0,"Wave 4 — needs reorder, older range"
4070,4002148583099,B5-كشكول سلك 100 ورقة ولد D-J,Various,ACTIVE_UNPUBLISHED,52,100,38,2,0,0,"Wave 3 — needs reorder, new range"
4071,4059779043851,[4059779043851] Toy Dinosaur Shapes Stand Set 12 Pieces,Toys (Consignment),NOT_IN_SHOPIFY,753,245,52,1,0,0,"Wave 4 — needs reorder, older range"
4072,4000147873099,385 Hair Band 2&1,Various,NOT_IN_SHOPIFY,559,90,52,1,0,0,"Wave 4 — needs reorder, older range"
4073,20702352099,Speedo Swimming Goggles - Black×White,Summer,NOT_IN_SHOPIFY,752,220,51,1,0,0,"Wave 4 — needs reorder, older range"
4074,1053876926099,Bracelet Set Chinese Gold,Adults,NOT_IN_SHOPIFY,751,121,51,1,0,0,"Wave 4 — needs reorder, older range"
4075,1033141385099,ZH7-50 كيس طلق بلي مايه صغير,Toys (Consignment),NOT_IN_SHOPIFY,100,180,38,4,0,0,"Wave 3 — needs reorder, new range"
4076,1065975561099,[1065975561099] Happy Cup 500ml - Navy,Various,ACTIVE_UNPUBLISHED,286,165,51,1,0,0,"Wave 4 — needs reorder, older range"
4077,1023850735006,0558 Pantie,Clothing,ACTIVE_UNPUBLISHED,553,210,51,3,-1,-44,"Wave 4 — needs reorder, older range"
4078,1062478670029,Beary Astronaut Unisex Clogs Slippers,Clothing,NOT_IN_SHOPIFY,756,275,51,1,0,0,"Wave 4 — needs reorder, older range"
4079,1071493772099,[10714-C19-3] C19-3 Metallic Birthday Candle Card 10 Candles Large - Silver,Party,NOT_IN_SHOPIFY,137,35,13,1,4,72,"Wave 2 — in stock, existing range"
4080,1071493759099,[10714-C3-1] C3-1 Birthday Candle Card with Base 24 Candles Small Cutter - Pink,Party,NOT_IN_SHOPIFY,137,35,13,1,20,360,"Wave 2 — in stock, existing range"
4081,1070220383012,4408 Dress,Clothing,ACTIVE_UNPUBLISHED,459,708,51,2,0,0,"Wave 4 — needs reorder, older range"
4082,20701638244099,Hair Barrette,Clothing,NOT_IN_SHOPIFY,752,27,13,1,3,33,"Wave 2 — in stock, existing range"
4083,4650184613471,61347-Jolly Friends Clay Pack 12 Pieces - 216g (+ Modeling Tool),Toys (Consignment),NOT_IN_SHOPIFY,532,183,51,1,0,0,"Wave 4 — needs reorder, older range"
4084,1033135804099,905A ها رمونيكا كارت,Toys (Consignment),ACTIVE_UNPUBLISHED,106,175,37,1,0,0,"Wave 3 — needs reorder, new range"
4085,1023886601012,7213-56 Bodysuit,Clothing,NOT_IN_SHOPIFY,751,206,50,1,0,0,"Wave 4 — needs reorder, older range"
4086,1014156098023,019 Sandal,Clothing,NOT_IN_SHOPIFY,550,294,50,1,0,0,"Wave 4 — needs reorder, older range"
4087,1003991373012,25211215 Bodysuit,Clothing,NOT_IN_SHOPIFY,466,210,50,1,0,0,"Wave 4 — needs reorder, older range"
4088,6954446877310,[6954446877310] PW22-4 P-T Baby Blocks - Green,Toys (Consignment),ACTIVE_UNPUBLISHED,753,235,49,1,0,0,"Wave 4 — needs reorder, older range"
4089,2024110101554,[10331-8501] 8501 Maze Puzzle Game 108 Pieces,Toys (Consignment),ACTIVE_UNPUBLISHED,308,235,49,1,0,0,"Wave 4 — needs reorder, older range"
4090,1050825713099,[1050825713099] Baby Newborn Nail Clipper with Handle for Easy Control - Baby Blue,Baby Essentials (Consignment),ACTIVE_UNPUBLISHED,751,315,49,3,0,0,"Wave 4 — needs reorder, older range"
4091,1060150392099,601-1A Michael Eraser Pen Shaped / Stand,School,NOT_IN_SHOPIFY,463,42,12,1,2,50,"Wave 2 — in stock, existing range"
4092,1071437610099,[1071437610099] Gift Bag Assorted Square - XS,Various,NOT_IN_SHOPIFY,425,30,12,2,18,126,"Wave 2 — in stock, existing range"
4093,1071493745099,[10714-4000-9] Birthday Cake Candle Number 5 Glitter - Silver,Party,NOT_IN_SHOPIFY,137,30,12,2,3,21,"Wave 2 — in stock, existing range"
4094,6222041552841,Doh-SH-5284-Bingo Dough Can 56gm - Black,Toys,NOT_IN_SHOPIFY,378,40,12,2,1,11,"Wave 2 — in stock, existing range"
4095,1033141478099,[1033141478099] 666-3 Kids RC Rechargeable Avengers,Toys (Consignment),NOT_IN_SHOPIFY,753,-1049,12,-1,3,2798,"Wave 2 — in stock, existing range"
4096,1067850680099,[1067850680099] Smart Baby Baby Gauntlet Teether - Pink,Baby Essentials,ACTIVE_UNPUBLISHED,516,130,49,1,0,0,"Wave 4 — needs reorder, older range"
4097,1067850679099,[1067850679099] Smart Baby Baby Gauntlet Teether - Aqua,Baby Essentials,ACTIVE_UNPUBLISHED,516,130,49,1,0,0,"Wave 4 — needs reorder, older range"
4098,6223003244170,0134/550ml Tritan Bottle Purple,Various,NOT_IN_SHOPIFY,641,135,49,1,0,0,"Wave 4 — needs reorder, older range"
4099,4001556112099,[40015-770] Kids Bandana,Clothing,NOT_IN_SHOPIFY,225,90,49,1,0,0,"Wave 4 — needs reorder, older range"
4100,2024110109246,628-A43 DESSERT DRAW BAR BOX,Toys (Consignment),ACTIVE_UNPUBLISHED,64,266,36,1,0,0,"Wave 3 — needs reorder, new range"
4101,20702554099,[66022] Domino Ball Maze Game 33 Pieces,Toys,NOT_IN_SHOPIFY,675,295,49,1,0,0,"Wave 4 — needs reorder, older range"
4102,1071493721099,[10714-2000-29] Party Decoration Branch Happy Birthday Lion King - Multicolor,Party,NOT_IN_SHOPIFY,137,40,12,1,1,22,"Wave 2 — in stock, existing range"
4103,1071493711099,[10714-2000-19] Party Decoration Branch Happy Birthday P-R,Party,NOT_IN_SHOPIFY,137,40,12,1,5,112,"Wave 2 — in stock, existing range"
4104,1071493697099,[10714-2000-5] Party Decoration Branch Unicorn - Multicolor,Party,NOT_IN_SHOPIFY,137,40,12,1,2,45,"Wave 2 — in stock, existing range"
4105,1071493728099,[10714-2000-36] Party Decoration Branch Happy Birthday Construction - Multicolor,Party,NOT_IN_SHOPIFY,137,40,12,1,1,22,"Wave 2 — in stock, existing range"
4106,1071493730099,[10714-2000-38] Party Decoration Branch Happy Birthday Peppa the Pig - Multicolor,Party,NOT_IN_SHOPIFY,137,40,12,1,1,22,"Wave 2 — in stock, existing range"
4107,1071493703099,[10714-2000-11] Party Decoration Branch Happy Birthday Hot Wheels,Party,NOT_IN_SHOPIFY,137,40,12,1,1,22,"Wave 2 — in stock, existing range"
4108,1071493705099,[10714-2000-13] Party Decoration Branch Happy Birthday Super Mario,Party,NOT_IN_SHOPIFY,137,40,12,1,2,45,"Wave 2 — in stock, existing range"
4109,2056619430006,Birdy Orange Swim Suit,Clothing,ARCHIVED,756,339,48,1,0,0,"Wave 4 — needs reorder, older range"
4110,2056619477006,Under The Sea Swim Suit,Clothing,NOT_IN_SHOPIFY,756,339,48,1,0,0,"Wave 4 — needs reorder, older range"
4111,4041485210245,21024 Liquid Glue Tube 55ml,School (Consignment),NOT_IN_SHOPIFY,532,44,12,1,27,716,"Wave 2 — in stock, existing range"
4112,8693830037319,ALPHABET4X56 GR PLAY DOUGH SET,Toys,ACTIVE_UNPUBLISHED,751,517,48,1,0,0,"Wave 4 — needs reorder, older range"
4113,6920240618350,88797/velour puzzle 300pcs,Toys (Consignment),NOT_IN_SHOPIFY,687,228,48,1,0,0,"Wave 4 — needs reorder, older range"
4114,9781837953332,Mermaid Doll's House Sticker Book,Various (Consignment),ACTIVE_UNPUBLISHED,82,200,35,1,0,0,"Wave 3 — needs reorder, new range"
4115,2041010982099,2/419Canpol Babies Soft Brush & Comb,Baby Essentials (Consignment),ACTIVE_UNPUBLISHED,756,236,12,1,3,586,"Wave 2 — in stock, existing range"
4116,1071491595099,[10714-F3226] F3226 Gift Bag Medium D-N,Toys,NOT_IN_SHOPIFY,294,35,12,1,4,75,"Wave 2 — in stock, existing range"
4117,1033135882099,1893-22 شخصيه سوبر ماريو علبه,Toys (Consignment),ACTIVE_UNPUBLISHED,106,256,35,1,0,0,"Wave 3 — needs reorder, new range"
4118,2070158302099,Hair Claw Clip - Small,Clothing,NOT_IN_SHOPIFY,751,26,12,1,6,66,"Wave 2 — in stock, existing range"
4119,1038294258099,8008 Small Target Set Doll,Toys (Consignment),ACTIVE_UNPUBLISHED,161,550,47,1,0,0,"Wave 4 — needs reorder, older range"
4120,2024060102069,68021 3D MINI 30PCS  WOODEN PUZZLE,Toys (Consignment),NOT_IN_SHOPIFY,64,165,35,1,0,0,"Wave 3 — needs reorder, new range"
4121,2058079260099,L017-5 METAMORPHOSE CAR(2 COLORS MIXED),Toys (Consignment),ACTIVE_UNPUBLISHED,64,165,35,1,0,0,"Wave 3 — needs reorder, new range"
4122,2058079261099,L017-4 METAMORPHOSE CAR(2 COLORS MIXED),Toys (Consignment),ACTIVE_UNPUBLISHED,64,165,35,1,0,0,"Wave 3 — needs reorder, new range"
4123,2058079259099,L017-5 METAMORPHOSE CAR(2 COLORS MIXED),Toys (Consignment),ACTIVE_UNPUBLISHED,64,165,35,1,0,0,"Wave 3 — needs reorder, new range"
4124,2058079264099,L017-3 METAMORPHOSE CAR(2 COLORS MIXED),Toys (Consignment),ACTIVE_UNPUBLISHED,64,165,35,1,0,0,"Wave 3 — needs reorder, new range"
4125,2025070102735,Z183-9B WATER BOOK,Toys (Consignment),ACTIVE_UNPUBLISHED,64,165,35,1,0,0,"Wave 3 — needs reorder, new range"
4126,20701459099,Kids Hair Clip,Clothing,NOT_IN_SHOPIFY,751,25,12,1,2,20,"Wave 2 — in stock, existing range"
4127,2071542559099,3095-كوجو استاند حيوانات الغابه  6علب ,Toys (Consignment),NOT_IN_SHOPIFY,98,195,35,1,0,0,"Wave 3 — needs reorder, new range"
4128,2071542558099,3095-كوجو استاند حيوانات الغابه  6علب ,Toys (Consignment),NOT_IN_SHOPIFY,98,195,35,1,0,0,"Wave 3 — needs reorder, new range"
4129,1023895199099,3-2038-26 Ice cap,Clothing,ACTIVE_UNPUBLISHED,204,175,47,1,0,0,"Wave 4 — needs reorder, older range"
4130,1023895243099,3-2068-26 Ice cap,Clothing,ACTIVE_UNPUBLISHED,204,175,47,1,0,0,"Wave 4 — needs reorder, older range"
4131,1023896488099,3-2079-25 Ice cap,Clothing,ACTIVE_UNPUBLISHED,372,175,47,1,0,0,"Wave 4 — needs reorder, older range"
4132,1004821458099,S100-سكاته كرويه بالغطاء مقاس0الى3,Baby Essentials,NOT_IN_SHOPIFY,756,125,46,1,0,0,"Wave 4 — needs reorder, older range"
4133,4001573996099,[4001573996099] Women Barbie Snap Clip & Hair Clip Set 54,Various,NOT_IN_SHOPIFY,502,80,46,2,0,0,"Wave 4 — needs reorder, older range"
4134,2071591409099,616200 Analily Doll Stand 12 Pieces,Toys (Consignment),ACTIVE_UNPUBLISHED,287,260,46,1,0,0,"Wave 4 — needs reorder, older range"
4135,1065895750099,[1065895750099] M944 Baby Rubber Knee Pad - Mint Cat,Baby Essentials,ACTIVE_UNPUBLISHED,727,85,46,1,0,0,"Wave 4 — needs reorder, older range"
4136,1065896673099,[1065896673099] M944 Baby Rubber Knee Pad - Beige Dinosaur,Baby Essentials,ACTIVE_UNPUBLISHED,751,85,46,1,0,0,"Wave 4 — needs reorder, older range"
4137,6222361138725,36778-108 ادوات نجار علبه,Toys (Consignment),ACTIVE_UNPUBLISHED,127,338,46,1,0,0,"Wave 4 — needs reorder, older range"
4138,20702347099,Speedo Swimming Goggles - Green,Summer,NOT_IN_SHOPIFY,752,195,46,1,0,0,"Wave 4 — needs reorder, older range"
4139,20702346099,Speedo Swimming Goggles - Turquoise,Summer,NOT_IN_SHOPIFY,752,195,46,1,0,0,"Wave 4 — needs reorder, older range"
4140,849803052287,[849803052287] Medal,Various,NOT_IN_SHOPIFY,752,131,46,1,0,0,"Wave 4 — needs reorder, older range"
4141,1071452486099,[1071452486099] Small Birthday Plate - P-T,Various,NOT_IN_SHOPIFY,581,30,11,2,1,8,"Wave 2 — in stock, existing range"
4142,1051773006009,41000 Pajama,Clothing,ACTIVE_UNPUBLISHED,169,308,45,1,0,0,"Wave 4 — needs reorder, older range"
4143,1069782649099,[1069782649099] Toddler Girls Hair Tie Set,Clothing,ACTIVE_UNPUBLISHED,606,27,11,1,6,74,"Wave 2 — in stock, existing range"
4144,6939775004736,Plus Pen 3000 Fineliner 0.4mm - Red,Various (Consignment),NOT_IN_SHOPIFY,751,40,11,3,21,170,"Wave 2 — in stock, existing range"
4145,1003991372009,25211215 Bodysuit,Clothing,NOT_IN_SHOPIFY,466,190,45,1,0,0,"Wave 4 — needs reorder, older range"
4146,1050856716099,[1050856716099] La Frutta Baby Rotary Cleaning Brush - Yellow & White,Baby Essentials (Consignment),ACTIVE_UNPUBLISHED,751,285,45,3,0,0,"Wave 4 — needs reorder, older range"
4147,1050857441099,22627A-لافروتا طقم فرش اسنان سليكون,Baby Essentials (Consignment),ACTIVE_UNPUBLISHED,103,210,33,1,0,0,"Wave 3 — needs reorder, new range"
4148,4001785626099,567-125 استاند جرار 12*1,Toys,ACTIVE_UNPUBLISHED,110,110,33,1,-1,-64,"Wave 3 — needs reorder, new range"
4149,5903407903934,56/160bluCB Newborn Hair Brush & Comb - Blue,Baby Essentials (Consignment),ACTIVE_UNPUBLISHED,751,340,44,1,0,0,"Wave 4 — needs reorder, older range"
4150,1071493754099,[10714-5000-6] Glitter Crown Base Happy Birthday Number 2 Candle - Gold & Fuchsia,Party,NOT_IN_SHOPIFY,137,40,11,2,5,60,"Wave 2 — in stock, existing range"
4151,8801067442916,Triffis Ballpoint Pen 0.7mm - Black,Various (Consignment),NOT_IN_SHOPIFY,751,40,11,4,10,60,"Wave 2 — in stock, existing range"
4152,4000795131099,[40007-668-51A] Racing Car Display Stand Friction 12x1,Toys,ACTIVE_UNPUBLISHED,187,150,44,3,-1,-29,"Wave 4 — needs reorder, older range"
4153,2070169624099,Sortit,Clothing,NOT_IN_SHOPIFY,752,100,44,1,0,0,"Wave 4 — needs reorder, older range"
4154,1043679373099,1455 Sortit,Clothing,NOT_IN_SHOPIFY,173,96,44,2,0,0,"Wave 4 — needs reorder, older range"
4155,20701798099,Girls Medium Belt,Clothing,NOT_IN_SHOPIFY,751,24,11,1,5,50,"Wave 2 — in stock, existing range"
4156,4001594540099,[40015-3900] Girls Scrunchie 2x1,Various,NOT_IN_SHOPIFY,270,80,44,2,0,0,"Wave 4 — needs reorder, older range"
4157,4001594555099,[40015-152] Girls Hair Elastic Set,Various,NOT_IN_SHOPIFY,270,80,44,2,0,0,"Wave 4 — needs reorder, older range"
4158,4001590706099,408 Jeans buckle,Clothing,NOT_IN_SHOPIFY,117,60,33,1,0,0,"Wave 3 — needs reorder, new range"
4159,4001052047099,14-4 Safety Protection Set - Pink,Toys,ACTIVE_UNPUBLISHED,448,135,43,1,0,0,"Wave 4 — needs reorder, older range"
4160,1071410583099,210 طقم بوكس هدايا سداسى ك رقم 1,Various,NOT_IN_SHOPIFY,117,105,32,1,0,0,"Wave 3 — needs reorder, new range"
4161,2024121300120,HT-33-LEARN BOOK,Toys (Consignment),NOT_IN_SHOPIFY,537,191,43,1,0,0,"Wave 4 — needs reorder, older range"
4162,1051394201099,[1051394201099] Jumbo Number Candle 5,Party,NOT_IN_SHOPIFY,751,30,11,1,1,16,"Wave 2 — in stock, existing range"
4163,4041485607946,60794 Highlighter Dual (Bullet/Brush) Visioline V-16 - Yellow,School (Consignment),NOT_IN_SHOPIFY,532,52,11,2,56,980,"Wave 2 — in stock, existing range"
4164,1043618072099,Hair Stick - Navy 3,School,NOT_IN_SHOPIFY,393,90,43,1,0,0,"Wave 4 — needs reorder, older range"
4165,1071493668099,[10714-805-1] H-B-D Birthday Cup Stars 10x1 - Navy,Party,NOT_IN_SHOPIFY,137,35,11,1,7,140,"Wave 2 — in stock, existing range"
4166,1071476161099,[10714-1218] Birthday Cup HBD Stars 10x1 - Silver,Various,NOT_IN_SHOPIFY,314,35,11,1,12,240,"Wave 2 — in stock, existing range"
4167,1071476160099,[10714-1217] Birthday Cup HBD Stars 10x1 - Gold,Various,NOT_IN_SHOPIFY,314,35,11,1,14,280,"Wave 2 — in stock, existing range"
4168,1071476163099,[10714-1220] Birthday Cup Polka Dot 10x1 - Silver,Various,NOT_IN_SHOPIFY,314,35,11,1,13,260,"Wave 2 — in stock, existing range"
4169,1071476162099,[10714-1219] Birthday Cup Polka Dot 10x1 - Gold,Various,NOT_IN_SHOPIFY,314,35,11,1,8,160,"Wave 2 — in stock, existing range"
4170,2024121300151,HT-36 SOFT BOOK,Toys (Consignment),ACTIVE_UNPUBLISHED,438,150,43,1,0,0,"Wave 4 — needs reorder, older range"
4171,6950217241168,2024116TR Tru GOLD Pacifier Box with Hanger,Baby Essentials (Consignment),ACTIVE_UNPUBLISHED,751,449,43,2,0,0,"Wave 4 — needs reorder, older range"
4172,1051520064099,Tick Tack Hair Clip,Clothing,NOT_IN_SHOPIFY,751,22,11,1,1,9,"Wave 2 — in stock, existing range"
4173,9781835440803,Marvel Avengers: Mighty Heroes,Various (Consignment),ACTIVE_UNPUBLISHED,141,185,42,1,0,0,"Wave 4 — needs reorder, older range"
4174,6920388667036,"31"" Pink Inflatable Fish Children's Swim Ring",Summer,ACTIVE_UNPUBLISHED,756,125,42,1,-1,-68,"Wave 4 — needs reorder, older range"
4175,1033152882099,[1033152882099] 1484-51774 Portrait Diamond Painting 30x30cm,Toys (Consignment),ACTIVE_UNPUBLISHED,246,199,42,1,0,0,"Wave 4 — needs reorder, older range"
4176,2220000008170,Mobile Case - Pokemon,Various (Consignment),ACTIVE_UNPUBLISHED,567,270,42,1,0,0,"Wave 4 — needs reorder, older range"
4177,2063244125099,White Palette Small No.380 - 12 Palette,Toys (Consignment),NOT_IN_SHOPIFY,750,37,10,1,1,22,"Wave 2 — in stock, existing range"
4178,4041485616849,Sticky Notes Pink 50x75mm - 100 Sheets,School (Consignment),NOT_IN_SHOPIFY,532,37,10,1,4,88,"Wave 2 — in stock, existing range"
4179,8008324099603,[8008324099603] Lisciani Speedy Double Face Maxi Plus Puzzle 24 Pieces,Toys (Consignment),ACTIVE_UNPUBLISHED,439,270,42,1,0,0,"Wave 4 — needs reorder, older range"
4180,2069527133099,LJ8809E استاند  بيانو حصان بوني ضوء 9 قطع ,Toys (Consignment),ACTIVE_UNPUBLISHED,130,155,42,1,0,0,"Wave 4 — needs reorder, older range"
4181,281135,SMALL MASHBAK 35,Clothing (Consignment),NOT_IN_SHOPIFY,751,35,10,1,83,1685,"Wave 2 — in stock, existing range"
4182,1071434826099,[10714-111212-E] Pencil Case with 12 Pencils Unicorn,School,NOT_IN_SHOPIFY,371,150,42,2,0,0,"Wave 4 — needs reorder, older range"
4183,1003972966099,149 Bib,Baby Essentials,ACTIVE_UNPUBLISHED,146,82,42,1,0,0,"Wave 4 — needs reorder, older range"
4184,1067825853099,[10678-AE-80] Baby Bath Sponge AE-80 Pack of 2 - Mint & Orange,Baby Essentials,ACTIVE_UNPUBLISHED,144,110,41,1,0,0,"Wave 4 — needs reorder, older range"
4185,1071798269099,"Cube-169-2 Bingo Squishy Chocolate snack pack PU Mixed style, with mesh bags 12 pieces",Toys,ACTIVE_UNPUBLISHED,36,100,31,1,0,0,"Wave 3 — needs reorder, new range"
4186,4041485616504,Sticky Notes Blue 75x75mm - 100 Sheets,School (Consignment),NOT_IN_SHOPIFY,532,38,10,1,5,115,"Wave 2 — in stock, existing range"
4187,4041485616474,Sticky Notes Yellow 75x75mm - 100 Sheets,School (Consignment),NOT_IN_SHOPIFY,532,38,10,1,6,138,"Wave 2 — in stock, existing range"
4188,4041485616481,Sticky Notes Pink 75x75mm - 100 Sheets,School (Consignment),NOT_IN_SHOPIFY,532,38,10,1,4,92,"Wave 2 — in stock, existing range"
4189,2058079340099,2228 COLORING TOYS(4 DESIGN MIXED),Toys (Consignment),ACTIVE_UNPUBLISHED,64,145,31,1,0,0,"Wave 3 — needs reorder, new range"
4190,2058079344099,LZ002-12 PRESS ANIMAL CAR(12PCS/PDQ),Toys (Consignment),ACTIVE_UNPUBLISHED,64,145,31,1,-1,-97,"Wave 3 — needs reorder, new range"
4191,1071492039099,[10714-5501-2] Handmade Wooden Rectangle Gift Box No. 2,Various,NOT_IN_SHOPIFY,224,160,40,1,0,0,"Wave 4 — needs reorder, older range"
4192,9789778617337,[9789778617337] Story Book - The Mouse Lara,Various (Consignment),ACTIVE_UNPUBLISHED,751,405,40,1,0,0,"Wave 4 — needs reorder, older range"
4193,1044885175099,20020104 Cotton Baby Bib – Little Hero Lion Design,Various,ACTIVE_UNPUBLISHED,167,204,40,2,0,0,"Wave 4 — needs reorder, older range"
4194,5903407180663,CB:35/401CB (ببرونة Natural Shape  بحلمة DualZone ملي260),Baby Essentials (Consignment),ACTIVE_UNPUBLISHED,93,590,30,1,0,0,"Wave 3 — needs reorder, new range"
4195,8412497747467,Spiderman Microwave Deep Plate,School,ACTIVE_UNPUBLISHED,734,129,40,1,0,0,"Wave 4 — needs reorder, older range"
4196,8412497742462,Frozen Microwave Deep Plate,School,ACTIVE_UNPUBLISHED,734,129,40,1,0,0,"Wave 4 — needs reorder, older range"
4197,20700623099,Hand Ball - Assorted Shapes,Toys,ACTIVE_UNPUBLISHED,751,160,40,1,-1,-101,"Wave 4 — needs reorder, older range"
4198,1060150434099,2405 Michael Shaped Sharpener with Jar,School,NOT_IN_SHOPIFY,463,28,10,1,37,546,"Wave 2 — in stock, existing range"
4199,1060150428099,5026 Michael Shaped Eraser,School,NOT_IN_SHOPIFY,463,28,10,1,2,30,"Wave 2 — in stock, existing range"
4200,4001564859099,3903 Plain Hair Tie Set,Various,NOT_IN_SHOPIFY,321,18,10,1,4,24,"Wave 2 — in stock, existing range"
4201,2070158299099,Kids Ring,Clothing,NOT_IN_SHOPIFY,751,20,10,1,2,16,"Wave 2 — in stock, existing range"
4202,4000254799099,Candle Card - Pen 6 Candles Music,Party,NOT_IN_SHOPIFY,683,22,10,1,7,70,"Wave 2 — in stock, existing range"
4203,4001564875099,[4001564875099] Girls Scrunchie Set,Various,NOT_IN_SHOPIFY,321,70,39,1,0,0,"Wave 4 — needs reorder, older range"
4204,1061484975004,258119 Blouse,Clothing,ACTIVE_UNPUBLISHED,522,288,10,1,1,243,"Wave 2 — in stock, existing range"
4205,20701961099,Super Mario Action Figure Luigi,Toys,NOT_IN_SHOPIFY,751,238,39,1,0,0,"Wave 4 — needs reorder, older range"
4206,1051584997099,Plain Colored Hair Elastic - Hair Accessories,Clothing,NOT_IN_SHOPIFY,752,21,10,1,9,79,"Wave 2 — in stock, existing range"
4207,1003963065013,110200 Boxer,Clothing,NOT_IN_SHOPIFY,679,190,38,1,0,0,"Wave 4 — needs reorder, older range"
4208,0003961234096659,[3961234096659] Kids Make Your Own Bag DIY Set,Toys (Consignment),ACTIVE_UNPUBLISHED,751,185,38,1,0,0,"Wave 4 — needs reorder, older range"
4209,2070150613099,Scrunchie,School,NOT_IN_SHOPIFY,704,20,10,1,9,72,"Wave 2 — in stock, existing range"
4210,8412668152427,2408 Cocomelon,Toys,ACTIVE_UNPUBLISHED,285,105,38,1,0,0,"Wave 4 — needs reorder, older range"
4211,5010994104450,SPD VERSE MOVIE TITAN HERO AST,Toys,NOT_IN_SHOPIFY,751,899,9,1,2,1559,"Wave 2 — in stock, existing range"
4212,1067858824099,[1067858824099] Iot082 Baby Mustache Pacifier - Brown,Baby Essentials,ACTIVE_UNPUBLISHED,587,100,38,1,0,0,"Wave 4 — needs reorder, older range"
4213,1071476146099,[10714-1203] Vacuum Candle Number 4,Various,NOT_IN_SHOPIFY,314,25,9,1,4,50,"Wave 2 — in stock, existing range"
4214,1071493675099,[10714-806-1] H-B-D Plastic Cake Topper - Silver,Party,NOT_IN_SHOPIFY,137,25,9,1,3,38,"Wave 2 — in stock, existing range"
4215,1071476175099,[10714-1232] Birthday Rectangle Plate SM 10x1,Various,NOT_IN_SHOPIFY,314,25,9,1,2,25,"Wave 2 — in stock, existing range"
4216,1071476151099,[10714-1208] Vacuum Candle Number 9,Various,NOT_IN_SHOPIFY,314,25,9,1,7,88,"Wave 2 — in stock, existing range"
4217,4001556122099,[40015-297] Toddler Girls Rose Hair Claw Clip - Large,Clothing,NOT_IN_SHOPIFY,225,70,37,2,0,0,"Wave 4 — needs reorder, older range"
4218,1051375899099,[1051375899099] Party Supplies I Love You Candle Card - Silver,Party,NOT_IN_SHOPIFY,751,40,9,1,4,103,"Wave 2 — in stock, existing range"
4219,1044896753099,200206 Satin Pacifier Clip Boy - Checkered,Baby Essentials,ACTIVE_UNPUBLISHED,56,99,28,1,0,0,"Wave 3 — needs reorder, new range"
4220,1044896755099,200206 Satin Pacifier Clip Boy - Heart,Baby Essentials,ACTIVE_UNPUBLISHED,56,99,28,1,0,0,"Wave 3 — needs reorder, new range"
4221,1044896756099,200206 Satin Pacifier Clip Boy - Arrow,Baby Essentials,ACTIVE_UNPUBLISHED,56,99,28,1,0,0,"Wave 3 — needs reorder, new range"
4222,1023850747014,0578 Pantie,Clothing,NOT_IN_SHOPIFY,553,145,37,1,0,0,"Wave 4 — needs reorder, older range"
4223,6464654401479,[10331-SD169-125A] SD169-125A Kids Pretend Play Doctor Tools Set,Toys (Consignment),ACTIVE_UNPUBLISHED,435,175,37,1,0,0,"Wave 4 — needs reorder, older range"
4224,1071475889099,[1071475889099] Candle Card 3 Candles Balloon Stars - Yellow,Various,NOT_IN_SHOPIFY,517,25,9,1,10,128,"Wave 2 — in stock, existing range"
4225,1004842163099,[1004842163099] Baby Silicone Teether S306 - Multicolor Chain,Baby Essentials,ACTIVE_UNPUBLISHED,751,110,36,1,0,0,"Wave 4 — needs reorder, older range"
4226,4000434940099,8001 Kuromi Surprise Ball Stand 12*1,Toys,NOT_IN_SHOPIFY,312,110,36,1,0,0,"Wave 4 — needs reorder, older range"
4227,4000190331099,3 Hair Accessory - Mermaid Clip Large,Clothing,ACTIVE_UNPUBLISHED,377,60,36,1,0,0,"Wave 4 — needs reorder, older range"
4228,1071491250099,[10714-328] Glitter Candle Card 6x1 - Turquoise,Clothing,NOT_IN_SHOPIFY,281,28,9,1,2,31,"Wave 2 — in stock, existing range"
4229,1060150454099,BK-298 MICHAEL Mechanical Pencil Metal 2mm,School,NOT_IN_SHOPIFY,463,26,9,1,17,234,"Wave 2 — in stock, existing range"
4230,9781783436569,Catch Me If You Can!,Various (Consignment),ACTIVE_UNPUBLISHED,82,150,27,1,0,0,"Wave 3 — needs reorder, new range"
4231,5903407177342,CB:34/933leniCB Exotic Leni Round Silicon Pacifier 1pc 0-6m,Baby Essentials (Consignment),ACTIVE_UNPUBLISHED,253,268,36,1,0,0,"Wave 4 — needs reorder, older range"
4232,6223006020672,CR-2013/Spiderman,Toys,ACTIVE_UNPUBLISHED,751,100,36,1,0,0,"Wave 4 — needs reorder, older range"
4233,1051735746006,31677 Onesie,Clothing,NOT_IN_SHOPIFY,575,240,36,1,0,0,"Wave 4 — needs reorder, older range"
4234,4001213533099,106239-برطمان اسكوشى فاكهة 24*1,Various,ACTIVE_UNPUBLISHED,47,70,26,1,0,0,"Wave 3 — needs reorder, new range"
4235,9781788242318,paw patrol colouring set,Various (Consignment),ACTIVE_UNPUBLISHED,393,200,35,1,0,0,"Wave 4 — needs reorder, older range"
4236,9781912396252,A Treasure Cove Story - Lady and the Tramp,Various (Consignment),ACTIVE_UNPUBLISHED,539,200,35,1,0,0,"Wave 4 — needs reorder, older range"
4237,9781789052329,PICKER PLAY Awesome Activities,Various (Consignment),ACTIVE_UNPUBLISHED,751,200,35,1,0,0,"Wave 4 — needs reorder, older range"
4238,9781913865030,shaped super colouring fun RAinBocoRns,Various (Consignment),ACTIVE_UNPUBLISHED,195,200,35,1,0,0,"Wave 4 — needs reorder, older range"
4239,1071435750099,[1071435750099] Kids Luxury Gift Bag Multicolor 1,Various,NOT_IN_SHOPIFY,426,30,9,1,3,52,"Wave 2 — in stock, existing range"
4240,00039612309661,Gardening Kit,Toys (Consignment),ACTIVE_UNPUBLISHED,756,170,35,1,0,0,"Wave 4 — needs reorder, older range"
4241,9781835440780,Disney: The Lion King,Various (Consignment),ACTIVE_UNPUBLISHED,25,166,26,1,0,0,"Wave 3 — needs reorder, new range"
4242,1051375924099,[1051375924099] Small Dotted Birthday Candle Number 8,Party,NOT_IN_SHOPIFY,751,37,9,2,7,83,"Wave 2 — in stock, existing range"
4243,4001532193099,[4001532193099] Girls Hair Elastic Set 1647,Various,NOT_IN_SHOPIFY,469,65,35,1,0,0,"Wave 4 — needs reorder, older range"
4244,1023895167099, 3-2009-26 Gloves,Clothing,ACTIVE_UNPUBLISHED,204,130,34,1,0,0,"Wave 4 — needs reorder, older range"
4245,1004817463099,S66-اسفنج استحمام اشكال,Baby Essentials,ACTIVE_UNPUBLISHED,518,162,34,2,0,0,"Wave 4 — needs reorder, older range"
4246,1023857000004,0662 Boxer Shorts Pack Of 2,Clothing,ACTIVE_UNPUBLISHED,755,155,34,1,0,0,"Wave 4 — needs reorder, older range"
4247,1023872984099,1-1250-26 Bib,Baby Essentials,ACTIVE_UNPUBLISHED,174,158,34,1,-1,-104,"Wave 4 — needs reorder, older range"
4248,1023836485004,0663 Boxer Shorts Pack Of 2,Clothing,NOT_IN_SHOPIFY,714,155,34,1,0,0,"Wave 4 — needs reorder, older range"
4249,4001272983099,MQ-06 استاند كورة 12*1 S-P surprise,Toys,ACTIVE_UNPUBLISHED,104,80,25,1,0,0,"Wave 3 — needs reorder, new range"
4250,1023850375009,1-1275-25 Onesie,Clothing,NOT_IN_SHOPIFY,560,608,8,2,2,524,"Wave 2 — in stock, existing range"
4251,1071491327099,[10714-2517-6] Stitch Plastic Ball - Multicolor,Toys,ACTIVE_UNPUBLISHED,328,90,34,3,0,0,"Wave 4 — needs reorder, older range"
4252,1071419277099,GL-12 نظارة سباحة فضى twenty,Summer,NOT_IN_SHOPIFY,102,80,25,1,0,0,"Wave 3 — needs reorder, new range"
4253,1071419328099,C5 بونيه سباحة سيليكون swimmer overlapping colors,Summer,ACTIVE_UNPUBLISHED,102,80,25,1,0,0,"Wave 3 — needs reorder, new range"
4254,2058079359099,6019 WALL-CLIMBING TURTLE,Toys (Consignment),ACTIVE_UNPUBLISHED,64,142,25,2,0,0,"Wave 3 — needs reorder, new range"
4255,1071434984099,[10714-180] Labubu Gift Bag No. 1,Toys,NOT_IN_SHOPIFY,398,25,8,1,1,14,"Wave 2 — in stock, existing range"
4256,1051584869099,Hair Claw Clip - Small,Clothing,NOT_IN_SHOPIFY,751,17,8,1,5,32,"Wave 2 — in stock, existing range"
4257,4001591800099,[40015-0043] Kids Finger Ring,Various,NOT_IN_SHOPIFY,337,15,8,1,13,62,"Wave 2 — in stock, existing range"
4258,1050885209099,[10508-22663A-7] La Frutta Baby Nylon Bath Sponge - Beige,Baby Essentials (Consignment),ACTIVE_UNPUBLISHED,176,120,33,2,0,0,"Wave 4 — needs reorder, older range"
4259,205669645309M,23915 Girls Outfit Set,Clothing,ACTIVE_UNPUBLISHED,106,805,6,1,10,7000,"Wave 1 — in stock, new arrival"
4260,1071410592099,220 طقم بوكس هدايا سداسى رقم 2,Various,NOT_IN_SHOPIFY,117,85,25,1,0,0,"Wave 3 — needs reorder, new range"
4261,1004858879099,S301-عضّاضة سفاري سيليكون للأطفال,Various,ACTIVE_UNPUBLISHED,134,135,33,1,0,0,"Wave 4 — needs reorder, older range"
4262,1060150390099,XP-2986 Michael Eraser Pen Shaped / Stand,School,NOT_IN_SHOPIFY,463,94,33,2,0,0,"Wave 4 — needs reorder, older range"
4263,5135478569058,Little Mathematicians Wooden Toy Brick,Toys,NOT_IN_SHOPIFY,751,187,33,1,0,0,"Wave 4 — needs reorder, older range"
4264,1065550367006,HY357 Romper,Clothing,NOT_IN_SHOPIFY,516,305,33,1,-1,-235,"Wave 4 — needs reorder, older range"
4265,1071492020099,[10714-3851-4] Square Gift Box No. 4,Various,NOT_IN_SHOPIFY,224,100,33,1,0,0,"Wave 4 — needs reorder, older range"
4266,4000175950099,279 Kids Necklace,Clothing,NOT_IN_SHOPIFY,183,60,33,1,-1,-20,"Wave 4 — needs reorder, older range"
4267,1073734609099,270 Romper,Clothing,ACTIVE_UNPUBLISHED,102,220,24,1,0,0,"Wave 3 — needs reorder, new range"
4268,1071434832099,[10714-92] Kids Ruler 15cm Display Stand Assorted Shapes 48x1,School,NOT_IN_SHOPIFY,371,105,32,3,0,0,"Wave 4 — needs reorder, older range"
4269,1038220245099,M-K Puzzle 60 pcs,Toys (Consignment),NOT_IN_SHOPIFY,751,140,32,1,0,0,"Wave 4 — needs reorder, older range"
4270,2041084219099,TR:2025405TR Tro Teether & Pacifier - Silicone Pacifier Chain GOLD,Baby Essentials (Consignment),ACTIVE_UNPUBLISHED,174,174,31,1,0,0,"Wave 4 — needs reorder, older range"
4271,1062437976030,DH-35 M Sneakers,Clothing,ACTIVE_UNPUBLISHED,410,531,31,1,0,0,"Wave 4 — needs reorder, older range"
4272,1033192505099,[10331-YD898-MJ1948A] YD898-MJ1948A Kids Remote Control Car - Blue,Toys (Consignment),NOT_IN_SHOPIFY,308,699,31,1,0,0,"Wave 4 — needs reorder, older range"
4273,1257572000009,D4009 مكعبات اشكال في علبة ,Toys (Consignment),ACTIVE_UNPUBLISHED,130,105,31,1,0,0,"Wave 4 — needs reorder, older range"
4274,4041485455523,Eraser with Triangle Case SmartWay,Various (Consignment),NOT_IN_SHOPIFY,751,28,8,1,84,1428,"Wave 2 — in stock, existing range"
4275,6625000471038,"""Sila"" Perfume (Girls)",Adults (Consignment),ACTIVE_UNPUBLISHED,756,170,30,1,-1,-119,"Wave 4 — needs reorder, older range"
4276,6625000902006,100-5/55 LILY Perfume,Various (Consignment),ACTIVE_UNPUBLISHED,357,170,30,1,0,0,"Wave 4 — needs reorder, older range"
4277,6224010337503,Superkids Detangling Spray,Baby Essentials,ACTIVE_UNPUBLISHED,756,120,30,1,0,0,"Wave 4 — needs reorder, older range"
4278,6939775004958,Plus Pen 3000 Fineliner 0.4mm - Pistachio,Various (Consignment),NOT_IN_SHOPIFY,751,27,7,2,14,113,"Wave 2 — in stock, existing range"
4279,6939775004873,Plus Pen 3000 Fineliner 0.4mm - Turquoise,Various (Consignment),NOT_IN_SHOPIFY,751,27,7,2,12,97,"Wave 2 — in stock, existing range"
4280,281114,KLBS 25,Various (Consignment),NOT_IN_SHOPIFY,273,25,7,1,4,58,"Wave 2 — in stock, existing range"
4281,1045030213002,Topk4528 Top 2*1,Toys,NOT_IN_SHOPIFY,750,170,7,2,2,142,"Wave 2 — in stock, existing range"
4282,1067896595099,B-129  Baby Potty Training Seat  space ابيض,Baby Essentials,ACTIVE_UNPUBLISHED,60,25,22,0,0,0,"Wave 3 — needs reorder, new range"
4283,4001080306099,2023-1 LOL Ball Stand L 12*1,Toys,NOT_IN_SHOPIFY,564,85,30,1,0,0,"Wave 4 — needs reorder, older range"
4284,6941607355961,[6941607355961] Swimming Goggles - M-M,Summer,ACTIVE_UNPUBLISHED,752,105,29,1,0,0,"Wave 4 — needs reorder, older range"
4285,4041485444794,Colored Eraser Prism,School (Consignment),NOT_IN_SHOPIFY,532,26,7,1,18,288,"Wave 2 — in stock, existing range"
4286,1071493763099,[10714-C23-2] C23-2 Zigzag Birthday Candle Card 6 Candles - Gold,Party,NOT_IN_SHOPIFY,137,22,7,1,2,25,"Wave 2 — in stock, existing range"
4287,1071493765099,[10714-C23-4] C23-4 Zigzag Birthday Candle Card 6 Candles - Copper,Party,NOT_IN_SHOPIFY,137,22,7,1,2,25,"Wave 2 — in stock, existing range"
4288,1071493764099,[10714-C23-3] C23-3 Zigzag Birthday Candle Card 6 Candles - Red,Party,NOT_IN_SHOPIFY,137,22,7,1,1,12,"Wave 2 — in stock, existing range"
4289,1071476149099,[10714-1206] Vacuum Candle Number 7,Various,NOT_IN_SHOPIFY,314,22,7,1,2,25,"Wave 2 — in stock, existing range"
4290,1071493762099,[10714-C23-1] C23-1 Zigzag Birthday Candle Card 6 Candles - Cashmere,Party,NOT_IN_SHOPIFY,137,22,7,1,1,12,"Wave 2 — in stock, existing range"
4291,4000254802099,Candle Card - Pen 2 Colors 6x1,Party,NOT_IN_SHOPIFY,683,22,7,1,7,88,"Wave 2 — in stock, existing range"
4292,1071452470099,[1071452470099] Small Dotted Birthday Candle - Number 9,Various,NOT_IN_SHOPIFY,581,18,7,1,6,54,"Wave 2 — in stock, existing range"
4293,1071439304099,8536 نظارة سباحة بينك wenfei,Summer,ACTIVE_UNPUBLISHED,71,70,21,1,0,0,"Wave 3 — needs reorder, new range"
4294,1014058653099,21005 Bestway Aqua Burst Essential™ II Swim Goggles 7+,Summer,ACTIVE_UNPUBLISHED,756,89,29,1,0,0,"Wave 4 — needs reorder, older range"
4295,6223012840226,[6223012840226] Bubbles Baby Loofah - Medium,Baby Essentials,NOT_IN_SHOPIFY,662,26,7,1,1,16,"Wave 2 — in stock, existing range"
4296,4000147859099,850 Hair Clip & Tick Tack,Various,NOT_IN_SHOPIFY,559,50,29,1,0,0,"Wave 4 — needs reorder, older range"
4297,1023850793014,0664 Boxer Shorts Pack Of 2,Clothing,NOT_IN_SHOPIFY,553,158,29,1,0,0,"Wave 4 — needs reorder, older range"
4298,2056619386010,Watermelon Swim Robe,Clothing,NOT_IN_SHOPIFY,756,807,29,1,0,0,"Wave 4 — needs reorder, older range"
4299,2025010107066,[10331-20236] Fishing Game,Toys (Consignment),NOT_IN_SHOPIFY,308,650,29,2,0,0,"Wave 4 — needs reorder, older range"
4300,1070220382009,4408 Dress,Clothing,ACTIVE_UNPUBLISHED,459,333,7,1,5,1425,"Wave 2 — in stock, existing range"
4301,1033186257099,[10331-22-07A-1] Water Gun Stand 12 pcs - Green,Summer (Consignment),ACTIVE_UNPUBLISHED,435,135,28,1,0,0,"Wave 4 — needs reorder, older range"
4302,2025010009008,[2025010009008] Girls Chromi Craft Stand Set 24pcs,Toys (Consignment),ACTIVE_UNPUBLISHED,260,125,28,1,0,0,"Wave 4 — needs reorder, older range"
4303,1050885152099,[10508-22358] La Frutta Baby Zoo Teether - Grey Bunny,Baby Essentials (Consignment),ACTIVE_UNPUBLISHED,176,160,28,1,0,0,"Wave 4 — needs reorder, older range"
4304,1036272082004,2601 Plain Panty Shorts,Clothing,ACTIVE_UNPUBLISHED,104,79,21,1,0,0,"Wave 3 — needs reorder, new range"
4305,9789777546324,[9789777546324] Kids Story Book - Returning the Favor,Various,NOT_IN_SHOPIFY,751,85,28,1,0,0,"Wave 4 — needs reorder, older range"
4306,1062437971031,LE-13 M Sneakers,Clothing,ACTIVE_UNPUBLISHED,410,482,28,1,0,0,"Wave 4 — needs reorder, older range"
4307,4001591772099,[40015-13-2] Girls Butterfly Bobby Pin,Various,NOT_IN_SHOPIFY,337,50,28,1,0,0,"Wave 4 — needs reorder, older range"
4308,4001583976099,190 سورتيت سادة ,Clothing,NOT_IN_SHOPIFY,134,50,28,2,0,0,"Wave 4 — needs reorder, older range"
4309,20701933099,Colored Birthday Candles Card - 6 Candles,Party,NOT_IN_SHOPIFY,751,30,7,1,9,175,"Wave 2 — in stock, existing range"
4310,1071460422099,[10714-3070-9] T-O J-R Gel Pen Display Stand 48x1,School,ACTIVE_UNPUBLISHED,382,15,7,1,1,6,"Wave 2 — in stock, existing range"
4311,2041026599099,22/420CB Pastelove Pacifier - Silicone Flat 1pc 6-18m,Baby Essentials (Consignment),ACTIVE_UNPUBLISHED,751,205,27,1,0,0,"Wave 4 — needs reorder, older range"
4312,4001537634099,[4001537634099] Kids Wide Scrunchie 6694 - Size 10,Various,NOT_IN_SHOPIFY,421,50,27,1,0,0,"Wave 4 — needs reorder, older range"
4313,1050882655099,[10508-LF:22227] La Frutta Baby Round Pacifier - Aqua (M 6-18M),Baby Essentials (Consignment),ACTIVE_UNPUBLISHED,141,105,27,1,0,0,"Wave 4 — needs reorder, older range"
4314,1071493681099,[10714-807-3] H-B-D Plastic Hair Clip - Cashmere,Party,NOT_IN_SHOPIFY,137,18,7,1,2,18,"Wave 2 — in stock, existing range"
4315,1004885236099,[10048-S326-1] Safari Baby Water-Filled Silicone Teether 3+ Months - Blue Owl,Baby Essentials,ACTIVE_UNPUBLISHED,180,110,27,1,0,0,"Wave 4 — needs reorder, older range"
4316,1050894372099,[10508-22247] La Frutta Baby Orthodontic Pacifier with 3D Chain M 618 - Baby,Baby Essentials (Consignment),ACTIVE_UNPUBLISHED,258,170,27,1,0,0,"Wave 4 — needs reorder, older range"
4317,9781913865450,barbie colouring fun,Various (Consignment),ACTIVE_UNPUBLISHED,751,150,27,1,0,0,"Wave 4 — needs reorder, older range"
4318,9781914448744,Barbie You Can Be A Ballerina,Various (Consignment),NOT_IN_SHOPIFY,751,150,27,1,0,0,"Wave 4 — needs reorder, older range"
4319,9781915101440, Under The Sea Colouring Book,Various (Consignment),ACTIVE_UNPUBLISHED,751,150,27,1,0,0,"Wave 4 — needs reorder, older range"
4320,9781915101006,Girls colouring book,Various (Consignment),ACTIVE_UNPUBLISHED,751,150,27,1,0,0,"Wave 4 — needs reorder, older range"
4321,1071476171099,[10714-1228] Birthday Cup Stitch 10x1 - Pink,Various,NOT_IN_SHOPIFY,314,20,7,1,12,132,"Wave 2 — in stock, existing range"
4322,4002148584099,B5-كشكول سلك 100ورقه بت شمسيه,Various,ACTIVE_UNPUBLISHED,52,50,19,1,0,0,"Wave 3 — needs reorder, new range"
4323,1036273862010,35003 Pajama,Clothing,ARCHIVED,554,255,26,1,0,0,"Wave 4 — needs reorder, older range"
4324,1023852421008,1477 Sleeveless Undershirt,Clothing,ACTIVE_UNPUBLISHED,104,85,19,1,0,0,"Wave 3 — needs reorder, new range"
4325,2070110680099,Kids Bandana,Various,NOT_IN_SHOPIFY,698,54,25,1,0,0,"Wave 4 — needs reorder, older range"
4326,1071493743099,[10714-4000-7] Birthday Cake Candle Number 4 Glitter - Silver,Party,NOT_IN_SHOPIFY,137,15,6,1,3,21,"Wave 2 — in stock, existing range"
4327,1071493744099,[10714-4000-8] Birthday Cake Candle Number 4 Glitter - Gold,Party,NOT_IN_SHOPIFY,137,15,6,1,4,28,"Wave 2 — in stock, existing range"
4328,1071493740099,[10714-4000-4] Birthday Cake Candle Number 2 Glitter - Gold,Party,NOT_IN_SHOPIFY,137,15,6,1,15,105,"Wave 2 — in stock, existing range"
4329,1071493738099,[10714-4000-2] Birthday Cake Candle Number 1 Glitter - Gold,Party,NOT_IN_SHOPIFY,137,15,6,1,4,28,"Wave 2 — in stock, existing range"
4330,1071493739099,[10714-4000-3] Birthday Cake Candle Number 2 Glitter - Silver,Party,NOT_IN_SHOPIFY,137,15,6,1,4,28,"Wave 2 — in stock, existing range"
4331,1071493748099,[10714-4000-12] Birthday Cake Candle Number 6 Glitter - Gold,Party,NOT_IN_SHOPIFY,137,15,6,1,8,56,"Wave 2 — in stock, existing range"
4332,1071493746099,[10714-4000-10] Birthday Cake Candle Number 5 Glitter - Gold,Party,NOT_IN_SHOPIFY,137,15,6,1,7,49,"Wave 2 — in stock, existing range"
4333,2041049938099,17111TR Tru Plastic Toilet Seat - Assorted Colors,Baby Essentials (Consignment),ACTIVE_UNPUBLISHED,751,137,25,1,0,0,"Wave 4 — needs reorder, older range"
4334,1004885244099,S329-عضّاضة مائية سفاري مع شخليلة 3+اشهر,Baby Essentials,ACTIVE_UNPUBLISHED,180,140,24,1,0,0,"Wave 4 — needs reorder, older range"
4335,2024121300250,HT-46 SOFT BOOK,Toys (Consignment),ACTIVE_UNPUBLISHED,438,132,24,1,0,0,"Wave 4 — needs reorder, older range"
4336,4000958977099,4320-3 Jumbo Candle Number 3,Party,NOT_IN_SHOPIFY,603,42,24,1,0,0,"Wave 4 — needs reorder, older range"
4337,1023850807012,1481 Sleeveless Undershirt,Clothing,NOT_IN_SHOPIFY,553,95,24,1,0,0,"Wave 4 — needs reorder, older range"
4338,2070169582099,Heart Clip,Clothing,NOT_IN_SHOPIFY,751,52,24,1,0,0,"Wave 4 — needs reorder, older range"
4339,2070157452099,Kids Bandana,Clothing,NOT_IN_SHOPIFY,752,52,24,1,0,0,"Wave 4 — needs reorder, older range"
4340,1023885124012,0573 Pantie,Clothing,NOT_IN_SHOPIFY,62,80,18,1,0,0,"Wave 3 — needs reorder, new range"
4341,1050815508099,[1050815508099] La Frutta Baby Brush & Comb Rubber Handle - Green/White,Baby Essentials (Consignment),NOT_IN_SHOPIFY,617,150,24,1,0,0,"Wave 4 — needs reorder, older range"
4342,4002148526099,نيم كارت بالحبل SP,Various,ACTIVE_UNPUBLISHED,52,45,17,1,0,0,"Wave 3 — needs reorder, new range"
4343,6223012843715,[6223012843715] Baby Orthodontic Pacifier Newborn 0-3M - Green,Baby Essentials,NOT_IN_SHOPIFY,662,85,24,1,0,0,"Wave 4 — needs reorder, older range"
4344,6223012843661,[6223012843661] Babblz Baby Regular Pacifier 6M+ - Yellow,Baby Essentials,NOT_IN_SHOPIFY,662,85,24,1,0,0,"Wave 4 — needs reorder, older range"
4345,6941607320280,32033 Swim Safe 10  x 6 /25cm x 15cm Baby Armbands Step C,Summer,ACTIVE_UNPUBLISHED,751,85,24,1,0,0,"Wave 4 — needs reorder, older range"
4346,1030950218099,32287 Plain Arm Bands,Summer,ACTIVE_UNPUBLISHED,482,75,23,1,0,0,"Wave 4 — needs reorder, older range"
4347,1036217550099,3501 Towel,Clothing,ACTIVE_UNPUBLISHED,210,85,23,1,0,0,"Wave 4 — needs reorder, older range"
4348,1061484994014,258294 Blouse,Clothing,ACTIVE_UNPUBLISHED,522,306,23,1,0,0,"Wave 4 — needs reorder, older range"
4349,9781785571794,My Mermaid Sticker Handbag,Various (Consignment),ACTIVE_UNPUBLISHED,195,225,22,1,0,0,"Wave 4 — needs reorder, older range"
4350,1036272063099,1625 Bib,Baby Essentials,ACTIVE_UNPUBLISHED,104,63,17,1,0,0,"Wave 3 — needs reorder, new range"
4351,9789777545631,copy colour and Activity Book4,Various,NOT_IN_SHOPIFY,664,80,22,1,0,0,"Wave 4 — needs reorder, older range"
4352,1071493751099,[10714-5000-3] Glitter Base Happy Birthday Number 2 Candle - Silver & Pink,Party,NOT_IN_SHOPIFY,137,20,6,1,6,72,"Wave 2 — in stock, existing range"
4353,1071493752099,[10714-5000-4] Glitter Base Happy Birthday Number 2 Candle - Silver,Party,NOT_IN_SHOPIFY,137,20,6,1,4,48,"Wave 2 — in stock, existing range"
4354,1071493749099,[10714-5000-1] Glitter Base Happy Birthday Candle - Boy,Party,NOT_IN_SHOPIFY,137,20,6,1,6,72,"Wave 2 — in stock, existing range"
4355,6221133354585,My Little Encyclopedia: Why? (2),Various (Consignment),NOT_IN_SHOPIFY,751,125,22,1,0,0,"Wave 4 — needs reorder, older range"
4356,1053815975099,Thread Bracelets Set,Adults,NOT_IN_SHOPIFY,751,59,22,1,0,0,"Wave 4 — needs reorder, older range"
4357,4001536429099,[4001536429099] Kids Hair Bandana 1693,Various,NOT_IN_SHOPIFY,468,40,22,1,0,0,"Wave 4 — needs reorder, older range"
4358,4001514251099,[4001514251099] Kids Girls Wide Plain Hair Ties Set,Various,NOT_IN_SHOPIFY,326,40,22,1,0,0,"Wave 4 — needs reorder, older range"
4359,1067825805099,[10678-378] Baby Crawling Knee Pads Imported - Dark Grey,Baby Essentials,ACTIVE_UNPUBLISHED,144,65,22,1,0,0,"Wave 4 — needs reorder, older range"
4360,1067825808099,[10678-381] Baby Crawling Knee Pads Imported - Pink,Baby Essentials,ACTIVE_UNPUBLISHED,144,65,22,1,0,0,"Wave 4 — needs reorder, older range"
4361,1050885229099,[10508-22674-6] Baby Waterproof Bib with Front Pocket - Strawberry Pink,Baby Essentials (Consignment),ACTIVE_UNPUBLISHED,176,140,22,1,0,0,"Wave 4 — needs reorder, older range"
4362,4000350244099,[40003-2012-6] 2012-6 LuBuBu Slime with Bottle Stand Display 12x1,Toys,NOT_IN_SHOPIFY,448,65,22,1,-1,-35,"Wave 4 — needs reorder, older range"
4363,1071491246099,[10714-324] Candle Card 3x1 - Pink (M-M),Clothing,NOT_IN_SHOPIFY,281,76,22,2,0,0,"Wave 4 — needs reorder, older range"
4364,4001247664099,1698-K1 SuperMario Rubik's Cube Stand 6*1,Toys,NOT_IN_SHOPIFY,579,55,22,1,0,0,"Wave 4 — needs reorder, older range"
4365,9000000000117,[9000000000117] M-K Plate,Party,NOT_IN_SHOPIFY,751,20,5,2,15,88,"Wave 2 — in stock, existing range"
4366,2025010010136,[2025010010136] DS933 Racing Cars Stand 24 Pieces 1:55,Toys (Consignment),NOT_IN_SHOPIFY,260,95,22,1,0,0,"Wave 4 — needs reorder, older range"
4367,2058079360099,6019 WALL-CLIMBING TURTLE,Toys (Consignment),ACTIVE_UNPUBLISHED,64,75,16,1,0,0,"Wave 3 — needs reorder, new range"
4368,1051519809099,Tic Tac Hair Clip,Clothing,NOT_IN_SHOPIFY,751,8,5,1,21,37,"Wave 2 — in stock, existing range"
4369,1023824851012,1477 Sleeveless Undershirt,Clothing,NOT_IN_SHOPIFY,547,95,21,1,0,0,"Wave 4 — needs reorder, older range"
4370,1071434828099,[10714-111258-E] Pencil Case with 12 Pencils P-R,School,NOT_IN_SHOPIFY,371,75,21,1,0,0,"Wave 4 — needs reorder, older range"
4371,1023885214006,0573 Pantie,Clothing,ACTIVE_UNPUBLISHED,81,70,15,1,0,0,"Wave 3 — needs reorder, new range"
4372,1023885217008,0573 Pantie,Clothing,ACTIVE_UNPUBLISHED,81,70,15,1,0,0,"Wave 3 — needs reorder, new range"
4373,1071417412099,[10714-507] Glitter Birthday Candle Number 6,Various,NOT_IN_SHOPIFY,347,15,5,1,2,16,"Wave 2 — in stock, existing range"
4374,1071417414099,[10714-509] Glitter Birthday Candle Number 8,Various,NOT_IN_SHOPIFY,347,15,5,1,8,64,"Wave 2 — in stock, existing range"
4375,1051394214099,[1051394214099] Number Candle 8 - Baby Blue,Party,NOT_IN_SHOPIFY,751,13,5,1,6,39,"Wave 2 — in stock, existing range"
4376,4001217882099,2235 Small Fire Engine Bubbles Display Stand 24x1,Toys,NOT_IN_SHOPIFY,520,15,5,1,2,16,"Wave 2 — in stock, existing range"
4377,1069796489099,[1069796489099] Women Pineapple Bow Hair Clip,Various,ACTIVE_UNPUBLISHED,671,40,20,1,0,0,"Wave 4 — needs reorder, older range"
4378,1036272075099,8252 Bib,Baby Essentials,ACTIVE_UNPUBLISHED,104,56,15,1,0,0,"Wave 3 — needs reorder, new range"
4379,1054485607009,7711 Romper,Clothing,ACTIVE_UNPUBLISHED,475,369,20,1,0,0,"Wave 4 — needs reorder, older range"
4380,4041485194484,Double Face Foam Roll White 1mm * 15mm * 2m,School (Consignment),NOT_IN_SHOPIFY,532,72,20,1,0,0,"Wave 4 — needs reorder, older range"
4381,1051584868099,Hair Pin,Clothing,NOT_IN_SHOPIFY,751,42,19,2,0,0,"Wave 4 — needs reorder, older range"
4382,1051521333099,Kids Bandana,Clothing,NOT_IN_SHOPIFY,751,42,19,1,0,0,"Wave 4 — needs reorder, older range"
4383,1051510558099,Plain Hair Elastic,Clothing,NOT_IN_SHOPIFY,752,42,19,1,0,0,"Wave 4 — needs reorder, older range"
4384,5010993660742,MARVEL 9.5 IN FIGURE – THOR,Toys,NOT_IN_SHOPIFY,751,449,5,1,4,1557,"Wave 2 — in stock, existing range"
4385,1023863440004,1477 Sleeveless Undershirt,Clothing,NOT_IN_SHOPIFY,418,85,19,1,0,0,"Wave 4 — needs reorder, older range"
4386,1023866934010,1470 Sleeveless Undershirt,Clothing,NOT_IN_SHOPIFY,756,80,18,1,0,0,"Wave 4 — needs reorder, older range"
4387,2056653498003,"""Off To Play"" Short-Sleeved T-Shirt",Clothing,ACTIVE_UNPUBLISHED,756,199,5,1,6,1020,"Wave 2 — in stock, existing range"
4388,1050825728099,[1050825728099] La Frutta Baby Medium Nylon Pocket Bib - Watermelon,Baby Essentials (Consignment),ACTIVE_UNPUBLISHED,751,115,18,1,0,0,"Wave 4 — needs reorder, older range"
4389,1050815486099,[1050815486099] La Frutta Baby Pastille Orthodontic Pacifier S 0-6M - Mint,Baby Essentials (Consignment),ACTIVE_UNPUBLISHED,617,115,18,1,0,0,"Wave 4 — needs reorder, older range"
4390,6955558792683,[6955558792683] YS1378-A8 Baby Bath Toy Duck,Toys (Consignment),ACTIVE_UNPUBLISHED,558,85,18,1,0,0,"Wave 4 — needs reorder, older range"
4391,4001062319099,1268 Die Cast Spider Bee Stand with Light 12x1,Toys,NOT_IN_SHOPIFY,344,60,18,1,0,0,"Wave 4 — needs reorder, older range"
4392,4000113701099,Hair Clip Small,Various,NOT_IN_SHOPIFY,650,30,17,1,0,0,"Wave 4 — needs reorder, older range"
4393,2062562853099,[2062562853099] Queen of Classroom Notebook,Various (Consignment),NOT_IN_SHOPIFY,174,112,17,1,0,0,"Wave 4 — needs reorder, older range"
4394,1050882653099,[10508-LF:22218-4] La Frutta Baby Angled Pacifier with Cap Size 06 - Yellow,Baby Essentials (Consignment),ACTIVE_UNPUBLISHED,141,110,17,1,0,0,"Wave 4 — needs reorder, older range"
4395,2070158319099,Girls Hair Elastic,Clothing,NOT_IN_SHOPIFY,752,37,17,1,0,0,"Wave 4 — needs reorder, older range"
4396,1062496614018,P061 Romper,Clothing,ACTIVE_UNPUBLISHED,520,244,4,1,1,210,"Wave 2 — in stock, existing range"
4397,1033191745099,[10331-2398-1-4] Avengers Flute - Iron Man,Toys (Consignment),ACTIVE_UNPUBLISHED,232,80,17,1,0,0,"Wave 4 — needs reorder, older range"
4398,1071476144099,[10714-1201] Vacuum Candle Number 2,Various,NOT_IN_SHOPIFY,314,48,17,2,0,0,"Wave 4 — needs reorder, older range"
4399,9789777543514,[9789777543514] Martin Luther King and Courage - Story Book,Various,NOT_IN_SHOPIFY,751,60,17,1,0,0,"Wave 4 — needs reorder, older range"
4400,6223012840806,[6223012840806] Bubbles Baby Classic Nipple (9-M),Baby Essentials,NOT_IN_SHOPIFY,662,60,17,1,0,0,"Wave 4 — needs reorder, older range"
4401,1051341269099,[1051341269099] S-P Small Birthday Candle Number 2,Party,NOT_IN_SHOPIFY,751,12,4,1,1,6,"Wave 2 — in stock, existing range"
4402,1060150394099,601-3A Michael Eraser Pen Shaped / Stand,School,NOT_IN_SHOPIFY,463,47,16,1,0,0,"Wave 4 — needs reorder, older range"
4403,4001594538099,[40015-250] Toddler Girls Solid Color Hair Elastics,Various,NOT_IN_SHOPIFY,270,30,16,1,0,0,"Wave 4 — needs reorder, older range"
4404,4001556126099,[40015-3906] Girls Plain Colored Hair Elastic,Clothing,NOT_IN_SHOPIFY,225,30,16,1,0,0,"Wave 4 — needs reorder, older range"
4405,2070157453099,Sortit Hair Tie,Clothing,NOT_IN_SHOPIFY,752,35,16,1,0,0,"Wave 4 — needs reorder, older range"
4406,4001247645099,8834 P-T Ball Stand Small 12*1,Toys,NOT_IN_SHOPIFY,579,46,16,1,0,0,"Wave 4 — needs reorder, older range"
4407,2041051122099,TR:2024134TR Tro Bath Sponge Shapes,Baby Essentials (Consignment),ACTIVE_UNPUBLISHED,503,90,16,1,0,0,"Wave 4 — needs reorder, older range"
4408,1051519810099,Tic Tac Hair Clip,Clothing,NOT_IN_SHOPIFY,751,6,4,1,5,8,"Wave 2 — in stock, existing range"
4409,1003970845018,25203629 Romper,Clothing,ARCHIVED,503,180,15,1,0,0,"Wave 4 — needs reorder, older range"
4410,6939775004781,Plus Pen 3000 Fineliner 0.4mm - Violet,Various (Consignment),NOT_IN_SHOPIFY,751,14,4,1,1,8,"Wave 2 — in stock, existing range"
4411,6939775004798,Plus Pen 3000 Fineliner 0.4mm - Grey,Various (Consignment),NOT_IN_SHOPIFY,751,14,4,1,14,113,"Wave 2 — in stock, existing range"
4412,6939775010492,Plus Pen 3000 Felt Tip Pen 0.4mm - Olive Green,Various (Consignment),NOT_IN_SHOPIFY,751,14,4,1,37,300,"Wave 2 — in stock, existing range"
4413,6939775004880,Plus Pen 3000 Fineliner 0.4mm - Fuchsia,Various (Consignment),NOT_IN_SHOPIFY,751,14,4,1,7,57,"Wave 2 — in stock, existing range"
4414,1050848611099,[1050848611099] La Frutta Baby Rotating Cleaning Brush - Green,Baby Essentials (Consignment),ACTIVE_UNPUBLISHED,751,95,15,1,0,0,"Wave 4 — needs reorder, older range"
4415,6222046300769,[20738-1059] Engineering Tools Bubbles Card Set - 4 Pieces,Toys (Consignment),ACTIVE_UNPUBLISHED,169,65,15,1,0,0,"Wave 4 — needs reorder, older range"
4416,1071452468099,[1071452468099] Small Dotted Birthday Candle - Number 7,Various,NOT_IN_SHOPIFY,581,37,14,2,0,0,"Wave 4 — needs reorder, older range"
4417,4000485433099,B-R 1×12 Slime Stand Arts & Crafts,Various,NOT_IN_SHOPIFY,665,45,14,1,-1,-25,"Wave 4 — needs reorder, older range"
4418,1023876491008,0550 Pantie,Clothing,NOT_IN_SHOPIFY,711,65,14,1,0,0,"Wave 4 — needs reorder, older range"
4419,2041093444099,17100TR Tro Training Cup Spill-Proof with Straw 12m 210ml,Baby Essentials (Consignment),ACTIVE_UNPUBLISHED,629,279,14,1,0,0,"Wave 4 — needs reorder, older range"
4420,1051590949099,Hair Elastic,Various,NOT_IN_SHOPIFY,751,10,4,1,1,5,"Wave 2 — in stock, existing range"
4421,6464648409047,[6464648409047] Play Dough Jar Set of 2,Toys (Consignment),NOT_IN_SHOPIFY,753,65,14,1,0,0,"Wave 4 — needs reorder, older range"
4422,2041084217099,TR:2024008TR Tro Teether & Pacifier - Water-Filled Teether 2-Color Animal Shapes,Baby Essentials (Consignment),ACTIVE_UNPUBLISHED,174,274,13,2,0,0,"Wave 4 — needs reorder, older range"
4423,1023892764012,[1023892783010] Toddler Girls Underwear Braided - Mint (10-11Y),Clothing,ACTIVE_UNPUBLISHED,751,60,13,1,0,0,"Wave 4 — needs reorder, older range"
4424,1036236976099, 4150 Bib,Clothing,ACTIVE_UNPUBLISHED,146,46,13,1,0,0,"Wave 4 — needs reorder, older range"
4425,1069749076099,[1069749076099] Girls Silicone Hair Clip,Clothing,ACTIVE_UNPUBLISHED,595,25,13,1,0,0,"Wave 4 — needs reorder, older range"
4426,2041049959099,19050PROTR Tro Nail Clipper Characters GOLD,Baby Essentials (Consignment),NOT_IN_SHOPIFY,751,98,13,1,0,0,"Wave 4 — needs reorder, older range"
4427,1071434301099,12-5 كورة بلاستيك ألوان الطيف,Toys,ACTIVE_UNPUBLISHED,106,25,9,1,-1,-12,"Wave 3 — needs reorder, new range"
4428,1036217535099,1003 Bib,Clothing,ACTIVE_UNPUBLISHED,210,48,13,1,0,0,"Wave 4 — needs reorder, older range"
4429,1071493715099,[10714-2000-23] Party Decoration Branch Happy Birthday M-I,Party,NOT_IN_SHOPIFY,137,40,12,1,0,0,"Wave 4 — needs reorder, older range"
4430,1071493724099,[10714-2000-32] Party Decoration Branch Happy Birthday Unicorn - Multicolor,Party,NOT_IN_SHOPIFY,137,40,12,1,0,0,"Wave 4 — needs reorder, older range"
4431,1071493704099,[10714-2000-12] Party Decoration Branch Happy Birthday Stitch - Pink,Party,NOT_IN_SHOPIFY,137,40,12,1,0,0,"Wave 4 — needs reorder, older range"
4432,1051310018099,[1051310018099] Small Dotted Number Candle 6,Party,NOT_IN_SHOPIFY,751,12,3,1,3,24,"Wave 2 — in stock, existing range"
4433,20703127099,Shaped Eraser Stand 24×1,Various,NOT_IN_SHOPIFY,751,40,3,2,20,320,"Wave 2 — in stock, existing range"
4434,1054469305009,Turtles Short-Sleeved Onesie,Clothing,NOT_IN_SHOPIFY,756,270,11,1,0,0,"Wave 4 — needs reorder, older range"
4435,2056697244008,09423 Girls Short,Clothing,ACTIVE_UNPUBLISHED,57,1530,2,2,6,4020,"Wave 1 — in stock, new arrival"
4436,4041485346425,Eraser ErichKrauseÂ® Sensor Black&WhitÐµ,School (Consignment),ACTIVE_UNPUBLISHED,756,40,11,1,0,0,"Wave 4 — needs reorder, older range"
4437,8801067412940,Ballpoint Pen 0.5mm - Baby Blue,Various (Consignment),NOT_IN_SHOPIFY,751,10,3,1,98,588,"Wave 2 — in stock, existing range"
4438,9315892310009,[9315892310009] Party Supplies Party Accessories,Party,NOT_IN_SHOPIFY,751,40,11,2,0,0,"Wave 4 — needs reorder, older range"
4439,4001550364099,[4001550364099] Girls Plain Hair Clips,Clothing,NOT_IN_SHOPIFY,484,20,11,1,0,0,"Wave 4 — needs reorder, older range"
4440,8001619109148,[8001619109148] Gift Card M-N,Party (Consignment),NOT_IN_SHOPIFY,750,7,3,1,13,46,"Wave 2 — in stock, existing range"
4441,6920180633482,[6920180633482] Card Blocks Strip,Toys (Consignment),NOT_IN_SHOPIFY,753,50,10,1,0,0,"Wave 4 — needs reorder, older range"
4442,9328577008733,[9328577008733] Penguin Gift Wrapping Paper,Various (Consignment),NOT_IN_SHOPIFY,753,27,10,1,0,0,"Wave 4 — needs reorder, older range"
4443,6221133023535,Princesses Coloring Book No.4 - New 2025,Various (Consignment),ACTIVE_UNPUBLISHED,370,75,10,1,0,0,"Wave 4 — needs reorder, older range"
4444,6221133007146,M-K Coloring Book - Wire Bound No.1,Various (Consignment),ACTIVE_UNPUBLISHED,751,75,10,1,0,0,"Wave 4 — needs reorder, older range"
4445,1062485755018,T1017 Romper,Clothing,NOT_IN_SHOPIFY,754,256,9,1,0,0,"Wave 4 — needs reorder, older range"
4446,1071476145099,[10714-1202] Vacuum Candle Number 3,Various,NOT_IN_SHOPIFY,314,25,9,1,0,0,"Wave 4 — needs reorder, older range"
4447,1071447655099,[1071447655099] Vacuum Number Candle - Number 4,Toys,NOT_IN_SHOPIFY,574,25,9,1,0,0,"Wave 4 — needs reorder, older range"
4448,4001052034099,CD826 MAGIC WATER BOOK SBACE,Various,NOT_IN_SHOPIFY,448,28,9,1,0,0,"Wave 4 — needs reorder, older range"
4449,6223007320160,Nilco Snakes & Ladders 5696 Board Game,Toys (Consignment),ACTIVE_UNPUBLISHED,751,49,9,1,0,0,"Wave 4 — needs reorder, older range"
4450,2041091516099,CB:9/501CB Transparent Silicone Teether,Baby Essentials (Consignment),ACTIVE_UNPUBLISHED,253,166,9,1,0,0,"Wave 4 — needs reorder, older range"
4451,2041050049099,2/810CB CB Nail Scissors - Rounded Edges,Baby Essentials (Consignment),ACTIVE_UNPUBLISHED,751,166,8,1,0,0,"Wave 4 — needs reorder, older range"
4452,1003937671018,24203609 Romper,Clothing,ACTIVE_UNPUBLISHED,564,138,8,1,0,0,"Wave 4 — needs reorder, older range"
4453,8001619110335,[8001619110335] Gift Card B-R,Toys (Consignment),NOT_IN_SHOPIFY,750,21,8,3,0,0,"Wave 4 — needs reorder, older range"
4454,2058079332099,511-1 MAGICAL JELLYFISH(3 DESIGN MIXED),Toys (Consignment),ACTIVE_UNPUBLISHED,64,40,6,1,0,0,"Wave 3 — needs reorder, new range"
4455,20703150099,Unicorn Pencil Sharpener,School,ACTIVE_UNPUBLISHED,750,50,7,2,0,0,"Wave 4 — needs reorder, older range"
4456,1023212474031,Girls' Slides,Clothing,NOT_IN_SHOPIFY,756,193,7,1,0,0,"Wave 4 — needs reorder, older range"
4457,2041093452099,19333TR Tro Bottle Cleaning Brush + Nipple Brush,Baby Essentials (Consignment),ACTIVE_UNPUBLISHED,629,137,7,1,0,0,"Wave 4 — needs reorder, older range"
4458,1023848974010,[1023875345008] Girls Underwear Panties Unicorn - White (8-9Y),Clothing,ACTIVE_UNPUBLISHED,751,30,7,1,0,0,"Wave 4 — needs reorder, older range"
4459,1071492047099,[10714-500-1] Metallic Plain Balloon Bag 10x1,Party,NOT_IN_SHOPIFY,224,20,7,1,0,0,"Wave 4 — needs reorder, older range"
4460,1062496789018,Q2506 Outfit Set,Clothing,ACTIVE_UNPUBLISHED,520,361,6,1,0,0,"Wave 4 — needs reorder, older range"
4461,1062496770024,Q2501 Outfit Set,Clothing,ACTIVE_UNPUBLISHED,520,361,6,1,0,0,"Wave 4 — needs reorder, older range"
4462,1071493741099,[10714-4000-5] Birthday Cake Candle Number 3 Glitter - Silver,Party,NOT_IN_SHOPIFY,137,15,6,1,0,0,"Wave 4 — needs reorder, older range"
4463,1065550529012,P061 Romper,Clothing,ACTIVE_UNPUBLISHED,516,275,6,1,0,0,"Wave 4 — needs reorder, older range"
4464,20703162099,Blue Paper Holder,School,ACTIVE_UNPUBLISHED,750,32,6,1,0,0,"Wave 4 — needs reorder, older range"
4465,20703159099,Blue Paper Holder,School,ACTIVE_UNPUBLISHED,750,40,6,1,0,0,"Wave 4 — needs reorder, older range"
4466,9000000000773,[9000000000773] M-I Plate,Party,NOT_IN_SHOPIFY,751,20,5,2,0,0,"Wave 4 — needs reorder, older range"
4467,1060096584010,Plain Gabardine Shorts,Clothing (Consignment),NOT_IN_SHOPIFY,756,269,1,1,8,1880,"Wave 2 — in stock, existing range"
4468,1062496529018,HY330 Romper,Clothing,ACTIVE_UNPUBLISHED,520,244,4,1,0,0,"Wave 4 — needs reorder, older range"
4469,1062496623012,HY604 Romper,Clothing,ACTIVE_UNPUBLISHED,520,244,4,1,0,0,"Wave 4 — needs reorder, older range"
4470,1062496585024,P063 Romper,Clothing,ACTIVE_UNPUBLISHED,520,244,4,1,0,0,"Wave 4 — needs reorder, older range"
4471,1062496695024,A775 Romper,Clothing,ACTIVE_UNPUBLISHED,520,244,4,1,0,0,"Wave 4 — needs reorder, older range"
4472,1062496634018,HY620 Romper,Clothing,ACTIVE_UNPUBLISHED,520,244,4,1,0,0,"Wave 4 — needs reorder, older range"
4473,5010993790487,MVL VALUE ROLE PLAY AST,Toys,NOT_IN_SHOPIFY,751,374,4,1,0,0,"Wave 4 — needs reorder, older range"
4474,2041011286099,True Soother Holder,Baby Essentials (Consignment),NOT_IN_SHOPIFY,756,71,4,1,0,0,"Wave 4 — needs reorder, older range"
4475,1064396557034,Water Shoes,Clothing,NOT_IN_SHOPIFY,756,93,3,1,0,0,"Wave 4 — needs reorder, older range"
4476,1051341267099,[1051341267099] S-P Small Birthday Candle Number 0,Party,NOT_IN_SHOPIFY,751,11,3,1,0,0,"Wave 4 — needs reorder, older range"
4477,1064396558035,Water Shoes,Clothing,NOT_IN_SHOPIFY,756,93,2,1,0,0,"Wave 4 — needs reorder, older range"
4478,8593539121800,Pencil with Eraser,Various (Consignment),NOT_IN_SHOPIFY,751,7,2,1,0,0,"Wave 4 — needs reorder, older range"
4479,205669287012M, 915 Unisex Short,Clothing,ACTIVE_UNPUBLISHED,517,343,1,1,0,0,"Wave 4 — needs reorder, older range"
4480,205669278312M, 914 Unisex Short,Clothing,ACTIVE_UNPUBLISHED,525,343,1,1,0,0,"Wave 4 — needs reorder, older range"
4481,1013650324002,7221 Pajama,Clothing,ACTIVE_UNPUBLISHED,455,410,0,1,0,0,"Wave 4 — needs reorder, older range"
4482,1023212866035,26112 Sneakers,Clothing,NOT_IN_SHOPIFY,223,0,0,0,8,2596,"Wave 2 — in stock, existing range"
4483,1023250717035,219 Ballarina,Clothing,ACTIVE_UNPUBLISHED,538,0,0,0,3,553,"Wave 2 — in stock, existing range"
4484,1069094771032,118 Sneakers,Clothing,NOT_IN_SHOPIFY,750,0,0,0,1,220,"Wave 2 — in stock, existing range"
4485,1070369376031,9031 Sneakers,Clothing,NOT_IN_SHOPIFY,648,0,0,0,1,293,"Wave 2 — in stock, existing range"
4486,,10% on your order,Discounts,NO_BARCODE,327,0,0,0,0,0,"Wave 4 — needs reorder, older range"
4487,,15% on your order,All,NO_BARCODE,221,0,0,0,0,0,"Wave 4 — needs reorder, older range"
4488,,2500 LE per order on your order,All,NO_BARCODE,22,0,0,0,0,0,"Wave 3 — needs reorder, new range"
4489,,10% on your order,All,NO_BARCODE,28,0,0,0,0,0,"Wave 3 — needs reorder, new range"
4490,,10% on your order,Discounts,NO_BARCODE,618,0,0,0,0,0,"Wave 4 — needs reorder, older range"
4491,,15% on your order,Discounts,NO_BARCODE,716,0,0,0,0,0,"Wave 4 — needs reorder, older range"
4492,2051337599099,Baby Nest Balloon,Various (Consignment),NOT_IN_SHOPIFY,320,0,0,0,0,0,"Wave 4 — needs reorder, older range"
4493,6045025716349,Jelly Stickers Matching Book Ocean 33pcs,Toys (Consignment),NOT_IN_SHOPIFY,523,0,0,0,5,807,"Wave 2 — in stock, existing range"
4494,1062486036029,Small Bear Unisex Clogs Slippers,Clothing,NOT_IN_SHOPIFY,756,0,0,0,2,380,"Wave 2 — in stock, existing range"
4495,20702968099,[TP-492] Titiz Plastic Water Bottle 750ml - Black,Toys,NOT_IN_SHOPIFY,675,0,0,0,1,65,"Wave 2 — in stock, existing range"
4496,1071070568099,100 Elastic Bed Sheets,Baby Essentials,ACTIVE_UNPUBLISHED,118,0,0,0,0,0,"Wave 3 — needs reorder, new range"
4497,,10% on your order,Discounts,NO_BARCODE,698,0,0,0,0,0,"Wave 4 — needs reorder, older range"
4498,,10% on your order,Discounts,NO_BARCODE,390,0,0,0,0,0,"Wave 4 — needs reorder, older range"
4499,1054450674006,8232 Romper,Clothing,ACTIVE_UNPUBLISHED,494,0,0,0,3,1112,"Wave 2 — in stock, existing range"
4500,1014178925031,028 Matte White Ballerina,Clothing,NOT_IN_SHOPIFY,96,0,0,0,2,502,"Wave 1 — in stock, new arrival"
4501,1068525829099,11-stroller car seat X,Baby Essentials,NOT_IN_SHOPIFY,144,0,0,0,1,6140,"Wave 2 — in stock, existing range"
4502,,10 DISC on your order,Discounts,NO_BARCODE,745,0,0,0,0,0,"Wave 4 — needs reorder, older range"
4503,,10% on your order,Discounts,NO_BARCODE,691,0,0,0,0,0,"Wave 4 — needs reorder, older range"
4504,2025010009054,[2025010009054] Frozen Walkie Talkie,Toys (Consignment),ACTIVE_UNPUBLISHED,260,0,0,0,0,0,"Wave 4 — needs reorder, older range"
4505,1068512227099,129-كرسي امبريلا 17 برو,Various,NOT_IN_SHOPIFY,13,0,0,0,3,11550,"Wave 1 — in stock, new arrival"
4506,1062475895020,S J118-7 CRO,Clothing,ACTIVE_UNPUBLISHED,102,0,0,0,1,210,"Wave 1 — in stock, new arrival"
4507,,10% on your order,All,NO_BARCODE,241,0,0,0,0,0,"Wave 4 — needs reorder, older range"
4508,1023889645004,0600 Boxer,Clothing,ACTIVE_UNPUBLISHED,704,0,0,0,3,126,"Wave 2 — in stock, existing range"
4509,,10 DISC on your order,Discounts,NO_BARCODE,737,0,0,0,0,0,"Wave 4 — needs reorder, older range"
4510,1074197256010, 4407 Pants,Clothing,NOT_IN_SHOPIFY,95,0,0,0,1,489,"Wave 1 — in stock, new arrival"
4511,,50% on the cheapest product,All,NO_BARCODE,40,0,0,0,0,0,"Wave 3 — needs reorder, new range"
4512,,10% on your order,Discounts,NO_BARCODE,381,0,0,0,0,0,"Wave 4 — needs reorder, older range"
4513,1014178952028,027 Shiny White Ballerina,Clothing,NOT_IN_SHOPIFY,96,0,0,0,5,1254,"Wave 1 — in stock, new arrival"
4514,202512115451,3883 شطرنج و داما و طاولة 3*1,Toys (Consignment),ACTIVE_UNPUBLISHED,99,0,0,0,0,0,"Wave 3 — needs reorder, new range"
4515,2056615974004,Blue Floral Sleeveless Blouse,Clothing,ACTIVE_UNPUBLISHED,756,0,0,0,1,239,"Wave 2 — in stock, existing range"
4516,,10 DISC on your order,Discounts,NO_BARCODE,725,0,0,0,0,0,"Wave 4 — needs reorder, older range"
4517,1023226516035,26119 Sneakers,Clothing,NOT_IN_SHOPIFY,186,0,0,0,5,1820,"Wave 2 — in stock, existing range"
4518,1003952132002,24204612 Pajama,Clothing,NOT_IN_SHOPIFY,544,0,0,0,1,220,"Wave 2 — in stock, existing range"
4519,,10 DISC on your order,Discounts,NO_BARCODE,728,0,0,0,0,0,"Wave 4 — needs reorder, older range"
4520,,10% on your order,All,NO_BARCODE,236,0,0,0,0,0,"Wave 4 — needs reorder, older range"
4521,1066615367099,Starhummer-Trolley bag +  pencil case,School,NOT_IN_SHOPIFY,375,0,0,0,1,2600,"Wave 2 — in stock, existing range"
4522,1023278581018,200  Sandal,Clothing,NOT_IN_SHOPIFY,755,0,0,0,1,162,"Wave 2 — in stock, existing range"
4523,,10 DISC on your order,Discounts,NO_BARCODE,741,0,0,0,0,0,"Wave 4 — needs reorder, older range"
4524,1014179268024,450-1 Sandal,Clothing,ACTIVE_UNPUBLISHED,755,0,0,0,2,416,"Wave 2 — in stock, existing range"
4525,,10 DISC on your order,Discounts,NO_BARCODE,738,0,0,0,0,0,"Wave 4 — needs reorder, older range"
4526,,10 DISC on your order,Discounts,NO_BARCODE,737,0,0,0,0,0,"Wave 4 — needs reorder, older range"
4527,,10 DISC on your order,Discounts,NO_BARCODE,737,0,0,0,0,0,"Wave 4 — needs reorder, older range"
4528,,100% on the cheapest product,All,NO_BARCODE,425,0,0,0,0,0,"Wave 4 — needs reorder, older range"
4529,,10 DISC on your order,Discounts,NO_BARCODE,726,0,0,0,0,0,"Wave 4 — needs reorder, older range"
4530,,10 DISC on your order,Discounts,NO_BARCODE,741,0,0,0,0,0,"Wave 4 — needs reorder, older range"
4531,4001537635099,[4001537635099] Kids Wide Bow Scrunchie 6694 - Size 4,Various,NOT_IN_SHOPIFY,421,0,0,0,7,126,"Wave 2 — in stock, existing range"
4532,1069074913036,117 Sneakers,Clothing,NOT_IN_SHOPIFY,754,0,0,0,1,220,"Wave 2 — in stock, existing range"
4533,1049858643033,RZ1 LED Flash Light Sneaker with Wheels & USB Charging,Clothing,NOT_IN_SHOPIFY,60,0,0,0,3,3289,"Wave 1 — in stock, new arrival"
4534,1050457983099,"[1050457983099] Hoverboard 8"" Camouflage - Pink",Toys,ACTIVE_UNPUBLISHED,634,0,0,0,0,0,"Wave 4 — needs reorder, older range"
4535,2073695131099,zt-c006 مرجيحه ,Toys (Consignment),NOT_IN_SHOPIFY,113,0,0,0,3,11040,"Wave 1 — in stock, new arrival"
4536,1014156103023,040 Sandal,Clothing,NOT_IN_SHOPIFY,550,0,0,0,6,1250,"Wave 2 — in stock, existing range"
4537,,15% on your order,Discounts,NO_BARCODE,521,0,0,0,0,0,"Wave 4 — needs reorder, older range"
4538,P.DISC,Purchase Discount,Discounts,NOT_IN_SHOPIFY,731,0,0,0,0,0,"Wave 4 — needs reorder, older range"
4539,1064365887099,202 Beach Towel M-I,Clothing,ACTIVE_UNPUBLISHED,78,0,0,0,0,0,"Wave 3 — needs reorder, new range"
4540,,10 DISC on your order,Discounts,NO_BARCODE,737,0,0,0,0,0,"Wave 4 — needs reorder, older range"
4541,1050415500099,[10504-15712-1] Kids Drift Car New 15712 - Pink Camouflage,Toys,NOT_IN_SHOPIFY,165,0,0,0,1,7200,"Wave 2 — in stock, existing range"
4542,,100% on the cheapest product,All,NO_BARCODE,32,0,0,0,0,0,"Wave 3 — needs reorder, new range"
4543,205669701709M,23988 Girls Outfit Set,Clothing,ACTIVE_UNPUBLISHED,98,0,0,0,8,6000,"Wave 1 — in stock, new arrival"
4544,7845961231420,J-MB791-2-R MOTOR BIKE 12V-4.5AH Motor:,Toys (Consignment),NOT_IN_SHOPIFY,447,0,0,0,1,6400,"Wave 2 — in stock, existing range"
4545,6920388666879,35001 Dinosaur Rider,Summer,ACTIVE_UNPUBLISHED,139,0,0,0,1,282,"Wave 2 — in stock, existing range"
4546,1014156056036,079 Sandal,Clothing,NOT_IN_SHOPIFY,550,0,0,0,4,935,"Wave 2 — in stock, existing range"
4547,2036585360099,271005 Cap,Clothing (Consignment),ACTIVE_UNPUBLISHED,96,0,0,0,0,0,"Wave 3 — needs reorder, new range"
4548,,10 DISC on your order,Discounts,NO_BARCODE,747,0,0,0,0,0,"Wave 4 — needs reorder, older range"
4549,1023278578033,Blue Army Boys' Sandals,Clothing,NOT_IN_SHOPIFY,756,0,0,0,1,162,"Wave 2 — in stock, existing range"
4550,,10 DISC on your order,Discounts,NO_BARCODE,737,0,0,0,0,0,"Wave 4 — needs reorder, older range"
4551,2056619438010,Unisex Yellow Swim Robe,Clothing,NOT_IN_SHOPIFY,756,0,0,0,4,2756,"Wave 2 — in stock, existing range"
4552,,100% on the cheapest product,All,NO_BARCODE,33,0,0,0,0,0,"Wave 3 — needs reorder, new range"
4553,,5000 LE per order on your order,All,NO_BARCODE,6,0,0,0,0,0,"Wave 3 — needs reorder, new range"
4554,1062496663012,HY999 Romper,Clothing,ACTIVE_UNPUBLISHED,520,0,0,0,2,420,"Wave 2 — in stock, existing range"
4555,,10% on your order,Discounts,NO_BARCODE,330,0,0,0,0,0,"Wave 4 — needs reorder, older range"
4556,,10% on your order,Discounts,NO_BARCODE,573,0,0,0,0,0,"Wave 4 — needs reorder, older range"
4557,,15% on your order,Discounts,NO_BARCODE,385,0,0,0,0,0,"Wave 4 — needs reorder, older range"
4558,1054450426006,4714 Romper,Clothing,ACTIVE_UNPUBLISHED,468,0,0,0,2,374,"Wave 2 — in stock, existing range"
4559,4000748827099,[4000748827099] Maracas Set Small - Aqua,Toys,ACTIVE_UNPUBLISHED,558,0,0,0,0,0,"Wave 4 — needs reorder, older range"
4560,,10% on your order,Discounts,NO_BARCODE,713,0,0,0,0,0,"Wave 4 — needs reorder, older range"
4561,1023226498035,26118 Sneakers,Clothing,NOT_IN_SHOPIFY,186,0,0,0,7,2548,"Wave 2 — in stock, existing range"
4562,,10% on your order,Discounts,NO_BARCODE,359,0,0,0,0,0,"Wave 4 — needs reorder, older range"
4563,,10% on your order,Discounts,NO_BARCODE,604,0,0,0,0,0,"Wave 4 — needs reorder, older range"
4564,,10% on your order,Discounts,NO_BARCODE,350,0,0,0,0,0,"Wave 4 — needs reorder, older range"
4565,,10 DISC on your order,Discounts,NO_BARCODE,730,0,0,0,0,0,"Wave 4 — needs reorder, older range"
4566,,10% on your order,Discounts,NO_BARCODE,720,0,0,0,0,0,"Wave 4 — needs reorder, older range"
4567,CASH,CashBack (1 LE per 100 LE),Discounts,NOT_IN_SHOPIFY,765,0,0,0,0,0,"Wave 4 — needs reorder, older range"
4568,,10% on your order,Discounts,NO_BARCODE,713,0,0,0,0,0,"Wave 4 — needs reorder, older range"
4569,,10 DISC on your order,Discounts,NO_BARCODE,737,0,0,0,0,0,"Wave 4 — needs reorder, older range"
4570,,10% on your order,Discounts,NO_BARCODE,713,0,0,0,0,0,"Wave 4 — needs reorder, older range"
4571,1066648681099,638692  Lunch Bag Gaming Design,School,ACTIVE_UNPUBLISHED,49,0,0,0,0,0,"Wave 3 — needs reorder, new range"
4572,1024496940026,DQ200-50 Half Boot,Clothing,NOT_IN_SHOPIFY,751,0,0,0,2,1331,"Wave 2 — in stock, existing range"
4573,2073082349099,107 اسكوتر ايرومان بالصوت و النور,Toys (Consignment),NOT_IN_SHOPIFY,99,0,0,0,0,0,"Wave 3 — needs reorder, new range"
4574,8364217982671,[8364217982671] Kids Electric Ride-On Mercedes Sport Car A9960/2024,Toys (Consignment),NOT_IN_SHOPIFY,657,0,0,0,4,31390,"Wave 2 — in stock, existing range"
4575,1023226511030,26119 Sneakers,Clothing,NOT_IN_SHOPIFY,186,0,0,0,3,1092,"Wave 2 — in stock, existing range"
4576,,10 DISC on your order,Discounts,NO_BARCODE,747,0,0,0,0,0,"Wave 4 — needs reorder, older range"
4577,8084673747259,Cans Rubik Fidget Spinner Cube,Toys (Consignment),ACTIVE_UNPUBLISHED,396,0,0,0,0,0,"Wave 4 — needs reorder, older range"
4578,1023250635033,243 Ballarina,Clothing,ACTIVE_UNPUBLISHED,538,0,0,0,1,184,"Wave 2 — in stock, existing range"
4579,2049285258099,[2049285258099] Baby Nest with Mosquito Net - Multicolor,Baby Essentials (Consignment),ACTIVE_UNPUBLISHED,751,0,0,0,0,0,"Wave 4 — needs reorder, older range"
4580,2071996913099,6530PRO BABY TROLLEY,Baby Essentials (Consignment),NOT_IN_SHOPIFY,123,0,0,0,1,5814,"Wave 2 — in stock, existing range"
4581,2056656817008,Mustard Swim Suit,Clothing,NOT_IN_SHOPIFY,756,0,0,0,20,7980,"Wave 2 — in stock, existing range"
4582,1014156062032,400-1 Sandal,Clothing,NOT_IN_SHOPIFY,550,0,0,0,10,2338,"Wave 2 — in stock, existing range"
4583,1003952085003,24204616 Pajama,Clothing,NOT_IN_SHOPIFY,545,0,0,0,4,833,"Wave 2 — in stock, existing range"
4584,0794866034346,Stephen Joseph Backpack 16-inch (Mermaid),School,ACTIVE_UNPUBLISHED,742,0,0,0,0,0,"Wave 4 — needs reorder, older range"
4585,,15% on your order,Discounts,NO_BARCODE,573,0,0,0,0,0,"Wave 4 — needs reorder, older range"
4586,,10% on your order,Discounts,NO_BARCODE,356,0,0,0,0,0,"Wave 4 — needs reorder, older range"
4587,4001170622099,HB-606 بانيو سيليكون بالمخده لبني,Baby Essentials,NOT_IN_SHOPIFY,21,0,0,0,10,5266,"Wave 1 — in stock, new arrival"
4588,,10 DISC on your order,Discounts,NO_BARCODE,745,0,0,0,0,0,"Wave 4 — needs reorder, older range"
4589,,10% on your order,Discounts,NO_BARCODE,357,0,0,0,0,0,"Wave 4 — needs reorder, older range"
4590,1072186948099,ES 8-5 سكوتر شاومى  PRO,Toys,NOT_IN_SHOPIFY,95,0,0,0,2,22632,"Wave 1 — in stock, new arrival"
4591,DISC,POS Discount,Discounts,NOT_IN_SHOPIFY,765,0,0,0,0,0,"Wave 4 — needs reorder, older range"
4592,1062497543012,Hy 075 Romper,Clothing,ACTIVE_UNPUBLISHED,126,0,0,0,0,0,"Wave 4 — needs reorder, older range"
4593,4002125531099,GK6086-6071 زمزميه شاليموه Stitch موف,School,ACTIVE_UNPUBLISHED,50,0,0,0,0,0,"Wave 3 — needs reorder, new range"
4594,5713795273447,Bibs x Moomin Pacifier Colour 2 pack Friends Latex Size 2 Ivory mix,Baby Essentials (Consignment),ACTIVE_UNPUBLISHED,180,0,0,0,0,0,"Wave 4 — needs reorder, older range"
4595,,10% on your order,Discounts,NO_BARCODE,346,0,0,0,0,0,"Wave 4 — needs reorder, older range"
4596,,10% on your order,Discounts,NO_BARCODE,411,0,0,0,0,0,"Wave 4 — needs reorder, older range"
4597,,15% on your order,All,NO_BARCODE,56,0,0,0,0,0,"Wave 3 — needs reorder, new range"
4598,1071854794009,8010 Girls' Checkered Print Short-Sleeve Pajama Set - Babyblue,Clothing,NOT_IN_SHOPIFY,102,0,0,0,29,8468,"Wave 1 — in stock, new arrival"
4599,2073892785099,"[20738-024-39B-2] RC Car 1:16 with Pedals & Remote Control, Forward/Backward/Left/Right/Stop & Lights, Rechargeable - Red",Toys (Consignment),ACTIVE_UNPUBLISHED,169,0,0,0,0,0,"Wave 4 — needs reorder, older range"
4600,,10% on your order,Discounts,NO_BARCODE,681,0,0,0,0,0,"Wave 4 — needs reorder, older range"
4601,1023212860029,26112 Sneakers,Clothing,NOT_IN_SHOPIFY,223,0,0,0,1,325,"Wave 2 — in stock, existing range"
4602,,10% on your order,Discounts,NO_BARCODE,560,0,0,0,0,0,"Wave 4 — needs reorder, older range"
4603,,10 DISC on your order,Discounts,NO_BARCODE,741,0,0,0,0,0,"Wave 4 — needs reorder, older range"
4604,1054450431009,5406 Romper,Clothing,ACTIVE_UNPUBLISHED,468,262,0,1,3,688,"Wave 2 — in stock, existing range"
4605,2056653505009,"""Hello Baby"" Short-Sleeved T-Shirt",Clothing,NOT_IN_SHOPIFY,756,192,-2,1,0,0,"Wave 4 — needs reorder, older range"
4606,1067249833009,238 Romper,Clothing,NOT_IN_SHOPIFY,754,235,-4,1,0,0,"Wave 4 — needs reorder, older range"
4607,1068249492031,523 Sandal,Clothing,NOT_IN_SHOPIFY,754,437,-7,1,0,0,"Wave 4 — needs reorder, older range"
4608,2056692548006,23621 Girls Skirt,Clothing,ACTIVE_UNPUBLISHED,585,412,-7,1,0,0,"Wave 4 — needs reorder, older range"
4609,1060056335014,"""Free Your Mind And Have Fun"" Short-Sleeved T-Shirt",Clothing (Consignment),NOT_IN_SHOPIFY,756,200,-8,1,0,0,"Wave 4 — needs reorder, older range"
4610,1051785740009,Red Roses Sleeveless Romper,Clothing,NOT_IN_SHOPIFY,756,229,-9,1,0,0,"Wave 4 — needs reorder, older range"
4611,1049047204002,123157 Pants,Clothing,NOT_IN_SHOPIFY,610,291,-10,1,0,0,"Wave 4 — needs reorder, older range"
4612,1049038027006,211652 Dress,Clothing,NOT_IN_SHOPIFY,491,279,-10,1,0,0,"Wave 4 — needs reorder, older range"
4613,1060076013006,Short-Sleeved T-Shirt,Clothing (Consignment),NOT_IN_SHOPIFY,756,60,-12,1,0,0,"Wave 4 — needs reorder, older range"
4614,1054450361003,5056 Romper,Clothing,ACTIVE_UNPUBLISHED,449,294,-13,1,0,0,"Wave 4 — needs reorder, older range"
4615,1049052715005,Plain Gabardine Pants,Clothing,NOT_IN_SHOPIFY,756,365,-13,1,0,0,"Wave 4 — needs reorder, older range"
4616,1049049010010,213134 Short,Clothing,NOT_IN_SHOPIFY,755,374,-14,1,0,0,"Wave 4 — needs reorder, older range"
4617,1054453061009,5510 Onesie,Clothing,NOT_IN_SHOPIFY,533,303,-15,1,0,0,"Wave 4 — needs reorder, older range"
4618,1051269970099,[1051269970099] Hair Beads Set with Brush,Toys,NOT_IN_SHOPIFY,751,130,-15,1,0,0,"Wave 4 — needs reorder, older range"
4619,1060589332030,Colored Girls' Ballerina,Clothing,NOT_IN_SHOPIFY,756,184,-16,1,0,0,"Wave 4 — needs reorder, older range"
4620,1003950319012,25203627 Romper,Clothing,NOT_IN_SHOPIFY,419,144,-17,1,0,0,"Wave 4 — needs reorder, older range"
4621,1003915098012,25203631 Romper,Clothing,NOT_IN_SHOPIFY,496,144,-17,1,0,0,"Wave 4 — needs reorder, older range"
4622,1065550395018,Q2504 Outfit Set,Clothing,ACTIVE_UNPUBLISHED,516,361,-19,1,0,0,"Wave 4 — needs reorder, older range"
4623,1051254373099,[1051254373099] RAYA Medal Bag Stand 1x24,Toys,NOT_IN_SHOPIFY,751,43,-5,1,1,43,"Wave 2 — in stock, existing range"
4624,1054450670006,8232 Romper,Clothing,ACTIVE_UNPUBLISHED,494,400,-19,1,0,0,"Wave 4 — needs reorder, older range"
4625,1065550349012,T1197 Romper,Clothing,ACTIVE_UNPUBLISHED,516,244,-21,1,0,0,"Wave 4 — needs reorder, older range"
4626,1003952097002,24204607 Pajama,Clothing,NOT_IN_SHOPIFY,545,186,-21,1,0,0,"Wave 4 — needs reorder, older range"
4627,1023850395012,1-1717-25 Romper,Clothing,NOT_IN_SHOPIFY,560,270,-25,1,0,0,"Wave 4 — needs reorder, older range"
4628,1062086526018,"""Surf & Jam"" 2-Piece Outfit Set",Clothing,NOT_IN_SHOPIFY,756,261,-25,1,0,0,"Wave 4 — needs reorder, older range"
4629,2056653504006,"""Hello Baby"" Short-Sleeved T-Shirt",Clothing,NOT_IN_SHOPIFY,756,186,-7,1,6,1020,"Wave 2 — in stock, existing range"
4630,2056653485014,Peace Short-Sleeved T-Shirt,Clothing,NOT_IN_SHOPIFY,756,186,-27,1,0,0,"Wave 4 — needs reorder, older range"
4631,1054458771009,Ruffled Shoulders Sleeveless Romper,Clothing,NOT_IN_SHOPIFY,756,303,-29,1,0,0,"Wave 4 — needs reorder, older range"
4632,2073891281099,[20738-8851] 8851 Kids Doodle Drawing Chalkboard,Toys (Consignment),NOT_IN_SHOPIFY,272,741,-32,1,0,0,"Wave 4 — needs reorder, older range"
4633,50404.00,Gift Wrapping,Services,NOT_IN_SHOPIFY,751,264,-32,33,-10,-80,"Wave 4 — needs reorder, older range"
4634,1023817519005,1-3404-25 Pajama,Clothing,NOT_IN_SHOPIFY,524,345,-33,1,0,0,"Wave 4 — needs reorder, older range"
4635,1072012351009,518 Outfit Set,Clothing,NOT_IN_SHOPIFY,516,451,-33,1,0,0,"Wave 4 — needs reorder, older range"
4636,1054438549012,8266 Romper,Clothing,ACTIVE_UNPUBLISHED,484,696,-35,2,0,0,"Wave 4 — needs reorder, older range"
4637,1067268939190,266 CRO,Clothing,NOT_IN_SHOPIFY,754,366,-9,1,1,330,"Wave 2 — in stock, existing range"
4638,1071476150099,[10714-1207] Vacuum Candle Number 8,Various,NOT_IN_SHOPIFY,314,-25,-9,-1,2,25,"Wave 2 — in stock, existing range"
4639,1014185655030,039 Sandal,Clothing,ACTIVE_UNPUBLISHED,755,220,-41,1,0,0,"Wave 4 — needs reorder, older range"
4640,1014185651036,039 Sandal,Clothing,ACTIVE_UNPUBLISHED,755,220,-41,1,0,0,"Wave 4 — needs reorder, older range"
4641,1067935796099,Set E Grey Gold,Baby Essentials,ACTIVE_UNPUBLISHED,161,-47,-41,0,0,0,"Wave 4 — needs reorder, older range"
4642,1068374587027,Sandal 2423,Clothing,ARCHIVED,754,250,-44,1,0,0,"Wave 4 — needs reorder, older range"
4643,2056697241012,09422 Girls Short,Clothing,ACTIVE_UNPUBLISHED,57,-9,-8,0,6,4020,"Wave 1 — in stock, new arrival"
4644,1061479888016,2560985 Skirt,Clothing,NOT_IN_SHOPIFY,617,312,-11,1,1,285,"Wave 2 — in stock, existing range"
4645,1054485613004,10001 T-Shirt,Clothing,ACTIVE_UNPUBLISHED,475,236,-11,1,5,1092,"Wave 2 — in stock, existing range"
4646,2056656795006,Fuchsia 2-Piece Outfit Set,Clothing,NOT_IN_SHOPIFY,756,234,-49,1,0,0,"Wave 4 — needs reorder, older range"
4647,1065556900006,Fishy Short-Sleeved Pajama,Clothing,ACTIVE_UNPUBLISHED,756,302,-50,1,0,0,"Wave 4 — needs reorder, older range"
4648,1060014655010,Beige Short-Sleeved Polo Shirt,Clothing (Consignment),NOT_IN_SHOPIFY,756,224,-13,1,3,630,"Wave 2 — in stock, existing range"
4649,1049050280009,42188 Outfit Set,Clothing,ACTIVE_UNPUBLISHED,466,345,-13,1,1,316,"Wave 2 — in stock, existing range"
4650,1049085979011,Gabardine Shorts,Clothing,NOT_IN_SHOPIFY,756,364,-13,1,6,1995,"Wave 2 — in stock, existing range"
4651,1049085978010,Gabardine Shorts,Clothing,NOT_IN_SHOPIFY,756,364,-13,1,4,1330,"Wave 2 — in stock, existing range"
4652,2056697003010,23882 Girls Dress,Clothing,ACTIVE_UNPUBLISHED,98,2280,-10,3,7,4690,"Wave 1 — in stock, new arrival"
4653,1054453047009,7105 Onesie,Clothing,ACTIVE_UNPUBLISHED,533,292,-14,1,2,542,"Wave 2 — in stock, existing range"
4654,1069094789032,119 Sneakers,Clothing,NOT_IN_SHOPIFY,750,234,-15,1,1,220,"Wave 2 — in stock, existing range"
4655,1068380393029,2410 Sneakers,Clothing,NOT_IN_SHOPIFY,544,374,-66,1,0,0,"Wave 4 — needs reorder, older range"
4656,1024450796033,701-11a Sneakers,Clothing,NOT_IN_SHOPIFY,502,750,-66,1,-1,-724,"Wave 4 — needs reorder, older range"
4657,1003915099018,25203631 Romper,Clothing,NOT_IN_SHOPIFY,496,144,-17,1,1,143,"Wave 2 — in stock, existing range"
4658,2024030300136,[2024030300136] SY1074-11 Fish Tail Swimming Board M-M,Summer (Consignment),ACTIVE_UNPUBLISHED,484,606,-66,3,0,0,"Wave 4 — needs reorder, older range"
4659,1062450368037,L S19 Sneakers,Clothing,NOT_IN_SHOPIFY,523,431,-67,1,0,0,"Wave 4 — needs reorder, older range"
4660,1013650329002,7225 Pajama,Clothing,NOT_IN_SHOPIFY,439,315,-69,1,0,0,"Wave 4 — needs reorder, older range"
4661,1013650226002,7218 Pajama,Clothing,ACTIVE_UNPUBLISHED,481,328,-71,1,0,0,"Wave 4 — needs reorder, older range"
4662,1003932490099,24203610 Romper,Clothing,ACTIVE_UNPUBLISHED,564,156,-18,1,2,310,"Wave 2 — in stock, existing range"
4663,2056650843506,Olive Gabardine Shorts,Clothing,NOT_IN_SHOPIFY,756,236,-72,1,0,0,"Wave 4 — needs reorder, older range"
4664,0007116208104,7116 Pajama,Clothing (Consignment),NOT_IN_SHOPIFY,96,455,-56,1,0,0,"Wave 3 — needs reorder, new range"
4665,20700960099,Plush Toy - 50cm,Toys,NOT_IN_SHOPIFY,751,225,-78,1,0,0,"Wave 4 — needs reorder, older range"
4666,1054450675009,8232 Romper,Clothing,ACTIVE_UNPUBLISHED,494,400,-19,1,4,1482,"Wave 2 — in stock, existing range"
4667,1054450673003,8232 Romper,Clothing,ACTIVE_UNPUBLISHED,494,400,-19,1,1,370,"Wave 2 — in stock, existing range"
4668,1054450676012,8232 Romper,Clothing,ACTIVE_UNPUBLISHED,494,400,-19,1,6,2223,"Wave 2 — in stock, existing range"
4669,0007282014074,7282 Pajama,Clothing (Consignment),ACTIVE_UNPUBLISHED,139,651,-80,2,0,0,"Wave 4 — needs reorder, older range"
4670,1065550374012,HY517 Romper,Clothing,ACTIVE_UNPUBLISHED,516,244,-21,1,1,235,"Wave 2 — in stock, existing range"
4671,3657554218862,الضفدع الجائع ص Hungry Frogs,Toys (Consignment),ACTIVE_UNPUBLISHED,96,-296,-62,-1,0,0,"Wave 3 — needs reorder, new range"
4672,1013650339010,7225 Pajama,Clothing,NOT_IN_SHOPIFY,439,399,-87,1,0,0,"Wave 4 — needs reorder, older range"
4673,2056653533003,Joyful Short-Sleeved T-Shirt,Clothing,ACTIVE_UNPUBLISHED,756,168,-23,1,7,1190,"Wave 2 — in stock, existing range"
4674,2056653509006,"""Let's Explore"" Short-Sleeved T-Shirt",Clothing,ACTIVE_UNPUBLISHED,756,168,-23,1,12,2040,"Wave 2 — in stock, existing range"
4675,2056653519006,"""King Of My Heart"" Short-Sleeved T-Shirt",Clothing,ACTIVE_UNPUBLISHED,756,168,-23,1,9,1530,"Wave 2 — in stock, existing range"
4676,2056653523003,"""Little Girl With Big Plans"" Short-Sleeved T-Shirt",Clothing,NOT_IN_SHOPIFY,756,168,-23,1,3,510,"Wave 2 — in stock, existing range"
4677,1013650225012,7218 Pajama,Clothing,ACTIVE_UNPUBLISHED,481,433,-94,1,0,0,"Wave 4 — needs reorder, older range"
4678,1013650329012,7221 Pajama,Clothing,ACTIVE_UNPUBLISHED,455,433,-94,1,0,0,"Wave 4 — needs reorder, older range"
4679,1003915079006,25204219 Pajama,Clothing,NOT_IN_SHOPIFY,496,210,-24,1,1,208,"Wave 2 — in stock, existing range"
4680,2056654762008,Unisex White Comfy Shorts,Clothing,NOT_IN_SHOPIFY,756,272,-101,1,0,0,"Wave 4 — needs reorder, older range"
4681,1062085645009,"""Summer Time"" 2-Piece Outfit Set",Clothing,NOT_IN_SHOPIFY,756,261,-25,1,4,1018,"Wave 2 — in stock, existing range"
4682,1060014678014,Black Short-Sleeved Polo Shirt,Clothing (Consignment),NOT_IN_SHOPIFY,756,449,-26,2,4,840,"Wave 2 — in stock, existing range"
4683,1060014657014,Beige Short-Sleeved Polo Shirt,Clothing (Consignment),NOT_IN_SHOPIFY,756,449,-26,2,16,3360,"Wave 2 — in stock, existing range"
4684,50405.00,Gift Wrapping,Services,NOT_IN_SHOPIFY,751,870,-107,174,0,0,"Wave 4 — needs reorder, older range"
4685,1014173949036,888 Sandal,Clothing,NOT_IN_SHOPIFY,517,-297,-27,-1,2,468,"Wave 2 — in stock, existing range"
4686,2056653491012,Cold Puppy Short-Sleeved T-Shirt,Clothing,NOT_IN_SHOPIFY,756,173,-28,1,6,1080,"Wave 2 — in stock, existing range"
4687,1036218802006,3301 Underwear Pants,Clothing,NOT_IN_SHOPIFY,313,-81,-28,-1,1,43,"Wave 2 — in stock, existing range"
4688,2056697006006,23886 Girls Short,Clothing,ACTIVE_UNPUBLISHED,98,455,-21,1,6,2520,"Wave 1 — in stock, new arrival"
4689,1071876021014,2853 Girls Pajama,Clothing,NOT_IN_SHOPIFY,501,300,-29,1,3,876,"Wave 2 — in stock, existing range"
4690,2056692848010,23637 Unisex T-Shirt,Clothing,ACTIVE_UNPUBLISHED,519,655,-125,2,0,0,"Wave 4 — needs reorder, older range"
4691,1013650230010,7218 Pajama,Clothing,ACTIVE_UNPUBLISHED,481,370,-126,1,0,0,"Wave 4 — needs reorder, older range"
4692,1060014656012,Beige Short-Sleeved Polo Shirt,Clothing (Consignment),NOT_IN_SHOPIFY,756,202,-33,1,7,1470,"Wave 2 — in stock, existing range"
4693,1072012352010,518 Outfit Set,Clothing,NOT_IN_SHOPIFY,516,451,-33,1,2,858,"Wave 2 — in stock, existing range"
4694,2056652381010,Beige Comfy Cotton Shorts,Clothing,NOT_IN_SHOPIFY,756,338,-133,1,0,0,"Wave 4 — needs reorder, older range"
4695,2056652358012,Black Comfy Shorts,Clothing,NOT_IN_SHOPIFY,756,338,-133,1,0,0,"Wave 4 — needs reorder, older range"
4696,2056669486006,Mini Skirt,Clothing,NOT_IN_SHOPIFY,756,152,-137,1,0,0,"Wave 4 — needs reorder, older range"
4697,0007282014086,7282 Pajama,Clothing (Consignment),ACTIVE_UNPUBLISHED,139,326,-40,1,1,326,"Wave 2 — in stock, existing range"
4698,205669293603Y,23669 Unisex Outfit Set,Clothing,ACTIVE_UNPUBLISHED,514,387,-161,1,0,0,"Wave 4 — needs reorder, older range"
4699,2056619517008,Unisex Baby Crocodiles Poncho Beach Towel With Hoodie,Clothing,NOT_IN_SHOPIFY,756,807,-41,1,5,3745,"Wave 2 — in stock, existing range"
4700,2056619474010,Unisex Charcoal Doodles Poncho Beach Towel With Hoodie,Clothing,NOT_IN_SHOPIFY,756,807,-41,1,5,3745,"Wave 2 — in stock, existing range"
4701,4000785674099,68143 كرسي بيبي اولادي اكوا 18 ك,Baby Essentials,ACTIVE_UNPUBLISHED,60,-142,-125,0,0,0,"Wave 3 — needs reorder, new range"
4702,205669355112M,23775 Unisex Outfit Set,Clothing,ACTIVE_UNPUBLISHED,446,375,-171,1,0,0,"Wave 4 — needs reorder, older range"
4703,1023863243009,1-1220-25 Pajama,Clothing,NOT_IN_SHOPIFY,417,300,-44,1,5,1535,"Wave 2 — in stock, existing range"
4704,1036273402014,15 Pajama,Clothing,NOT_IN_SHOPIFY,517,-371,-45,-1,1,280,"Wave 2 — in stock, existing range"
4705,2056696117006, 23884 Girls Skirt,Clothing,ACTIVE_UNPUBLISHED,166,483,-46,1,6,2820,"Wave 2 — in stock, existing range"
4706,2056653492002,Flowery Short-Sleeved Dress,Clothing,NOT_IN_SHOPIFY,756,274,-189,1,0,0,"Wave 4 — needs reorder, older range"
4707,2056648630006,Baby Girls' Pink Comfy Shorts,Clothing,NOT_IN_SHOPIFY,756,260,-51,1,6,1674,"Wave 2 — in stock, existing range"
4708,1023850373003,1-1275-25 Onesie,Clothing,NOT_IN_SHOPIFY,560,540,-51,2,1,262,"Wave 2 — in stock, existing range"
4709,2056650661710,Navy Cargo Shorts,Clothing,ACTIVE_UNPUBLISHED,756,419,-51,1,3,1257,"Wave 2 — in stock, existing range"
4710,1014179267023,450-1 Sandal,Clothing,ACTIVE_UNPUBLISHED,755,0,-208,1,0,0,"Wave 4 — needs reorder, older range"
4711,1003932491003,24203610 Romper,Clothing,ACTIVE_UNPUBLISHED,564,468,-54,3,1,155,"Wave 2 — in stock, existing range"
4712,1004452747099,[1004452747099] Boys Backpack 16in 466161-10,School,NOT_IN_SHOPIFY,222,1800,-221,1,0,0,"Wave 4 — needs reorder, older range"
4713,2056625884006,Navy Ripped Jean Shorts,Clothing,NOT_IN_SHOPIFY,756,559,-227,2,0,0,"Wave 4 — needs reorder, older range"
4714,1060085365010,White Pantacourt Leggings,Clothing (Consignment),NOT_IN_SHOPIFY,756,57,-58,1,3,324,"Wave 2 — in stock, existing range"
4715,1071876015002,2853 Girls Pajama,Clothing,NOT_IN_SHOPIFY,501,550,-62,2,2,544,"Wave 2 — in stock, existing range"
4716,2056656867006,"""Always Exploring Outdoors"" Short-Sleeved T-Shirt",Clothing,ACTIVE_UNPUBLISHED,756,0,-259,1,0,0,"Wave 4 — needs reorder, older range"
4717,205669328803M, 23716 Girls Blouse,Clothing,ACTIVE_UNPUBLISHED,468,268,-65,1,3,900,"Wave 2 — in stock, existing range"
4718,2056689670010,Black Jean Shorts,Clothing,NOT_IN_SHOPIFY,756,333,-67,1,3,1077,"Wave 2 — in stock, existing range"
4719,0007113735092,7113 Pajama,Clothing (Consignment),ACTIVE_UNPUBLISHED,95,413,-51,1,2,826,"Wave 1 — in stock, new arrival"
4720,0007113735098,7113 Pajama,Clothing (Consignment),ACTIVE_UNPUBLISHED,95,413,-51,1,1,413,"Wave 1 — in stock, new arrival"
4721,0007116208092,7116 Pajama,Clothing (Consignment),NOT_IN_SHOPIFY,96,413,-51,1,2,826,"Wave 1 — in stock, new arrival"
4722,0007103172098,7103 Pajama,Clothing (Consignment),NOT_IN_SHOPIFY,95,413,-51,1,4,1652,"Wave 1 — in stock, new arrival"
4723,0007116062092,7116 Pajama,Clothing (Consignment),NOT_IN_SHOPIFY,96,413,-51,1,1,413,"Wave 1 — in stock, new arrival"
4724,0007103663092,7103 Pajama,Clothing (Consignment),NOT_IN_SHOPIFY,95,413,-51,1,4,1652,"Wave 1 — in stock, new arrival"
4725,0007116043092,7116 Pajama,Clothing (Consignment),NOT_IN_SHOPIFY,96,413,-51,1,3,1239,"Wave 1 — in stock, new arrival"
4726,1013650335002,7225 Pajama,Clothing,NOT_IN_SHOPIFY,439,315,-69,1,1,345,"Wave 2 — in stock, existing range"
4727,0007260016116,7260 Pajama,Clothing (Consignment),NOT_IN_SHOPIFY,29,420,-52,1,2,840,"Wave 1 — in stock, new arrival"
4728,1068385654035,24103 Sandal,Clothing,NOT_IN_SHOPIFY,754,0,-285,1,0,0,"Wave 4 — needs reorder, older range"
4729,2056689669008,Black Jean Shorts,Clothing,NOT_IN_SHOPIFY,756,327,-72,1,1,359,"Wave 2 — in stock, existing range"
4730,1070385988032,9053 Sneakers,Clothing,NOT_IN_SHOPIFY,636,0,-293,1,0,0,"Wave 4 — needs reorder, older range"
4731,1070352757035,9034 Sneakers,Clothing,NOT_IN_SHOPIFY,641,0,-293,1,0,0,"Wave 4 — needs reorder, older range"
4732,1061278251099,11-36 Skating Safety & Protection Set (6 pcs),Toys,NOT_IN_SHOPIFY,685,-209,-73,-1,3,330,"Wave 2 — in stock, existing range"
4733,1068353068027,W-2427 Half Boot,Clothing,NOT_IN_SHOPIFY,652,424,-74,1,2,894,"Wave 2 — in stock, existing range"
4734,2056650833403,Olive Gabardine Shorts,Clothing,NOT_IN_SHOPIFY,756,233,-75,1,3,837,"Wave 2 — in stock, existing range"
4735,205669278418M, 914 Unisex Short,Clothing,ACTIVE_UNPUBLISHED,525,0,-300,1,0,0,"Wave 4 — needs reorder, older range"
4736,1013650504002,7216 Pajama,Clothing,ACTIVE_UNPUBLISHED,494,344,-75,1,1,377,"Wave 2 — in stock, existing range"
4737,0007116043104,7116 Pajama,Clothing (Consignment),NOT_IN_SHOPIFY,96,455,-56,1,4,1820,"Wave 1 — in stock, new arrival"
4738,0007113735104,7113 Pajama,Clothing (Consignment),ACTIVE_UNPUBLISHED,95,455,-56,1,2,910,"Wave 1 — in stock, new arrival"
4739,0007103663104,7103 Pajama,Clothing (Consignment),NOT_IN_SHOPIFY,95,455,-56,1,3,1365,"Wave 1 — in stock, new arrival"
4740,0007113089116,7113 Pajama,Clothing (Consignment),ACTIVE_UNPUBLISHED,95,455,-56,1,2,910,"Wave 1 — in stock, new arrival"
4741,0007113735116,7113 Pajama,Clothing (Consignment),ACTIVE_UNPUBLISHED,95,455,-56,1,4,1820,"Wave 1 — in stock, new arrival"
4742,0007116485104,7116 Pajama,Clothing (Consignment),NOT_IN_SHOPIFY,96,455,-56,1,2,910,"Wave 1 — in stock, new arrival"
4743,2056695726003,Short-Sleeved T-Shirt,Clothing,NOT_IN_SHOPIFY,756,108,-76,1,3,510,"Wave 2 — in stock, existing range"
4744,1068383921032,Sneakers 2401,Clothing,NOT_IN_SHOPIFY,754,0,-310,1,0,0,"Wave 4 — needs reorder, older range"
4745,205669646606M,23890 Girls Dress,Clothing,ACTIVE_UNPUBLISHED,106,2157,-58,3,2,1300,"Wave 1 — in stock, new arrival"
4746,1013650343006,7225 Pajama,Clothing,NOT_IN_SHOPIFY,439,357,-78,1,1,391,"Wave 2 — in stock, existing range"
4747,1023280588034,1014 Sneakers,Clothing,ACTIVE_UNPUBLISHED,565,0,-316,1,0,0,"Wave 4 — needs reorder, older range"
4748,0007116043128,7116 Pajama,Clothing (Consignment),NOT_IN_SHOPIFY,96,490,-60,1,6,2940,"Wave 1 — in stock, new arrival"
4749,0007113735128,7113 Pajama,Clothing (Consignment),ACTIVE_UNPUBLISHED,95,490,-60,1,4,1960,"Wave 1 — in stock, new arrival"
4750,0007113089128,7113 Pajama,Clothing (Consignment),ACTIVE_UNPUBLISHED,95,490,-60,1,1,490,"Wave 1 — in stock, new arrival"
4751,0007116208128,7116 Pajama,Clothing (Consignment),NOT_IN_SHOPIFY,96,490,-60,1,6,2940,"Wave 1 — in stock, new arrival"
4752,1013650344008,7225 Pajama,Clothing,NOT_IN_SHOPIFY,439,378,-82,1,2,828,"Wave 2 — in stock, existing range"
4753,1013650338008,7225 Pajama,Clothing,NOT_IN_SHOPIFY,439,378,-82,1,2,828,"Wave 2 — in stock, existing range"
4754,1023274598034,1004 Sneakers,Clothing,NOT_IN_SHOPIFY,580,0,-330,1,0,0,"Wave 4 — needs reorder, older range"
4755,1023274600036,1004 Sneakers,Clothing,NOT_IN_SHOPIFY,580,0,-330,1,0,0,"Wave 4 — needs reorder, older range"
4756,2056692655008,	23630 Unisex T-shirt,Clothing,ACTIVE_UNPUBLISHED,531,303,-84,1,3,1050,"Wave 2 — in stock, existing range"
4757,2056689671012,Black Jean Shorts,Clothing,NOT_IN_SHOPIFY,756,312,-86,1,3,1077,"Wave 2 — in stock, existing range"
4758,2056656421002,Purple Ruffled Skirt,Clothing,NOT_IN_SHOPIFY,756,239,-90,1,2,598,"Wave 2 — in stock, existing range"
4759,2067036415099,1008 Car Seat - Baby Blue,Various (Consignment),ACTIVE_UNPUBLISHED,731,1794,-370,1,0,0,"Wave 4 — needs reorder, older range"
4760,1068380318031,3234 Sneakers,Clothing,NOT_IN_SHOPIFY,544,0,-394,1,0,0,"Wave 4 — needs reorder, older range"
4761,1068380320033,3234 Sneakers,Clothing,NOT_IN_SHOPIFY,544,0,-394,1,0,0,"Wave 4 — needs reorder, older range"
4762,2056697242004,09423 Girls Short,Clothing,ACTIVE_UNPUBLISHED,57,680,-74,1,6,4020,"Wave 1 — in stock, new arrival"
4763,1066648673099,642930  Lunch Bag Cats and Stars   Design,School,ACTIVE_UNPUBLISHED,49,-1310,-299,-1,0,0,"Wave 3 — needs reorder, new range"
4764,2056697060012,19451 Boys Shirt,Clothing,ACTIVE_UNPUBLISHED,92,2990,-77,3,6,5400,"Wave 1 — in stock, new arrival"
4765,1068317878035,2425 Sneakers,Clothing,NOT_IN_SHOPIFY,646,0,-421,1,0,0,"Wave 4 — needs reorder, older range"
4766,1068385090033,25104 SNEAKER,Clothing,NOT_IN_SHOPIFY,561,0,-421,1,0,0,"Wave 4 — needs reorder, older range"
4767,6222049758603,Brown Leopard Double Face Tote Bag 19 L,Summer (Consignment),ACTIVE_UNPUBLISHED,138,836,-422,1,0,0,"Wave 4 — needs reorder, older range"
4768,2056654764012,Unisex White Comfy Shorts,Clothing,NOT_IN_SHOPIFY,756,265,-107,1,5,1695,"Wave 2 — in stock, existing range"
4769,2056652350008,Coffee Comfy Shorts,Clothing,NOT_IN_SHOPIFY,756,367,-107,1,15,6435,"Wave 2 — in stock, existing range"
4770,1062450374037,L S19 Sneakers,Clothing,NOT_IN_SHOPIFY,523,0,-445,1,0,0,"Wave 4 — needs reorder, older range"
4771,1062450365034,L S19 Sneakers,Clothing,NOT_IN_SHOPIFY,523,0,-445,1,0,0,"Wave 4 — needs reorder, older range"
4772,2056654751010,Unisex Black Comfy Shorts,Clothing,ACTIVE_UNPUBLISHED,756,260,-111,1,5,1695,"Wave 2 — in stock, existing range"
4773,1070378547023,3043 Sneakers,Clothing,NOT_IN_SHOPIFY,613,-441,-115,-1,1,272,"Wave 2 — in stock, existing range"
4774,2056697033012,23887 Girls Dress,Clothing,ACTIVE_UNPUBLISHED,92,665,-87,1,6,4020,"Wave 1 — in stock, new arrival"
4775,0007113228098,7113 Pajama,Clothing (Consignment),ACTIVE_UNPUBLISHED,95,372,-87,1,1,413,"Wave 1 — in stock, new arrival"
4776,2056648649010,Black Gabardine Shorts,Clothing,NOT_IN_SHOPIFY,756,272,-121,1,13,4667,"Wave 2 — in stock, existing range"
4777,1073252841099,Sneakers 350,Clothing,NOT_IN_SHOPIFY,239,4102,-122,12,24,7440,"Wave 2 — in stock, existing range"
4778,1013650345010,7225 Pajama,Clothing,NOT_IN_SHOPIFY,439,359,-122,1,1,437,"Wave 2 — in stock, existing range"
4779,1013650333010,7225 Pajama,Clothing,NOT_IN_SHOPIFY,439,359,-122,1,1,437,"Wave 2 — in stock, existing range"
4780,2056689657008,Ripped Blue Jean Shorts,Clothing,NOT_IN_SHOPIFY,756,313,-125,1,2,798,"Wave 2 — in stock, existing range"
4781,2056689663008,Ripped Light Blue Jean Shorts,Clothing,ACTIVE_UNPUBLISHED,756,312,-126,1,4,1596,"Wave 2 — in stock, existing range"
4782,2056652356008,Black Comfy Shorts,Clothing,NOT_IN_SHOPIFY,756,346,-126,1,2,858,"Wave 2 — in stock, existing range"
4783,1003973810009,104 UnderShirt,Clothing,NOT_IN_SHOPIFY,564,-424,-126,-2,106,13034,"Wave 2 — in stock, existing range"
4784,0007116062098,7116 Pajama,Clothing (Consignment),NOT_IN_SHOPIFY,96,834,-94,2,2,826,"Wave 1 — in stock, new arrival"
4785,0007103172104,7103 Pajama,Clothing (Consignment),NOT_IN_SHOPIFY,95,410,-96,1,3,1365,"Wave 1 — in stock, new arrival"
4786,2056689658010,Ripped Blue Jean Shorts,Clothing,NOT_IN_SHOPIFY,756,307,-130,1,13,5187,"Wave 2 — in stock, existing range"
4787,2056689664010,Ripped Light Blue Jean Shorts,Clothing,ACTIVE_UNPUBLISHED,756,307,-130,1,10,3990,"Wave 2 — in stock, existing range"
4788,2056652352012,Coffee Comfy Shorts,Clothing,NOT_IN_SHOPIFY,756,338,-133,1,2,858,"Wave 2 — in stock, existing range"
4789,2056652348004,Coffee Comfy Shorts,Clothing,NOT_IN_SHOPIFY,756,302,-134,1,1,399,"Wave 2 — in stock, existing range"
4790,0007103172092,7103 Pajama,Clothing (Consignment),NOT_IN_SHOPIFY,95,826,-101,2,3,1239,"Wave 1 — in stock, new arrival"
4791,1050458541099,[1050458541099] Scooter Battery,Toys,NOT_IN_SHOPIFY,447,4500,-553,1,0,0,"Wave 4 — needs reorder, older range"
4792,1071650707009,B12351-2 Boys Shirt,Clothing,ACTIVE_UNPUBLISHED,469,298,-139,1,3,1200,"Wave 2 — in stock, existing range"
4793,6223003243999,Tank BTL SS Easy Open 450ml Navy Blue,School,ACTIVE_UNPUBLISHED,369,-610,-140,-1,2,790,"Wave 2 — in stock, existing range"
4794,1068317884031,2426 Sneakers,Clothing,NOT_IN_SHOPIFY,646,799,-140,2,2,841,"Wave 2 — in stock, existing range"
4795,205669355009M,23775 Unisex Outfit Set,Clothing,ACTIVE_UNPUBLISHED,446,409,-141,1,1,500,"Wave 2 — in stock, existing range"
4796,205669354906M,23775 Unisex Outfit Set,Clothing,ACTIVE_UNPUBLISHED,446,409,-141,1,5,2500,"Wave 2 — in stock, existing range"
4797,2056656866004,"""Always Exploring Outdoors"" Short-Sleeved T-Shirt",Clothing,ACTIVE_UNPUBLISHED,756,425,-145,2,5,1295,"Wave 2 — in stock, existing range"
4798,205669647103Y,23890 Girls Dress,Clothing,ACTIVE_UNPUBLISHED,106,1358,-109,2,8,5200,"Wave 1 — in stock, new arrival"
4799,205669647002Y,23890 Girls Dress,Clothing,ACTIVE_UNPUBLISHED,106,1358,-109,2,8,5200,"Wave 1 — in stock, new arrival"
4800,0007113228116,7113 Pajama,Clothing (Consignment),ACTIVE_UNPUBLISHED,95,910,-112,2,2,910,"Wave 1 — in stock, new arrival"
4801,0007116208116,7116 Pajama,Clothing (Consignment),NOT_IN_SHOPIFY,96,910,-112,2,4,1820,"Wave 1 — in stock, new arrival"
4802,0007103114116,7103 Pajama,Clothing (Consignment),NOT_IN_SHOPIFY,95,910,-112,2,3,1365,"Wave 1 — in stock, new arrival"
4803,1014185649034,039 Sandal,Clothing,ACTIVE_UNPUBLISHED,755,-440,-152,-1,1,234,"Wave 2 — in stock, existing range"
4804,1071650706004,B12351-2 Boys Shirt,Clothing,ACTIVE_UNPUBLISHED,469,1190,-156,3,4,1600,"Wave 2 — in stock, existing range"
4805,1066648615099,716704-4 Backpack Cats and Flowers Design 17 Inch,School,ACTIVE_UNPUBLISHED,49,-2075,-470,-1,0,0,"Wave 3 — needs reorder, new range"
4806,2056689659012,Ripped Blue Jean Shorts,Clothing,NOT_IN_SHOPIFY,756,727,-161,2,15,5985,"Wave 2 — in stock, existing range"
4807,1067256955020,203 Sandal,Clothing,NOT_IN_SHOPIFY,754,-765,-161,-1,2,1020,"Wave 2 — in stock, existing range"
4808,1068249530035,519 Sandal,Clothing,NOT_IN_SHOPIFY,754,300,-162,1,2,850,"Wave 2 — in stock, existing range"
4809,205669354803M,23775 Unisex Outfit Set,Clothing,ACTIVE_UNPUBLISHED,446,375,-171,1,2,1000,"Wave 2 — in stock, existing range"
4810,205669291603M,23671 Unisex Outfit Set,Clothing,ACTIVE_UNPUBLISHED,514,375,-171,1,1,500,"Wave 2 — in stock, existing range"
4811,2056697243006,09423 Girls Short,Clothing,ACTIVE_UNPUBLISHED,57,612,-133,1,6,4020,"Wave 1 — in stock, new arrival"
4812,2056653490010,Cold Puppy Short-Sleeved T-Shirt,Clothing,NOT_IN_SHOPIFY,756,0,-180,1,4,720,"Wave 2 — in stock, existing range"
4813,4000748737099,999W-Activity waLkers Pink 6*1,Toys,ACTIVE_UNPUBLISHED,558,-2500,-743,-1,0,0,"Wave 4 — needs reorder, older range"
4814,2056696588003,Short-Sleeved Roarsome T-Shirt,Clothing,ACTIVE_UNPUBLISHED,756,0,-190,1,7,1330,"Wave 2 — in stock, existing range"
4815,2025090100209,668-2A BABY BATH CHAIR+PILLOW(BLUE),Toys (Consignment),ACTIVE_UNPUBLISHED,231,-875,-198,-1,1,570,"Wave 2 — in stock, existing range"
4816,2056692657012,	23630 Unisex T-shirt,Clothing,ACTIVE_UNPUBLISHED,531,570,-200,2,12,4200,"Wave 2 — in stock, existing range"
4817,1055865298019,P-250375Sneakers,Clothing,ACTIVE_UNPUBLISHED,312,-610,-200,-1,1,335,"Wave 2 — in stock, existing range"
4818,1023274561027,1002 Sneakers,Clothing,NOT_IN_SHOPIFY,580,-605,-201,-1,2,660,"Wave 2 — in stock, existing range"
4819,0007103172116,7103 Pajama,Clothing (Consignment),NOT_IN_SHOPIFY,95,864,-152,2,4,1820,"Wave 1 — in stock, new arrival"
4820,0007113228092,7113 Pajama,Clothing (Consignment),ACTIVE_UNPUBLISHED,95,1239,-152,3,3,1239,"Wave 1 — in stock, new arrival"
4821,0007103663098,7103 Pajama,Clothing (Consignment),NOT_IN_SHOPIFY,95,1239,-152,3,2,826,"Wave 1 — in stock, new arrival"
4822,205669646503M,23890 Girls Dress,Clothing,ACTIVE_UNPUBLISHED,106,559,-159,1,5,3250,"Wave 1 — in stock, new arrival"
4823,2056692571012,23580 Unisex Pants,Clothing,ACTIVE_UNPUBLISHED,533,495,-216,1,1,650,"Wave 2 — in stock, existing range"
4824,1013637650010,7219 Pajama,Clothing,NOT_IN_SHOPIFY,468,781,-217,2,1,451,"Wave 2 — in stock, existing range"
4825,2056656424008,Purple Ruffled Skirt,Clothing,NOT_IN_SHOPIFY,756,768,-223,3,8,2392,"Wave 2 — in stock, existing range"
4826,0007116485116,7116 Pajama,Clothing (Consignment),NOT_IN_SHOPIFY,96,1365,-168,3,3,1365,"Wave 1 — in stock, new arrival"
4827,0007116062116,7116 Pajama,Clothing (Consignment),NOT_IN_SHOPIFY,96,1365,-168,3,2,910,"Wave 1 — in stock, new arrival"
4828,1014156072032,400-1 Sandal,Clothing,NOT_IN_SHOPIFY,550,0,-234,1,8,1870,"Wave 2 — in stock, existing range"
4829,2056697004012,23882 Girls Dress,Clothing,ACTIVE_UNPUBLISHED,98,1330,-173,2,6,4020,"Wave 1 — in stock, new arrival"
4830,6902401124726,1:24 Four-way simulation of the 2017 new Land Cruiser,Toys,NOT_IN_SHOPIFY,751,-667,-234,-1,1,351,"Wave 2 — in stock, existing range"
4831,1060096602010,Plain Gabardine Shorts,Clothing (Consignment),NOT_IN_SHOPIFY,756,0,-235,1,2,470,"Wave 2 — in stock, existing range"
4832,0007103114098,7103 Pajama,Clothing (Consignment),NOT_IN_SHOPIFY,95,1203,-183,3,2,826,"Wave 1 — in stock, new arrival"
4833,2056697057006,19451 Boys Shirt,Clothing,ACTIVE_UNPUBLISHED,92,1840,-186,2,7,6300,"Wave 1 — in stock, new arrival"
4834,2056648648008,Black Gabardine Shorts,Clothing,NOT_IN_SHOPIFY,756,526,-256,2,8,2872,"Wave 2 — in stock, existing range"
4835,2056650671812,Navy Cargo Shorts,Clothing,ACTIVE_UNPUBLISHED,756,638,-278,2,10,4190,"Wave 2 — in stock, existing range"
4836,1068317901023,2416 Half Boot,Clothing,NOT_IN_SHOPIFY,646,-799,-280,-1,3,1262,"Wave 2 — in stock, existing range"
4837,1074197252010, 4404 Pants,Clothing,NOT_IN_SHOPIFY,95,-238,-208,0,11,5709,"Wave 1 — in stock, new arrival"
4838,1070385989033,9053 Sneakers,Clothing,NOT_IN_SHOPIFY,636,0,-293,1,2,585,"Wave 2 — in stock, existing range"
4839,1052534923006,100101236 Swim Robe,Clothing,ACTIVE_UNPUBLISHED,208,-1040,-293,-1,3,1857,"Wave 2 — in stock, existing range"
4840,1068356978031,2409 Sneakers,Clothing,ACTIVE_UNPUBLISHED,754,0,-305,1,1,305,"Wave 2 — in stock, existing range"
4841,1068383922033,Sneakers 2401,Clothing,NOT_IN_SHOPIFY,754,0,-310,1,3,930,"Wave 2 — in stock, existing range"
4842,1066648632099,886103 Backpack Football Design 17 Inch,School,ACTIVE_UNPUBLISHED,49,-4218,-1000,-2,0,0,"Wave 3 — needs reorder, new range"
4843,205669646709M,23890 Girls Dress,Clothing,ACTIVE_UNPUBLISHED,106,1918,-268,3,4,2600,"Wave 1 — in stock, new arrival"
4844,1004413154099,3M شنطة تروللى مقاس 20,Various,NOT_IN_SHOPIFY,1,2912,-1086,1,0,0,"Wave 3 — needs reorder, new range"
4845,1068380408034,2409 Sneakers,Clothing,NOT_IN_SHOPIFY,544,0,-394,1,1,394,"Wave 2 — in stock, existing range"
4846,1068317865032,2431 Sneakers,Clothing,NOT_IN_SHOPIFY,646,0,-421,1,1,421,"Wave 2 — in stock, existing range"
4847,1068317863030,2431 Sneakers,Clothing,NOT_IN_SHOPIFY,646,0,-421,1,1,421,"Wave 2 — in stock, existing range"
4848,2056692656010,	23630 Unisex T-shirt,Clothing,ACTIVE_UNPUBLISHED,531,285,-450,2,8,2800,"Wave 2 — in stock, existing range"
4849,205669646812M,23890 Girls Dress,Clothing,ACTIVE_UNPUBLISHED,106,2477,-427,4,4,2600,"Wave 1 — in stock, new arrival"
4850,205669646918M,23890 Girls Dress,Clothing,ACTIVE_UNPUBLISHED,106,2477,-427,4,2,1300,"Wave 1 — in stock, new arrival"
4851,8364217982803,عجله 20 م روديكس اولادي مساعدين,Toys (Consignment),NOT_IN_SHOPIFY,112,7457,-554,2,3,10642,"Wave 1 — in stock, new arrival"
4852,1072191024099,651-9 Hoverboard 6.5 Inch,Toys,NOT_IN_SHOPIFY,293,-6145,-1618,-1,1,3772,"Wave 2 — in stock, existing range"
4853,4001785623099,08087 مرجيحه ماستيلا 4*1 رمادي غامق,Toys,ACTIVE_UNPUBLISHED,110,-5450,-1581,-1,1,3200,"Wave 1 — in stock, new arrival"
4854,5902533926879,26879 Indy3 black,Baby Essentials (Consignment),NOT_IN_SHOPIFY,83,-10000,-1772,-1,5,35000,"Wave 1 — in stock, new arrival"
